{
"SWITCHES" : {
"DCONV_ALTERNATIVE" : 2.0, 
"HUM_MODEL_MODE" : 0.0, 
"PETROMODEL_ALTERNATIVE" : 1.0, 
"FACIESMODEL_ALTERNATIVE" : 1.0, 
"FACIES_VALYSAR_SEISCOND" : 1.0, 
"FACIES_THERYS_ALT2" : 1.0
}, 
"GLOBVAR" : {
"KVKH_CHANNEL" : 0.6019376526340632, 
"KVKH_CREVASSE" : 0.18872589647130691, 
"KVKH_US" : 0.48050100802591245, 
"KVKH_LS" : 0.891096375484541, 
"FWL_CENTRAL" : 1674.224932449333, 
"FWL_NORTH_HORST" : 1656.3457350575654, 
"GOC_NORTH_HORST" : 1642.736684013516, 
"FAULT_SEAL_SCALING" : 8.321281089887355, 
"RELPERM_INT_WO" : 0.8918899289409998, 
"RELPERM_INT_GO" : -0.0406586811736408, 
"PERMREF_CHANNEL" : 1050.0, 
"PERMREF_CREAVASSE" : 100.0, 
"PERMREF_USHOREFACE" : 1200.0, 
"PERMREF_LSHOREFACE" : 40.0, 
"PERMREF_OFFSHORE" : 2.0, 
"PERMREF_FLOODPLAIN" : 1.0, 
"POROREF_CHANNEL" : 0.24, 
"POROREF_CREAVASSE" : 0.22, 
"POROREF_USHOREFACE" : 0.31, 
"POROREF_LSHOREFACE" : 0.23, 
"POROREF_OFFSHORE" : 0.1, 
"POROREF_FLOODPLAIN" : 0.13, 
"SWLHEIGHT" : 350.0, 
"SIMGRID_MINPV" : 100.0, 
"ISOTREND_ALT1W_VALYSAR" : 0.830448462347459, 
"ISOTREND_ALT1W_THERYS" : 0.9192452282700123, 
"ISOTREND_ALT1W_VOLON" : 0.5575810614735899, 
"VALYSAR_APS_PROB_CHANNEL" : 0.3597146758184328, 
"THERYS_APS_PROB_LOWSHOREFACE" : 0.20003125475585556, 
"THERYS_APS_PROB_UPSHOREFACE" : 0.26167778200695346, 
"VOLON_APS_PROB_CHANNEL" : 0.654996506039432, 
"VALYSAR_CHANNEL_AZIMUTH" : 70.0, 
"VALYSAR_CHANNEL_WIDTH" : 700.0, 
"VALYSAR_CHANNEL_VOLFRAC" : 0.6, 
"VOLON_FLOODPLAIN_AZIMUTH" : 0.0, 
"VOLON_FLOODPLAIN_VARIOGRAM_RANGE_PARALLEL" : 800.0, 
"VOLON_FLOODPLAIN_VARIOGRAM_RANGE_NORMAL" : 200.0, 
"VOLON_FLOODPLAIN_VOLFRAC" : 0.3, 
"VALYSAR_PORO_CHANNEL" : 0.27, 
"VALYSAR_PORO_CREVASSE" : 0.22, 
"THERYS_PORO_US" : 0.31, 
"THERYS_PORO_LS" : 0.23, 
"VOLON_PORO_CHANNEL" : 0.2, 
"VALYSAR_PERMH_CHANNEL" : 1000.0, 
"VALYSAR_PERMH_CREVASSE" : 100.0, 
"THERYS_PERMH_US" : 1200.0, 
"THERYS_PERMH_LS" : 40.0, 
"VOLON_PERMH_CHANNEL" : 1100.0
}, 
"LOG10_GLOBVAR" : {
"FAULT_SEAL_SCALING" : 0.920190192569467
}, 
"MULTREGT" : {
"MULT_R1_VALYSAR_THERYS" : 0.3428679955296959, 
"MULT_R1_VALYSAR_VOLON" : 0.06548089068380662, 
"MULT_R1_THERYS_VOLON" : 0.08479967394319068, 
"MULT_R2_VALYSAR_THERYS" : 2.6210538315271504e-05, 
"MULT_R2_VALYSAR_VOLON" : 0.061993280286007514, 
"MULT_R2_THERYS_VOLON" : 0.007642722723191047, 
"MULT_R3_VALYSAR_THERYS" : 1.023727700621186e-06, 
"MULT_R3_VALYSAR_VOLON" : 0.006170909967097108, 
"MULT_R3_THERYS_VOLON" : 1.2526101558321962e-05, 
"MULT_R4_VALYSAR_THERYS" : 0.007537518142008666, 
"MULT_R4_VALYSAR_VOLON" : 0.0056343108016493944, 
"MULT_R4_THERYS_VOLON" : 0.00015251007439460578, 
"MULT_R5_VALYSAR_THERYS" : 0.0025038577004225706, 
"MULT_R5_VALYSAR_VOLON" : 0.0002558538729008412, 
"MULT_R5_THERYS_VOLON" : 0.0004288558031409216, 
"MULT_R6_VALYSAR_THERYS" : 0.17456576177480007, 
"MULT_R6_VALYSAR_VOLON" : 5.918661740601383e-06, 
"MULT_R6_THERYS_VOLON" : 2.1236087608835086e-06, 
"MULT_R7_VALYSAR_THERYS" : 0.18353282265475557, 
"MULT_R7_VALYSAR_VOLON" : 1.1532790486598103e-06, 
"MULT_R7_THERYS_VOLON" : 0.027308635108919715, 
"MULT_R5_THERYS_R2_ALL" : 0.0007310051481147096, 
"MULT_R5_THERYS_R6_ALL" : 0.000710774608285667
}, 
"LOG10_MULTREGT" : {
"MULT_R1_VALYSAR_THERYS" : -0.4648730515241233, 
"MULT_R1_VALYSAR_VOLON" : -1.183885421861936, 
"MULT_R1_THERYS_VOLON" : -1.0716058176129242, 
"MULT_R2_VALYSAR_THERYS" : -4.581524059368121, 
"MULT_R2_VALYSAR_VOLON" : -1.2076553829673349, 
"MULT_R2_THERYS_VOLON" : -2.116751896266454, 
"MULT_R3_VALYSAR_THERYS" : -5.989815545160847, 
"MULT_R3_VALYSAR_VOLON" : -2.2096507898484803, 
"MULT_R3_THERYS_VOLON" : -4.90218407147552, 
"MULT_R4_VALYSAR_THERYS" : -2.1227716295496664, 
"MULT_R4_VALYSAR_VOLON" : -2.249159199998747, 
"MULT_R4_THERYS_VOLON" : -3.8167014670747426, 
"MULT_R5_VALYSAR_THERYS" : -2.601390356642651, 
"MULT_R5_VALYSAR_VOLON" : -3.5920080046573353, 
"MULT_R5_THERYS_VOLON" : -3.3676887088111678, 
"MULT_R6_VALYSAR_THERYS" : -0.7580409320530225, 
"MULT_R6_VALYSAR_VOLON" : -5.227776479826773, 
"MULT_R6_THERYS_VOLON" : -5.672925491658477, 
"MULT_R7_VALYSAR_THERYS" : -0.7362862560815131, 
"MULT_R7_VALYSAR_VOLON" : -5.938065597622552, 
"MULT_R7_THERYS_VOLON" : -1.5637000054434804, 
"MULT_R5_THERYS_R2_ALL" : -3.1360795645059727, 
"MULT_R5_THERYS_R6_ALL" : -3.14826809532705
}, 
"RATE" : {
"WWIR_MULT_20180101_A5" : 1.0, 
"WWIR_MULT_20190101_A5" : 1.0, 
"WOPR_MULT_20180101_A1" : 1.0, 
"WWPR_MULT_20180101_A1" : 1.0, 
"WGPR_MULT_20180101_A1" : 1.0
}
}