{
"SWITCHES" : {
"DCONV_ALTERNATIVE" : 2.0, 
"HUM_MODEL_MODE" : 0.0, 
"PETROMODEL_ALTERNATIVE" : 1.0, 
"FACIESMODEL_ALTERNATIVE" : 1.0, 
"FACIES_VALYSAR_SEISCOND" : 1.0, 
"FACIES_THERYS_ALT2" : 1.0
}, 
"GLOBVAR" : {
"KVKH_CHANNEL" : 0.568911973770941, 
"KVKH_CREVASSE" : 0.39113464380154883, 
"KVKH_US" : 0.4966851617484001, 
"KVKH_LS" : 0.8793330606769858, 
"FWL_CENTRAL" : 1675.9076021263609, 
"FWL_NORTH_HORST" : 1656.3371979133944, 
"GOC_NORTH_HORST" : 1642.5042846969388, 
"FAULT_SEAL_SCALING" : 0.6565444534648971, 
"RELPERM_INT_WO" : 0.9509835766823183, 
"RELPERM_INT_GO" : -0.24216813754137778, 
"PERMREF_CHANNEL" : 1050.0, 
"PERMREF_CREAVASSE" : 100.0, 
"PERMREF_USHOREFACE" : 1200.0, 
"PERMREF_LSHOREFACE" : 40.0, 
"PERMREF_OFFSHORE" : 2.0, 
"PERMREF_FLOODPLAIN" : 1.0, 
"POROREF_CHANNEL" : 0.24, 
"POROREF_CREAVASSE" : 0.22, 
"POROREF_USHOREFACE" : 0.31, 
"POROREF_LSHOREFACE" : 0.23, 
"POROREF_OFFSHORE" : 0.1, 
"POROREF_FLOODPLAIN" : 0.13, 
"SWLHEIGHT" : 350.0, 
"SIMGRID_MINPV" : 100.0, 
"ISOTREND_ALT1W_VALYSAR" : 0.8371062197998534, 
"ISOTREND_ALT1W_THERYS" : 0.8918526042383164, 
"ISOTREND_ALT1W_VOLON" : 0.45566731117997306, 
"VALYSAR_APS_PROB_CHANNEL" : 0.2549802391830558, 
"THERYS_APS_PROB_LOWSHOREFACE" : 0.29041449893760063, 
"THERYS_APS_PROB_UPSHOREFACE" : 0.2120576850717042, 
"VOLON_APS_PROB_CHANNEL" : 0.6514540995675718, 
"VALYSAR_CHANNEL_AZIMUTH" : 70.0, 
"VALYSAR_CHANNEL_WIDTH" : 700.0, 
"VALYSAR_CHANNEL_VOLFRAC" : 0.6, 
"VOLON_FLOODPLAIN_AZIMUTH" : 0.0, 
"VOLON_FLOODPLAIN_VARIOGRAM_RANGE_PARALLEL" : 800.0, 
"VOLON_FLOODPLAIN_VARIOGRAM_RANGE_NORMAL" : 200.0, 
"VOLON_FLOODPLAIN_VOLFRAC" : 0.3, 
"VALYSAR_PORO_CHANNEL" : 0.27, 
"VALYSAR_PORO_CREVASSE" : 0.22, 
"THERYS_PORO_US" : 0.31, 
"THERYS_PORO_LS" : 0.23, 
"VOLON_PORO_CHANNEL" : 0.2, 
"VALYSAR_PERMH_CHANNEL" : 1000.0, 
"VALYSAR_PERMH_CREVASSE" : 100.0, 
"THERYS_PERMH_US" : 1200.0, 
"THERYS_PERMH_LS" : 40.0, 
"VOLON_PERMH_CHANNEL" : 1100.0
}, 
"LOG10_GLOBVAR" : {
"FAULT_SEAL_SCALING" : -0.18273586326695038
}, 
"MULTREGT" : {
"MULT_R1_VALYSAR_THERYS" : 0.0038757961087531032, 
"MULT_R1_VALYSAR_VOLON" : 0.17466158500436735, 
"MULT_R1_THERYS_VOLON" : 0.00013170115511512871, 
"MULT_R2_VALYSAR_THERYS" : 3.3579126714185833e-06, 
"MULT_R2_VALYSAR_VOLON" : 2.4938660220863546e-05, 
"MULT_R2_THERYS_VOLON" : 0.0012019420487929461, 
"MULT_R3_VALYSAR_THERYS" : 9.276536682733666e-05, 
"MULT_R3_VALYSAR_VOLON" : 1.0962099009847763e-06, 
"MULT_R3_THERYS_VOLON" : 1.1185599873072004e-06, 
"MULT_R4_VALYSAR_THERYS" : 3.8156013750512395e-06, 
"MULT_R4_VALYSAR_VOLON" : 0.5736948864846473, 
"MULT_R4_THERYS_VOLON" : 0.01331697073084449, 
"MULT_R5_VALYSAR_THERYS" : 0.00045201296662452755, 
"MULT_R5_VALYSAR_VOLON" : 0.03986792468869724, 
"MULT_R5_THERYS_VOLON" : 0.0005569832447331544, 
"MULT_R6_VALYSAR_THERYS" : 0.06064109663658891, 
"MULT_R6_VALYSAR_VOLON" : 0.0009593295871945068, 
"MULT_R6_THERYS_VOLON" : 0.0004598474066333051, 
"MULT_R7_VALYSAR_THERYS" : 0.00038449072794774557, 
"MULT_R7_VALYSAR_VOLON" : 0.22143460888596783, 
"MULT_R7_THERYS_VOLON" : 3.6588390695739463e-06, 
"MULT_R5_THERYS_R2_ALL" : 0.00033724919139712555, 
"MULT_R5_THERYS_R6_ALL" : 6.380923192718395e-05
}, 
"LOG10_MULTREGT" : {
"MULT_R1_VALYSAR_THERYS" : -2.411639077641011, 
"MULT_R1_VALYSAR_VOLON" : -0.7578026030603624, 
"MULT_R1_THERYS_VOLON" : -3.8804104159423436, 
"MULT_R2_VALYSAR_THERYS" : -5.4739306026631835, 
"MULT_R2_VALYSAR_VOLON" : -4.603126881824406, 
"MULT_R2_THERYS_VOLON" : -2.920116471182001, 
"MULT_R3_VALYSAR_THERYS" : -4.03261413372881, 
"MULT_R3_VALYSAR_VOLON" : -5.960106279691628, 
"MULT_R3_THERYS_VOLON" : -5.9513407201432, 
"MULT_R4_VALYSAR_THERYS" : -5.41843700337529, 
"MULT_R4_VALYSAR_VOLON" : -0.24131902109785877, 
"MULT_R4_THERYS_VOLON" : -1.8755945547827695, 
"MULT_R5_VALYSAR_THERYS" : -3.344849106664925, 
"MULT_R5_VALYSAR_VOLON" : -1.399376370801236, 
"MULT_R5_THERYS_VOLON" : -3.254157869151913, 
"MULT_R6_VALYSAR_THERYS" : -1.2172329535021107, 
"MULT_R6_VALYSAR_VOLON" : -3.0180321610161545, 
"MULT_R6_THERYS_VOLON" : -3.337386258430026, 
"MULT_R7_VALYSAR_THERYS" : -3.4151141288136113, 
"MULT_R7_VALYSAR_VOLON" : -0.6547545005595745, 
"MULT_R7_THERYS_VOLON" : -5.436656692107552, 
"MULT_R5_THERYS_R2_ALL" : -3.4720490829375623, 
"MULT_R5_THERYS_R6_ALL" : -4.195116482956252
}, 
"RATE" : {
"WWIR_MULT_20180101_A5" : 1.0, 
"WWIR_MULT_20190101_A5" : 1.0, 
"WOPR_MULT_20180101_A1" : 1.0, 
"WWPR_MULT_20180101_A1" : 1.0, 
"WGPR_MULT_20180101_A1" : 1.0
}
}