{
"SWITCHES" : {
"DCONV_ALTERNATIVE" : 2.0, 
"HUM_MODEL_MODE" : 0.0, 
"PETROMODEL_ALTERNATIVE" : 1.0, 
"FACIESMODEL_ALTERNATIVE" : 1.0, 
"FACIES_VALYSAR_SEISCOND" : 1.0, 
"FACIES_THERYS_ALT2" : 1.0
}, 
"GLOBVAR" : {
"KVKH_CHANNEL" : 0.5424919006936892, 
"KVKH_CREVASSE" : 0.4247431417196049, 
"KVKH_US" : 0.6103632960937001, 
"KVKH_LS" : 0.5290268959340361, 
"FWL_CENTRAL" : 1676.4484474067497, 
"FWL_NORTH_HORST" : 1659.1136529872365, 
"GOC_NORTH_HORST" : 1642.4959121489633, 
"FAULT_SEAL_SCALING" : 0.15244537964285532, 
"RELPERM_INT_WO" : -0.6497138404920288, 
"RELPERM_INT_GO" : 0.7761633092776279, 
"PERMREF_CHANNEL" : 1050.0, 
"PERMREF_CREAVASSE" : 100.0, 
"PERMREF_USHOREFACE" : 1200.0, 
"PERMREF_LSHOREFACE" : 40.0, 
"PERMREF_OFFSHORE" : 2.0, 
"PERMREF_FLOODPLAIN" : 1.0, 
"POROREF_CHANNEL" : 0.24, 
"POROREF_CREAVASSE" : 0.22, 
"POROREF_USHOREFACE" : 0.31, 
"POROREF_LSHOREFACE" : 0.23, 
"POROREF_OFFSHORE" : 0.1, 
"POROREF_FLOODPLAIN" : 0.13, 
"SWLHEIGHT" : 350.0, 
"SIMGRID_MINPV" : 100.0, 
"ISOTREND_ALT1W_VALYSAR" : 0.9903328222179583, 
"ISOTREND_ALT1W_THERYS" : 0.8892573950425116, 
"ISOTREND_ALT1W_VOLON" : 0.48199846375010097, 
"VALYSAR_APS_PROB_CHANNEL" : 0.3986177390219845, 
"THERYS_APS_PROB_LOWSHOREFACE" : 0.24288173330679574, 
"THERYS_APS_PROB_UPSHOREFACE" : 0.1436602989010744, 
"VOLON_APS_PROB_CHANNEL" : 0.7057129069643868, 
"VALYSAR_CHANNEL_AZIMUTH" : 70.0, 
"VALYSAR_CHANNEL_WIDTH" : 700.0, 
"VALYSAR_CHANNEL_VOLFRAC" : 0.6, 
"VOLON_FLOODPLAIN_AZIMUTH" : 0.0, 
"VOLON_FLOODPLAIN_VARIOGRAM_RANGE_PARALLEL" : 800.0, 
"VOLON_FLOODPLAIN_VARIOGRAM_RANGE_NORMAL" : 200.0, 
"VOLON_FLOODPLAIN_VOLFRAC" : 0.3, 
"VALYSAR_PORO_CHANNEL" : 0.27, 
"VALYSAR_PORO_CREVASSE" : 0.22, 
"THERYS_PORO_US" : 0.31, 
"THERYS_PORO_LS" : 0.23, 
"VOLON_PORO_CHANNEL" : 0.2, 
"VALYSAR_PERMH_CHANNEL" : 1000.0, 
"VALYSAR_PERMH_CREVASSE" : 100.0, 
"THERYS_PERMH_US" : 1200.0, 
"THERYS_PERMH_LS" : 40.0, 
"VOLON_PERMH_CHANNEL" : 1100.0
}, 
"LOG10_GLOBVAR" : {
"FAULT_SEAL_SCALING" : -0.8168857338175921
}, 
"MULTREGT" : {
"MULT_R1_VALYSAR_THERYS" : 0.0001467268561765744, 
"MULT_R1_VALYSAR_VOLON" : 0.013726183002878034, 
"MULT_R1_THERYS_VOLON" : 0.005782274434564492, 
"MULT_R2_VALYSAR_THERYS" : 0.00014825086640106789, 
"MULT_R2_VALYSAR_VOLON" : 0.00042680307595980893, 
"MULT_R2_THERYS_VOLON" : 0.14819532212322153, 
"MULT_R3_VALYSAR_THERYS" : 0.08072575954370836, 
"MULT_R3_VALYSAR_VOLON" : 0.00014845868646680708, 
"MULT_R3_THERYS_VOLON" : 0.5431929501323529, 
"MULT_R4_VALYSAR_THERYS" : 9.366725868942625e-06, 
"MULT_R4_VALYSAR_VOLON" : 0.24454492320128626, 
"MULT_R4_THERYS_VOLON" : 1.2897619989053881e-05, 
"MULT_R5_VALYSAR_THERYS" : 1.1042300380268595e-06, 
"MULT_R5_VALYSAR_VOLON" : 4.667325068919303e-06, 
"MULT_R5_THERYS_VOLON" : 1.0647147019418973e-06, 
"MULT_R6_VALYSAR_THERYS" : 0.0020982366281582067, 
"MULT_R6_VALYSAR_VOLON" : 0.8601148988867573, 
"MULT_R6_THERYS_VOLON" : 1.6796755107644867e-06, 
"MULT_R7_VALYSAR_THERYS" : 2.6950330370986198e-05, 
"MULT_R7_VALYSAR_VOLON" : 2.358833250213705e-05, 
"MULT_R7_THERYS_VOLON" : 0.2772438789946917, 
"MULT_R5_THERYS_R2_ALL" : 0.001057819380229489, 
"MULT_R5_THERYS_R6_ALL" : 5.248207473229083e-06
}, 
"LOG10_MULTREGT" : {
"MULT_R1_VALYSAR_THERYS" : -3.8334903877121924, 
"MULT_R1_VALYSAR_VOLON" : -1.862450215221663, 
"MULT_R1_THERYS_VOLON" : -2.2379012999727617, 
"MULT_R2_VALYSAR_THERYS" : -3.8290027598719396, 
"MULT_R2_VALYSAR_VOLON" : -3.369772459286092, 
"MULT_R2_THERYS_VOLON" : -0.8291655049136106, 
"MULT_R3_VALYSAR_THERYS" : -1.092987860041498, 
"MULT_R3_VALYSAR_VOLON" : -3.8283943863183003, 
"MULT_R3_THERYS_VOLON" : -0.26504587521224826, 
"MULT_R4_VALYSAR_THERYS" : -5.028412189852962, 
"MULT_R4_VALYSAR_VOLON" : -0.6116413487844418, 
"MULT_R4_THERYS_VOLON" : -4.889490423110278, 
"MULT_R5_VALYSAR_THERYS" : -5.956940443057249, 
"MULT_R5_VALYSAR_VOLON" : -5.330931950406574, 
"MULT_R5_THERYS_VOLON" : -5.972766749005764, 
"MULT_R6_VALYSAR_THERYS" : -2.6781455359191857, 
"MULT_R6_VALYSAR_VOLON" : -0.06544352943155807, 
"MULT_R6_THERYS_VOLON" : -5.774774609640673, 
"MULT_R7_VALYSAR_THERYS" : -4.569435906639882, 
"MULT_R7_VALYSAR_VOLON" : -4.627302759017616, 
"MULT_R7_THERYS_VOLON" : -0.5571380334499443, 
"MULT_R5_THERYS_R2_ALL" : -2.9755884805675317, 
"MULT_R5_THERYS_R6_ALL" : -5.279989004673269
}, 
"RATE" : {
"WWIR_MULT_20180101_A5" : 1.0, 
"WWIR_MULT_20190101_A5" : 1.0, 
"WOPR_MULT_20180101_A1" : 1.0, 
"WWPR_MULT_20180101_A1" : 1.0, 
"WGPR_MULT_20180101_A1" : 1.0
}
}