{
"SWITCHES" : {
"DCONV_ALTERNATIVE" : 2.0, 
"HUM_MODEL_MODE" : 0.0, 
"PETROMODEL_ALTERNATIVE" : 1.0, 
"FACIESMODEL_ALTERNATIVE" : 1.0, 
"FACIES_VALYSAR_SEISCOND" : 1.0, 
"FACIES_THERYS_ALT2" : 1.0
}, 
"GLOBVAR" : {
"KVKH_CHANNEL" : 0.7964993118939268, 
"KVKH_CREVASSE" : 0.15271264008253627, 
"KVKH_US" : 0.721501344036807, 
"KVKH_LS" : 0.7350324224164252, 
"FWL_CENTRAL" : 1672.9402468055841, 
"FWL_NORTH_HORST" : 1657.1705779679983, 
"GOC_NORTH_HORST" : 1635.654644101125, 
"FAULT_SEAL_SCALING" : 6.319969073755332, 
"RELPERM_INT_WO" : 0.9568868933930708, 
"RELPERM_INT_GO" : -0.29357109793713976, 
"PERMREF_CHANNEL" : 1050.0, 
"PERMREF_CREAVASSE" : 100.0, 
"PERMREF_USHOREFACE" : 1200.0, 
"PERMREF_LSHOREFACE" : 40.0, 
"PERMREF_OFFSHORE" : 2.0, 
"PERMREF_FLOODPLAIN" : 1.0, 
"POROREF_CHANNEL" : 0.24, 
"POROREF_CREAVASSE" : 0.22, 
"POROREF_USHOREFACE" : 0.31, 
"POROREF_LSHOREFACE" : 0.23, 
"POROREF_OFFSHORE" : 0.1, 
"POROREF_FLOODPLAIN" : 0.13, 
"SWLHEIGHT" : 350.0, 
"SIMGRID_MINPV" : 100.0, 
"ISOTREND_ALT1W_VALYSAR" : 0.820555616664808, 
"ISOTREND_ALT1W_THERYS" : 0.8111972496703473, 
"ISOTREND_ALT1W_VOLON" : 0.5478651355989348, 
"VALYSAR_APS_PROB_CHANNEL" : 0.2954101005903117, 
"THERYS_APS_PROB_LOWSHOREFACE" : 0.22002522968052285, 
"THERYS_APS_PROB_UPSHOREFACE" : 0.1665416680652747, 
"VOLON_APS_PROB_CHANNEL" : 0.6738134024120013, 
"VALYSAR_CHANNEL_AZIMUTH" : 70.0, 
"VALYSAR_CHANNEL_WIDTH" : 700.0, 
"VALYSAR_CHANNEL_VOLFRAC" : 0.6, 
"VOLON_FLOODPLAIN_AZIMUTH" : 0.0, 
"VOLON_FLOODPLAIN_VARIOGRAM_RANGE_PARALLEL" : 800.0, 
"VOLON_FLOODPLAIN_VARIOGRAM_RANGE_NORMAL" : 200.0, 
"VOLON_FLOODPLAIN_VOLFRAC" : 0.3, 
"VALYSAR_PORO_CHANNEL" : 0.27, 
"VALYSAR_PORO_CREVASSE" : 0.22, 
"THERYS_PORO_US" : 0.31, 
"THERYS_PORO_LS" : 0.23, 
"VOLON_PORO_CHANNEL" : 0.2, 
"VALYSAR_PERMH_CHANNEL" : 1000.0, 
"VALYSAR_PERMH_CREVASSE" : 100.0, 
"THERYS_PERMH_US" : 1200.0, 
"THERYS_PERMH_LS" : 40.0, 
"VOLON_PERMH_CHANNEL" : 1100.0
}, 
"LOG10_GLOBVAR" : {
"FAULT_SEAL_SCALING" : 0.8007149531035451
}, 
"MULTREGT" : {
"MULT_R1_VALYSAR_THERYS" : 0.0005577979621480722, 
"MULT_R1_VALYSAR_VOLON" : 0.0004356122021743641, 
"MULT_R1_THERYS_VOLON" : 0.19591459088809693, 
"MULT_R2_VALYSAR_THERYS" : 0.5250564009815692, 
"MULT_R2_VALYSAR_VOLON" : 1.052803702897641e-06, 
"MULT_R2_THERYS_VOLON" : 0.08930333730846059, 
"MULT_R3_VALYSAR_THERYS" : 0.013444969275109093, 
"MULT_R3_VALYSAR_VOLON" : 0.16741473019891168, 
"MULT_R3_THERYS_VOLON" : 2.6363894635233775e-05, 
"MULT_R4_VALYSAR_THERYS" : 0.7611147151041174, 
"MULT_R4_VALYSAR_VOLON" : 0.0024356282130076137, 
"MULT_R4_THERYS_VOLON" : 2.3298387578888203e-05, 
"MULT_R5_VALYSAR_THERYS" : 2.5609057165573153e-05, 
"MULT_R5_VALYSAR_VOLON" : 6.796287704270248e-05, 
"MULT_R5_THERYS_VOLON" : 1.1544493359588319e-05, 
"MULT_R6_VALYSAR_THERYS" : 0.000199709319861131, 
"MULT_R6_VALYSAR_VOLON" : 0.008229917194877971, 
"MULT_R6_THERYS_VOLON" : 0.006416786444111735, 
"MULT_R7_VALYSAR_THERYS" : 0.046375820428989994, 
"MULT_R7_VALYSAR_VOLON" : 0.012688879317567629, 
"MULT_R7_THERYS_VOLON" : 0.0002583582255985248, 
"MULT_R5_THERYS_R2_ALL" : 0.004509028534197195, 
"MULT_R5_THERYS_R6_ALL" : 5.7902756919137945e-05
}, 
"LOG10_MULTREGT" : {
"MULT_R1_VALYSAR_THERYS" : -3.2535230767129657, 
"MULT_R1_VALYSAR_VOLON" : -3.3608999634829027, 
"MULT_R1_THERYS_VOLON" : -0.7079332183890622, 
"MULT_R2_VALYSAR_THERYS" : -0.27979404265227364, 
"MULT_R2_VALYSAR_VOLON" : -5.9776525962365925, 
"MULT_R2_THERYS_VOLON" : -1.049132311015523, 
"MULT_R3_VALYSAR_THERYS" : -1.8714401859037382, 
"MULT_R3_VALYSAR_VOLON" : -0.7762063327067875, 
"MULT_R3_THERYS_VOLON" : -4.578990432710365, 
"MULT_R4_VALYSAR_THERYS" : -0.11854988149213612, 
"MULT_R4_VALYSAR_VOLON" : -2.6133890039546146, 
"MULT_R4_THERYS_VOLON" : -4.6326741343311735, 
"MULT_R5_VALYSAR_THERYS" : -4.591606410415849, 
"MULT_R5_VALYSAR_VOLON" : -4.167728244615785, 
"MULT_R5_THERYS_VOLON" : -4.937625121730188, 
"MULT_R6_VALYSAR_THERYS" : -3.6996016673785923, 
"MULT_R6_VALYSAR_VOLON" : -2.08460453440966, 
"MULT_R6_THERYS_VOLON" : -2.1926824141429946, 
"MULT_R7_VALYSAR_THERYS" : -1.3337083942581605, 
"MULT_R7_VALYSAR_VOLON" : -1.8965767331211083, 
"MULT_R7_THERYS_VOLON" : -3.5877777068484096, 
"MULT_R5_THERYS_R2_ALL" : -2.3459170163667102, 
"MULT_R5_THERYS_R6_ALL" : -4.237300757753316
}, 
"RATE" : {
"WWIR_MULT_20180101_A5" : 1.0, 
"WWIR_MULT_20190101_A5" : 1.0, 
"WOPR_MULT_20180101_A1" : 1.0, 
"WWPR_MULT_20180101_A1" : 1.0, 
"WGPR_MULT_20180101_A1" : 1.0
}
}