{
"SWITCHES" : {
"DCONV_ALTERNATIVE" : 2.0, 
"HUM_MODEL_MODE" : 0.0, 
"PETROMODEL_ALTERNATIVE" : 1.0, 
"FACIESMODEL_ALTERNATIVE" : 1.0, 
"FACIES_VALYSAR_SEISCOND" : 1.0, 
"FACIES_THERYS_ALT2" : 1.0
}, 
"GLOBVAR" : {
"KVKH_CHANNEL" : 0.6680997280849181, 
"KVKH_CREVASSE" : 0.49273088024759526, 
"KVKH_US" : 0.5977022748555312, 
"KVKH_LS" : 0.54662054871546, 
"FWL_CENTRAL" : 1673.3841660001406, 
"FWL_NORTH_HORST" : 1661.604329086812, 
"GOC_NORTH_HORST" : 1636.4017635802627, 
"FAULT_SEAL_SCALING" : 0.2666725892512597, 
"RELPERM_INT_WO" : -0.27875647815836535, 
"RELPERM_INT_GO" : 0.8271248694389461, 
"PERMREF_CHANNEL" : 1050.0, 
"PERMREF_CREAVASSE" : 100.0, 
"PERMREF_USHOREFACE" : 1200.0, 
"PERMREF_LSHOREFACE" : 40.0, 
"PERMREF_OFFSHORE" : 2.0, 
"PERMREF_FLOODPLAIN" : 1.0, 
"POROREF_CHANNEL" : 0.24, 
"POROREF_CREAVASSE" : 0.22, 
"POROREF_USHOREFACE" : 0.31, 
"POROREF_LSHOREFACE" : 0.23, 
"POROREF_OFFSHORE" : 0.1, 
"POROREF_FLOODPLAIN" : 0.13, 
"SWLHEIGHT" : 350.0, 
"SIMGRID_MINPV" : 100.0, 
"ISOTREND_ALT1W_VALYSAR" : 0.9914836617072696, 
"ISOTREND_ALT1W_THERYS" : 0.8686860755638601, 
"ISOTREND_ALT1W_VOLON" : 0.5864469598475734, 
"VALYSAR_APS_PROB_CHANNEL" : 0.38480404371736754, 
"THERYS_APS_PROB_LOWSHOREFACE" : 0.3276978990265633, 
"THERYS_APS_PROB_UPSHOREFACE" : 0.29753561324567435, 
"VOLON_APS_PROB_CHANNEL" : 0.6280730130392896, 
"VALYSAR_CHANNEL_AZIMUTH" : 70.0, 
"VALYSAR_CHANNEL_WIDTH" : 700.0, 
"VALYSAR_CHANNEL_VOLFRAC" : 0.6, 
"VOLON_FLOODPLAIN_AZIMUTH" : 0.0, 
"VOLON_FLOODPLAIN_VARIOGRAM_RANGE_PARALLEL" : 800.0, 
"VOLON_FLOODPLAIN_VARIOGRAM_RANGE_NORMAL" : 200.0, 
"VOLON_FLOODPLAIN_VOLFRAC" : 0.3, 
"VALYSAR_PORO_CHANNEL" : 0.27, 
"VALYSAR_PORO_CREVASSE" : 0.22, 
"THERYS_PORO_US" : 0.31, 
"THERYS_PORO_LS" : 0.23, 
"VOLON_PORO_CHANNEL" : 0.2, 
"VALYSAR_PERMH_CHANNEL" : 1000.0, 
"VALYSAR_PERMH_CREVASSE" : 100.0, 
"THERYS_PERMH_US" : 1200.0, 
"THERYS_PERMH_LS" : 40.0, 
"VOLON_PERMH_CHANNEL" : 1100.0
}, 
"LOG10_GLOBVAR" : {
"FAULT_SEAL_SCALING" : -0.5740216222880519
}, 
"MULTREGT" : {
"MULT_R1_VALYSAR_THERYS" : 0.0007673792322143812, 
"MULT_R1_VALYSAR_VOLON" : 0.004401380199982589, 
"MULT_R1_THERYS_VOLON" : 0.22616120651605479, 
"MULT_R2_VALYSAR_THERYS" : 0.24063166262393493, 
"MULT_R2_VALYSAR_VOLON" : 2.990597575659583e-06, 
"MULT_R2_THERYS_VOLON" : 0.00014990334061085314, 
"MULT_R3_VALYSAR_THERYS" : 9.760673858818448e-05, 
"MULT_R3_VALYSAR_VOLON" : 0.11925432185096245, 
"MULT_R3_THERYS_VOLON" : 4.155274251253807e-05, 
"MULT_R4_VALYSAR_THERYS" : 0.0059876156089943835, 
"MULT_R4_VALYSAR_VOLON" : 0.46513268662480334, 
"MULT_R4_THERYS_VOLON" : 8.98778730102237e-06, 
"MULT_R5_VALYSAR_THERYS" : 5.666115365988813e-05, 
"MULT_R5_VALYSAR_VOLON" : 0.009435463133968222, 
"MULT_R5_THERYS_VOLON" : 9.051394908568664e-06, 
"MULT_R6_VALYSAR_THERYS" : 3.727424262822327e-05, 
"MULT_R6_VALYSAR_VOLON" : 4.481528429097307e-05, 
"MULT_R6_THERYS_VOLON" : 0.019930319194476423, 
"MULT_R7_VALYSAR_THERYS" : 0.27569607481855035, 
"MULT_R7_VALYSAR_VOLON" : 0.00380429154613526, 
"MULT_R7_THERYS_VOLON" : 7.090370233763256e-06, 
"MULT_R5_THERYS_R2_ALL" : 7.873430825821227e-06, 
"MULT_R5_THERYS_R6_ALL" : 1.4165866975994655e-05
}, 
"LOG10_MULTREGT" : {
"MULT_R1_VALYSAR_THERYS" : -3.1149899584042395, 
"MULT_R1_VALYSAR_VOLON" : -2.356411114594835, 
"MULT_R1_THERYS_VOLON" : -0.6455818876549568, 
"MULT_R2_VALYSAR_THERYS" : -0.6186472282092368, 
"MULT_R2_VALYSAR_VOLON" : -5.524242023086618, 
"MULT_R2_THERYS_VOLON" : -3.824188688748159, 
"MULT_R3_VALYSAR_THERYS" : -4.010520198412808, 
"MULT_R3_VALYSAR_VOLON" : -0.9235258728998974, 
"MULT_R3_THERYS_VOLON" : -4.381400307168543, 
"MULT_R4_VALYSAR_THERYS" : -2.2227460881304317, 
"MULT_R4_VALYSAR_VOLON" : -0.3324231399080006, 
"MULT_R4_THERYS_VOLON" : -5.046347213854745, 
"MULT_R5_VALYSAR_THERYS" : -4.2467145871925185, 
"MULT_R5_VALYSAR_VOLON" : -2.0252367778954072, 
"MULT_R5_THERYS_VOLON" : -5.043284486605648, 
"MULT_R6_VALYSAR_THERYS" : -4.428591172173426, 
"MULT_R6_VALYSAR_VOLON" : -4.348573844234605, 
"MULT_R6_THERYS_VOLON" : -1.7004857457907472, 
"MULT_R7_VALYSAR_THERYS" : -0.5595694170526561, 
"MULT_R7_VALYSAR_VOLON" : -2.4197262078161357, 
"MULT_R7_THERYS_VOLON" : -5.149331086920971, 
"MULT_R5_THERYS_R2_ALL" : -5.103835983772305, 
"MULT_R5_THERYS_R6_ALL" : -4.848756840743384
}, 
"RATE" : {
"WWIR_MULT_20180101_A5" : 1.0, 
"WWIR_MULT_20190101_A5" : 1.0, 
"WOPR_MULT_20180101_A1" : 1.0, 
"WWPR_MULT_20180101_A1" : 1.0, 
"WGPR_MULT_20180101_A1" : 1.0
}
}