{
"SWITCHES" : {
"DCONV_ALTERNATIVE" : 2.0, 
"HUM_MODEL_MODE" : 0.0, 
"PETROMODEL_ALTERNATIVE" : 1.0, 
"FACIESMODEL_ALTERNATIVE" : 1.0, 
"FACIES_VALYSAR_SEISCOND" : 1.0, 
"FACIES_THERYS_ALT2" : 1.0
}, 
"GLOBVAR" : {
"KVKH_CHANNEL" : 0.5312924328447137, 
"KVKH_CREVASSE" : 0.44070573352848086, 
"KVKH_US" : 0.4077332031340575, 
"KVKH_LS" : 0.5747641044419052, 
"FWL_CENTRAL" : 1678.5526197541865, 
"FWL_NORTH_HORST" : 1661.0317150110288, 
"GOC_NORTH_HORST" : 1643.7808061107937, 
"FAULT_SEAL_SCALING" : 0.2398696525563664, 
"RELPERM_INT_WO" : -0.39375047249618356, 
"RELPERM_INT_GO" : 0.44267957542641123, 
"PERMREF_CHANNEL" : 1050.0, 
"PERMREF_CREAVASSE" : 100.0, 
"PERMREF_USHOREFACE" : 1200.0, 
"PERMREF_LSHOREFACE" : 40.0, 
"PERMREF_OFFSHORE" : 2.0, 
"PERMREF_FLOODPLAIN" : 1.0, 
"POROREF_CHANNEL" : 0.24, 
"POROREF_CREAVASSE" : 0.22, 
"POROREF_USHOREFACE" : 0.31, 
"POROREF_LSHOREFACE" : 0.23, 
"POROREF_OFFSHORE" : 0.1, 
"POROREF_FLOODPLAIN" : 0.13, 
"SWLHEIGHT" : 350.0, 
"SIMGRID_MINPV" : 100.0, 
"ISOTREND_ALT1W_VALYSAR" : 0.882790465796165, 
"ISOTREND_ALT1W_THERYS" : 0.9541482200368558, 
"ISOTREND_ALT1W_VOLON" : 0.5049466157981222, 
"VALYSAR_APS_PROB_CHANNEL" : 0.3280469615406665, 
"THERYS_APS_PROB_LOWSHOREFACE" : 0.20687412455219398, 
"THERYS_APS_PROB_UPSHOREFACE" : 0.12572412881920894, 
"VOLON_APS_PROB_CHANNEL" : 0.5218178810552205, 
"VALYSAR_CHANNEL_AZIMUTH" : 70.0, 
"VALYSAR_CHANNEL_WIDTH" : 700.0, 
"VALYSAR_CHANNEL_VOLFRAC" : 0.6, 
"VOLON_FLOODPLAIN_AZIMUTH" : 0.0, 
"VOLON_FLOODPLAIN_VARIOGRAM_RANGE_PARALLEL" : 800.0, 
"VOLON_FLOODPLAIN_VARIOGRAM_RANGE_NORMAL" : 200.0, 
"VOLON_FLOODPLAIN_VOLFRAC" : 0.3, 
"VALYSAR_PORO_CHANNEL" : 0.27, 
"VALYSAR_PORO_CREVASSE" : 0.22, 
"THERYS_PORO_US" : 0.31, 
"THERYS_PORO_LS" : 0.23, 
"VOLON_PORO_CHANNEL" : 0.2, 
"VALYSAR_PERMH_CHANNEL" : 1000.0, 
"VALYSAR_PERMH_CREVASSE" : 100.0, 
"THERYS_PERMH_US" : 1200.0, 
"THERYS_PERMH_LS" : 40.0, 
"VOLON_PERMH_CHANNEL" : 1100.0
}, 
"LOG10_GLOBVAR" : {
"FAULT_SEAL_SCALING" : -0.6200246939287953
}, 
"MULTREGT" : {
"MULT_R1_VALYSAR_THERYS" : 0.000380602805853207, 
"MULT_R1_VALYSAR_VOLON" : 0.014529042073319723, 
"MULT_R1_THERYS_VOLON" : 3.7810029549198875e-05, 
"MULT_R2_VALYSAR_THERYS" : 0.012395736261145282, 
"MULT_R2_VALYSAR_VOLON" : 0.1684987775950466, 
"MULT_R2_THERYS_VOLON" : 0.012544147271383383, 
"MULT_R3_VALYSAR_THERYS" : 7.123180593878243e-06, 
"MULT_R3_VALYSAR_VOLON" : 0.00017316952654660835, 
"MULT_R3_THERYS_VOLON" : 7.808706410419022e-06, 
"MULT_R4_VALYSAR_THERYS" : 0.3002093959004901, 
"MULT_R4_VALYSAR_VOLON" : 0.6305155731415648, 
"MULT_R4_THERYS_VOLON" : 3.489153259893531e-05, 
"MULT_R5_VALYSAR_THERYS" : 0.00019630736148516778, 
"MULT_R5_VALYSAR_VOLON" : 0.008164861596828703, 
"MULT_R5_THERYS_VOLON" : 7.829082919513433e-06, 
"MULT_R6_VALYSAR_THERYS" : 0.5866686986172983, 
"MULT_R6_VALYSAR_VOLON" : 2.581798536740166e-06, 
"MULT_R6_THERYS_VOLON" : 0.025088545775761417, 
"MULT_R7_VALYSAR_THERYS" : 0.00026117745491959806, 
"MULT_R7_VALYSAR_VOLON" : 3.297822113468417e-05, 
"MULT_R7_THERYS_VOLON" : 0.008671992140160392, 
"MULT_R5_THERYS_R2_ALL" : 0.000319003609492882, 
"MULT_R5_THERYS_R6_ALL" : 1.8277675466833357e-06
}, 
"LOG10_MULTREGT" : {
"MULT_R1_VALYSAR_THERYS" : -3.4195280143619957, 
"MULT_R1_VALYSAR_VOLON" : -1.8377630185984388, 
"MULT_R1_THERYS_VOLON" : -4.422392983228604, 
"MULT_R2_VALYSAR_THERYS" : -1.9067276726350593, 
"MULT_R2_VALYSAR_VOLON" : -0.7734032454493286, 
"MULT_R2_THERYS_VOLON" : -1.901558855905356, 
"MULT_R3_VALYSAR_THERYS" : -5.147326044855129, 
"MULT_R3_VALYSAR_VOLON" : -3.7615285304309616, 
"MULT_R3_THERYS_VOLON" : -5.107420905347804, 
"MULT_R4_VALYSAR_THERYS" : -0.5225757194082782, 
"MULT_R4_VALYSAR_VOLON" : -0.20030418229324234, 
"MULT_R4_THERYS_VOLON" : -4.45727995389261, 
"MULT_R5_VALYSAR_THERYS" : -3.7070634141420116, 
"MULT_R5_VALYSAR_VOLON" : -2.088051172622722, 
"MULT_R5_THERYS_VOLON" : -5.106289107203977, 
"MULT_R6_VALYSAR_THERYS" : -0.23160708270650365, 
"MULT_R6_VALYSAR_VOLON" : -5.58807764967442, 
"MULT_R6_THERYS_VOLON" : -1.6005245112587543, 
"MULT_R7_VALYSAR_THERYS" : -3.5830643144819305, 
"MULT_R7_VALYSAR_VOLON" : -4.481772774168343, 
"MULT_R7_THERYS_VOLON" : -2.0618811244272885, 
"MULT_R5_THERYS_R2_ALL" : -3.4962044029178263, 
"MULT_R5_THERYS_R6_ALL" : -5.7380790381492375
}, 
"RATE" : {
"WWIR_MULT_20180101_A5" : 1.0, 
"WWIR_MULT_20190101_A5" : 1.0, 
"WOPR_MULT_20180101_A1" : 1.0, 
"WWPR_MULT_20180101_A1" : 1.0, 
"WGPR_MULT_20180101_A1" : 1.0
}
}