{
"SWITCHES" : {
"DCONV_ALTERNATIVE" : 2.0, 
"HUM_MODEL_MODE" : 0.0, 
"PETROMODEL_ALTERNATIVE" : 1.0, 
"FACIESMODEL_ALTERNATIVE" : 1.0, 
"FACIES_VALYSAR_SEISCOND" : 1.0, 
"FACIES_THERYS_ALT2" : 1.0
}, 
"GLOBVAR" : {
"KVKH_CHANNEL" : 0.6529315686076276, 
"KVKH_CREVASSE" : 0.338807750965495, 
"KVKH_US" : 0.5312472060983852, 
"KVKH_LS" : 0.6508735152874603, 
"FWL_CENTRAL" : 1676.885952196433, 
"FWL_NORTH_HORST" : 1657.062709332756, 
"GOC_NORTH_HORST" : 1642.5782899385938, 
"FAULT_SEAL_SCALING" : 0.10060260956371303, 
"RELPERM_INT_WO" : 0.6818782551194982, 
"RELPERM_INT_GO" : 0.6006219048415915, 
"PERMREF_CHANNEL" : 1050.0, 
"PERMREF_CREAVASSE" : 100.0, 
"PERMREF_USHOREFACE" : 1200.0, 
"PERMREF_LSHOREFACE" : 40.0, 
"PERMREF_OFFSHORE" : 2.0, 
"PERMREF_FLOODPLAIN" : 1.0, 
"POROREF_CHANNEL" : 0.24, 
"POROREF_CREAVASSE" : 0.22, 
"POROREF_USHOREFACE" : 0.31, 
"POROREF_LSHOREFACE" : 0.23, 
"POROREF_OFFSHORE" : 0.1, 
"POROREF_FLOODPLAIN" : 0.13, 
"SWLHEIGHT" : 350.0, 
"SIMGRID_MINPV" : 100.0, 
"ISOTREND_ALT1W_VALYSAR" : 0.972408166827813, 
"ISOTREND_ALT1W_THERYS" : 0.8862618594941156, 
"ISOTREND_ALT1W_VOLON" : 0.5102668658396956, 
"VALYSAR_APS_PROB_CHANNEL" : 0.39956787256089277, 
"THERYS_APS_PROB_LOWSHOREFACE" : 0.2953624891597289, 
"THERYS_APS_PROB_UPSHOREFACE" : 0.21619261897357486, 
"VOLON_APS_PROB_CHANNEL" : 0.5841259293974633, 
"VALYSAR_CHANNEL_AZIMUTH" : 70.0, 
"VALYSAR_CHANNEL_WIDTH" : 700.0, 
"VALYSAR_CHANNEL_VOLFRAC" : 0.6, 
"VOLON_FLOODPLAIN_AZIMUTH" : 0.0, 
"VOLON_FLOODPLAIN_VARIOGRAM_RANGE_PARALLEL" : 800.0, 
"VOLON_FLOODPLAIN_VARIOGRAM_RANGE_NORMAL" : 200.0, 
"VOLON_FLOODPLAIN_VOLFRAC" : 0.3, 
"VALYSAR_PORO_CHANNEL" : 0.27, 
"VALYSAR_PORO_CREVASSE" : 0.22, 
"THERYS_PORO_US" : 0.31, 
"THERYS_PORO_LS" : 0.23, 
"VOLON_PORO_CHANNEL" : 0.2, 
"VALYSAR_PERMH_CHANNEL" : 1000.0, 
"VALYSAR_PERMH_CREVASSE" : 100.0, 
"THERYS_PERMH_US" : 1200.0, 
"THERYS_PERMH_LS" : 40.0, 
"VOLON_PERMH_CHANNEL" : 1100.0
}, 
"LOG10_GLOBVAR" : {
"FAULT_SEAL_SCALING" : -0.9973907538285819
}, 
"MULTREGT" : {
"MULT_R1_VALYSAR_THERYS" : 0.02119244075626356, 
"MULT_R1_VALYSAR_VOLON" : 0.030800544944248633, 
"MULT_R1_THERYS_VOLON" : 3.2698045401331747e-06, 
"MULT_R2_VALYSAR_THERYS" : 0.012836728764672815, 
"MULT_R2_VALYSAR_VOLON" : 0.000594011446431412, 
"MULT_R2_THERYS_VOLON" : 0.24592695328946096, 
"MULT_R3_VALYSAR_THERYS" : 0.06808440466401032, 
"MULT_R3_VALYSAR_VOLON" : 2.1853531874692044e-05, 
"MULT_R3_THERYS_VOLON" : 5.0171718515583956e-05, 
"MULT_R4_VALYSAR_THERYS" : 0.005376199536305808, 
"MULT_R4_VALYSAR_VOLON" : 0.07605405678376187, 
"MULT_R4_THERYS_VOLON" : 2.0702615300814332e-06, 
"MULT_R5_VALYSAR_THERYS" : 2.694663086978336e-06, 
"MULT_R5_VALYSAR_VOLON" : 0.0729200190667995, 
"MULT_R5_THERYS_VOLON" : 7.764770861615253e-06, 
"MULT_R6_VALYSAR_THERYS" : 0.01021189272164016, 
"MULT_R6_VALYSAR_VOLON" : 0.0005599143386493389, 
"MULT_R6_THERYS_VOLON" : 0.011249658806045379, 
"MULT_R7_VALYSAR_THERYS" : 0.0015908768031467095, 
"MULT_R7_VALYSAR_VOLON" : 0.8050822968894976, 
"MULT_R7_THERYS_VOLON" : 1.1265611675290506e-05, 
"MULT_R5_THERYS_R2_ALL" : 0.00039488779053460237, 
"MULT_R5_THERYS_R6_ALL" : 2.5362083428228812e-05
}, 
"LOG10_MULTREGT" : {
"MULT_R1_VALYSAR_THERYS" : -1.6738190222446787, 
"MULT_R1_VALYSAR_VOLON" : -1.511441599597397, 
"MULT_R1_THERYS_VOLON" : -5.485478207486106, 
"MULT_R2_VALYSAR_THERYS" : -1.8915456351811033, 
"MULT_R2_VALYSAR_VOLON" : -3.2262051862071845, 
"MULT_R2_THERYS_VOLON" : -0.6091938705154698, 
"MULT_R3_VALYSAR_THERYS" : -1.166952355693804, 
"MULT_R3_VALYSAR_VOLON" : -4.660478364197734, 
"MULT_R3_THERYS_VOLON" : -4.299541022969598, 
"MULT_R4_VALYSAR_THERYS" : -2.2695246209236513, 
"MULT_R4_VALYSAR_VOLON" : -1.1188776153807094, 
"MULT_R4_THERYS_VOLON" : -5.683974787926302, 
"MULT_R5_VALYSAR_THERYS" : -5.569495526808578, 
"MULT_R5_VALYSAR_VOLON" : -1.1371532264596733, 
"MULT_R5_THERYS_VOLON" : -5.109871355776297, 
"MULT_R6_VALYSAR_THERYS" : -1.990893756210563, 
"MULT_R6_VALYSAR_VOLON" : -3.251878410667991, 
"MULT_R6_THERYS_VOLON" : -1.9488606491880678, 
"MULT_R7_VALYSAR_THERYS" : -2.7983634506395094, 
"MULT_R7_VALYSAR_VOLON" : -0.09415972303813527, 
"MULT_R7_THERYS_VOLON" : -4.948245222937798, 
"MULT_R5_THERYS_R2_ALL" : -3.4035262939297555, 
"MULT_R5_THERYS_R6_ALL" : -4.595815073179191
}, 
"RATE" : {
"WWIR_MULT_20180101_A5" : 1.0, 
"WWIR_MULT_20190101_A5" : 1.0, 
"WOPR_MULT_20180101_A1" : 1.0, 
"WWPR_MULT_20180101_A1" : 1.0, 
"WGPR_MULT_20180101_A1" : 1.0
}
}