{
"SWITCHES" : {
"DCONV_ALTERNATIVE" : 2.0, 
"HUM_MODEL_MODE" : 0.0, 
"PETROMODEL_ALTERNATIVE" : 1.0, 
"FACIESMODEL_ALTERNATIVE" : 1.0, 
"FACIES_VALYSAR_SEISCOND" : 1.0, 
"FACIES_THERYS_ALT2" : 1.0
}, 
"GLOBVAR" : {
"KVKH_CHANNEL" : 0.40305639195902193, 
"KVKH_CREVASSE" : 0.4045785111410942, 
"KVKH_US" : 0.40355265263921064, 
"KVKH_LS" : 0.7262172578165439, 
"FWL_CENTRAL" : 1675.807638146588, 
"FWL_NORTH_HORST" : 1661.537804278057, 
"GOC_NORTH_HORST" : 1641.034736183463, 
"FAULT_SEAL_SCALING" : 0.6217619905216818, 
"RELPERM_INT_WO" : -0.04269629054284252, 
"RELPERM_INT_GO" : -0.7444124469445342, 
"PERMREF_CHANNEL" : 1050.0, 
"PERMREF_CREAVASSE" : 100.0, 
"PERMREF_USHOREFACE" : 1200.0, 
"PERMREF_LSHOREFACE" : 40.0, 
"PERMREF_OFFSHORE" : 2.0, 
"PERMREF_FLOODPLAIN" : 1.0, 
"POROREF_CHANNEL" : 0.24, 
"POROREF_CREAVASSE" : 0.22, 
"POROREF_USHOREFACE" : 0.31, 
"POROREF_LSHOREFACE" : 0.23, 
"POROREF_OFFSHORE" : 0.1, 
"POROREF_FLOODPLAIN" : 0.13, 
"SWLHEIGHT" : 350.0, 
"SIMGRID_MINPV" : 100.0, 
"ISOTREND_ALT1W_VALYSAR" : 0.9175918983387071, 
"ISOTREND_ALT1W_THERYS" : 0.9897063843902807, 
"ISOTREND_ALT1W_VOLON" : 0.4410909012215709, 
"VALYSAR_APS_PROB_CHANNEL" : 0.27971605767749097, 
"THERYS_APS_PROB_LOWSHOREFACE" : 0.36893624408432496, 
"THERYS_APS_PROB_UPSHOREFACE" : 0.16982617450719278, 
"VOLON_APS_PROB_CHANNEL" : 0.6033584783783057, 
"VALYSAR_CHANNEL_AZIMUTH" : 70.0, 
"VALYSAR_CHANNEL_WIDTH" : 700.0, 
"VALYSAR_CHANNEL_VOLFRAC" : 0.6, 
"VOLON_FLOODPLAIN_AZIMUTH" : 0.0, 
"VOLON_FLOODPLAIN_VARIOGRAM_RANGE_PARALLEL" : 800.0, 
"VOLON_FLOODPLAIN_VARIOGRAM_RANGE_NORMAL" : 200.0, 
"VOLON_FLOODPLAIN_VOLFRAC" : 0.3, 
"VALYSAR_PORO_CHANNEL" : 0.27, 
"VALYSAR_PORO_CREVASSE" : 0.22, 
"THERYS_PORO_US" : 0.31, 
"THERYS_PORO_LS" : 0.23, 
"VOLON_PORO_CHANNEL" : 0.2, 
"VALYSAR_PERMH_CHANNEL" : 1000.0, 
"VALYSAR_PERMH_CREVASSE" : 100.0, 
"THERYS_PERMH_US" : 1200.0, 
"THERYS_PERMH_LS" : 40.0, 
"VOLON_PERMH_CHANNEL" : 1100.0
}, 
"LOG10_GLOBVAR" : {
"FAULT_SEAL_SCALING" : -0.2063758307187592
}, 
"MULTREGT" : {
"MULT_R1_VALYSAR_THERYS" : 0.5672738022917625, 
"MULT_R1_VALYSAR_VOLON" : 0.00014547052019057833, 
"MULT_R1_THERYS_VOLON" : 4.1568287154248736e-05, 
"MULT_R2_VALYSAR_THERYS" : 0.01603669184663645, 
"MULT_R2_VALYSAR_VOLON" : 0.5235489528433559, 
"MULT_R2_THERYS_VOLON" : 0.00029924440329101565, 
"MULT_R3_VALYSAR_THERYS" : 0.0006492349218654271, 
"MULT_R3_VALYSAR_VOLON" : 2.4913565662387178e-06, 
"MULT_R3_THERYS_VOLON" : 1.6444803053295302e-06, 
"MULT_R4_VALYSAR_THERYS" : 0.425409209330937, 
"MULT_R4_VALYSAR_VOLON" : 0.010931178124123328, 
"MULT_R4_THERYS_VOLON" : 0.00017182007021424584, 
"MULT_R5_VALYSAR_THERYS" : 9.005536284303874e-05, 
"MULT_R5_VALYSAR_VOLON" : 0.001092050594869701, 
"MULT_R5_THERYS_VOLON" : 2.3750740818716946e-06, 
"MULT_R6_VALYSAR_THERYS" : 0.31447334905445823, 
"MULT_R6_VALYSAR_VOLON" : 0.08268115112023512, 
"MULT_R6_THERYS_VOLON" : 3.2030457793273135e-05, 
"MULT_R7_VALYSAR_THERYS" : 9.592566589710398e-06, 
"MULT_R7_VALYSAR_VOLON" : 1.1507867890430054e-05, 
"MULT_R7_THERYS_VOLON" : 0.6852431372939255, 
"MULT_R5_THERYS_R2_ALL" : 0.00022370565028100316, 
"MULT_R5_THERYS_R6_ALL" : 0.001107890630381026
}, 
"LOG10_MULTREGT" : {
"MULT_R1_VALYSAR_THERYS" : -0.24620727246004492, 
"MULT_R1_VALYSAR_VOLON" : -3.8372250081607997, 
"MULT_R1_THERYS_VOLON" : -4.381237870484978, 
"MULT_R2_VALYSAR_THERYS" : -1.794885215910217, 
"MULT_R2_VALYSAR_VOLON" : -0.28104270470951576, 
"MULT_R2_THERYS_VOLON" : -3.5239739633695324, 
"MULT_R3_VALYSAR_THERYS" : -3.187598127839103, 
"MULT_R3_VALYSAR_VOLON" : -5.603564111215853, 
"MULT_R3_THERYS_VOLON" : -5.783971323359754, 
"MULT_R4_VALYSAR_THERYS" : -0.3711931126506945, 
"MULT_R4_VALYSAR_VOLON" : -1.9613330287883854, 
"MULT_R4_THERYS_VOLON" : -3.7649261078260823, 
"MULT_R5_VALYSAR_THERYS" : -4.045490419615247, 
"MULT_R5_VALYSAR_VOLON" : -2.9617572402359444, 
"MULT_R5_THERYS_VOLON" : -5.624322839577507, 
"MULT_R6_VALYSAR_THERYS" : -0.5024161541901703, 
"MULT_R6_VALYSAR_VOLON" : -1.0825934855802353, 
"MULT_R6_THERYS_VOLON" : -4.494436854165663, 
"MULT_R7_VALYSAR_THERYS" : -5.018065177332314, 
"MULT_R7_VALYSAR_VOLON" : -4.939005132425312, 
"MULT_R7_THERYS_VOLON" : -0.16415530522341992, 
"MULT_R5_THERYS_R2_ALL" : -3.6503230465029635, 
"MULT_R5_THERYS_R6_ALL" : -2.955503110515923
}, 
"RATE" : {
"WWIR_MULT_20180101_A5" : 1.0, 
"WWIR_MULT_20190101_A5" : 1.0, 
"WOPR_MULT_20180101_A1" : 1.0, 
"WWPR_MULT_20180101_A1" : 1.0, 
"WGPR_MULT_20180101_A1" : 1.0
}
}