{
"SWITCHES" : {
"DCONV_ALTERNATIVE" : 2.0, 
"HUM_MODEL_MODE" : 0.0, 
"PETROMODEL_ALTERNATIVE" : 1.0, 
"FACIESMODEL_ALTERNATIVE" : 1.0, 
"FACIES_VALYSAR_SEISCOND" : 1.0, 
"FACIES_THERYS_ALT2" : 1.0
}, 
"GLOBVAR" : {
"KVKH_CHANNEL" : 0.4951023237338886, 
"KVKH_CREVASSE" : 0.4873802041093541, 
"KVKH_US" : 0.7310972192094848, 
"KVKH_LS" : 0.7014173132631184, 
"FWL_CENTRAL" : 1678.080655607062, 
"FWL_NORTH_HORST" : 1662.6110256575807, 
"GOC_NORTH_HORST" : 1640.2811305576922, 
"FAULT_SEAL_SCALING" : 0.1553134121199742, 
"RELPERM_INT_WO" : -0.06860654147203071, 
"RELPERM_INT_GO" : 0.36607476389434557, 
"PERMREF_CHANNEL" : 1050.0, 
"PERMREF_CREAVASSE" : 100.0, 
"PERMREF_USHOREFACE" : 1200.0, 
"PERMREF_LSHOREFACE" : 40.0, 
"PERMREF_OFFSHORE" : 2.0, 
"PERMREF_FLOODPLAIN" : 1.0, 
"POROREF_CHANNEL" : 0.24, 
"POROREF_CREAVASSE" : 0.22, 
"POROREF_USHOREFACE" : 0.31, 
"POROREF_LSHOREFACE" : 0.23, 
"POROREF_OFFSHORE" : 0.1, 
"POROREF_FLOODPLAIN" : 0.13, 
"SWLHEIGHT" : 350.0, 
"SIMGRID_MINPV" : 100.0, 
"ISOTREND_ALT1W_VALYSAR" : 0.8718354652669328, 
"ISOTREND_ALT1W_THERYS" : 0.8034261360571321, 
"ISOTREND_ALT1W_VOLON" : 0.5296469005532414, 
"VALYSAR_APS_PROB_CHANNEL" : 0.28394675348038856, 
"THERYS_APS_PROB_LOWSHOREFACE" : 0.2964996853874194, 
"THERYS_APS_PROB_UPSHOREFACE" : 0.14897686572209545, 
"VOLON_APS_PROB_CHANNEL" : 0.5411390329711416, 
"VALYSAR_CHANNEL_AZIMUTH" : 70.0, 
"VALYSAR_CHANNEL_WIDTH" : 700.0, 
"VALYSAR_CHANNEL_VOLFRAC" : 0.6, 
"VOLON_FLOODPLAIN_AZIMUTH" : 0.0, 
"VOLON_FLOODPLAIN_VARIOGRAM_RANGE_PARALLEL" : 800.0, 
"VOLON_FLOODPLAIN_VARIOGRAM_RANGE_NORMAL" : 200.0, 
"VOLON_FLOODPLAIN_VOLFRAC" : 0.3, 
"VALYSAR_PORO_CHANNEL" : 0.27, 
"VALYSAR_PORO_CREVASSE" : 0.22, 
"THERYS_PORO_US" : 0.31, 
"THERYS_PORO_LS" : 0.23, 
"VOLON_PORO_CHANNEL" : 0.2, 
"VALYSAR_PERMH_CHANNEL" : 1000.0, 
"VALYSAR_PERMH_CREVASSE" : 100.0, 
"THERYS_PERMH_US" : 1200.0, 
"THERYS_PERMH_LS" : 40.0, 
"VOLON_PERMH_CHANNEL" : 1100.0
}, 
"LOG10_GLOBVAR" : {
"FAULT_SEAL_SCALING" : -0.8087910390674047
}, 
"MULTREGT" : {
"MULT_R1_VALYSAR_THERYS" : 0.1941263349641728, 
"MULT_R1_VALYSAR_VOLON" : 0.0014657630135365802, 
"MULT_R1_THERYS_VOLON" : 0.006064512070515703, 
"MULT_R2_VALYSAR_THERYS" : 4.427889270813628e-05, 
"MULT_R2_VALYSAR_VOLON" : 0.00048260125251630256, 
"MULT_R2_THERYS_VOLON" : 3.9906064160305426e-05, 
"MULT_R3_VALYSAR_THERYS" : 0.3231132284073317, 
"MULT_R3_VALYSAR_VOLON" : 0.023169774858899764, 
"MULT_R3_THERYS_VOLON" : 2.8865223117369858e-05, 
"MULT_R4_VALYSAR_THERYS" : 0.005756349366711624, 
"MULT_R4_VALYSAR_VOLON" : 0.004687960860648906, 
"MULT_R4_THERYS_VOLON" : 0.1784139528129769, 
"MULT_R5_VALYSAR_THERYS" : 0.009275488217763988, 
"MULT_R5_VALYSAR_VOLON" : 0.0015604109703962897, 
"MULT_R5_THERYS_VOLON" : 2.426764781703375e-06, 
"MULT_R6_VALYSAR_THERYS" : 0.1580429973613578, 
"MULT_R6_VALYSAR_VOLON" : 0.0028490045467713877, 
"MULT_R6_THERYS_VOLON" : 0.0056726234320294945, 
"MULT_R7_VALYSAR_THERYS" : 2.4806031847670672e-05, 
"MULT_R7_VALYSAR_VOLON" : 0.04757323041281979, 
"MULT_R7_THERYS_VOLON" : 0.00023913205443352393, 
"MULT_R5_THERYS_R2_ALL" : 0.0018570049881620329, 
"MULT_R5_THERYS_R6_ALL" : 2.6197822223998732e-06
}, 
"LOG10_MULTREGT" : {
"MULT_R1_VALYSAR_THERYS" : -0.7119155447053409, 
"MULT_R1_VALYSAR_VOLON" : -2.8339362413137, 
"MULT_R1_THERYS_VOLON" : -2.217204135210752, 
"MULT_R2_VALYSAR_THERYS" : -4.353803248153727, 
"MULT_R2_VALYSAR_VOLON" : -3.3164115552821585, 
"MULT_R2_THERYS_VOLON" : -4.398961103530208, 
"MULT_R3_VALYSAR_THERYS" : -0.490645261398311, 
"MULT_R3_VALYSAR_VOLON" : -1.6350781862364607, 
"MULT_R3_THERYS_VOLON" : -4.539625081218596, 
"MULT_R4_VALYSAR_THERYS" : -2.239852855557087, 
"MULT_R4_VALYSAR_VOLON" : -2.329016022859241, 
"MULT_R4_THERYS_VOLON" : -0.748571184754005, 
"MULT_R5_VALYSAR_THERYS" : -2.032663221906918, 
"MULT_R5_VALYSAR_VOLON" : -2.806761005062486, 
"MULT_R5_THERYS_VOLON" : -5.614972316358148, 
"MULT_R6_VALYSAR_THERYS" : -0.8012247423090306, 
"MULT_R6_VALYSAR_VOLON" : -2.5453068576625415, 
"MULT_R6_THERYS_VOLON" : -2.2462160454181546, 
"MULT_R7_VALYSAR_THERYS" : -4.605442703059194, 
"MULT_R7_VALYSAR_VOLON" : -1.3226373572446377, 
"MULT_R7_THERYS_VOLON" : -3.621362205019589, 
"MULT_R5_THERYS_R2_ALL" : -2.731186929685994, 
"MULT_R5_THERYS_R6_ALL" : -5.58173480926843
}, 
"RATE" : {
"WWIR_MULT_20180101_A5" : 1.0, 
"WWIR_MULT_20190101_A5" : 1.0, 
"WOPR_MULT_20180101_A1" : 1.0, 
"WWPR_MULT_20180101_A1" : 1.0, 
"WGPR_MULT_20180101_A1" : 1.0
}
}