{
"SWITCHES" : {
"DCONV_ALTERNATIVE" : 2.0, 
"HUM_MODEL_MODE" : 0.0, 
"PETROMODEL_ALTERNATIVE" : 1.0, 
"FACIESMODEL_ALTERNATIVE" : 1.0, 
"FACIES_VALYSAR_SEISCOND" : 1.0, 
"FACIES_THERYS_ALT2" : 1.0
}, 
"GLOBVAR" : {
"KVKH_CHANNEL" : 0.5436707681473001, 
"KVKH_CREVASSE" : 0.24674900615809522, 
"KVKH_US" : 0.6102072567006724, 
"KVKH_LS" : 0.8377376006146969, 
"FWL_CENTRAL" : 1679.0816295708178, 
"FWL_NORTH_HORST" : 1661.5232966621393, 
"GOC_NORTH_HORST" : 1641.9956756726467, 
"FAULT_SEAL_SCALING" : 0.18552163206768252, 
"RELPERM_INT_WO" : -0.11120946379381413, 
"RELPERM_INT_GO" : 0.09462439746407281, 
"PERMREF_CHANNEL" : 1050.0, 
"PERMREF_CREAVASSE" : 100.0, 
"PERMREF_USHOREFACE" : 1200.0, 
"PERMREF_LSHOREFACE" : 40.0, 
"PERMREF_OFFSHORE" : 2.0, 
"PERMREF_FLOODPLAIN" : 1.0, 
"POROREF_CHANNEL" : 0.24, 
"POROREF_CREAVASSE" : 0.22, 
"POROREF_USHOREFACE" : 0.31, 
"POROREF_LSHOREFACE" : 0.23, 
"POROREF_OFFSHORE" : 0.1, 
"POROREF_FLOODPLAIN" : 0.13, 
"SWLHEIGHT" : 350.0, 
"SIMGRID_MINPV" : 100.0, 
"ISOTREND_ALT1W_VALYSAR" : 0.8629419741400431, 
"ISOTREND_ALT1W_THERYS" : 0.9166330307138808, 
"ISOTREND_ALT1W_VOLON" : 0.531150130721909, 
"VALYSAR_APS_PROB_CHANNEL" : 0.43805171993402303, 
"THERYS_APS_PROB_LOWSHOREFACE" : 0.3849088244531008, 
"THERYS_APS_PROB_UPSHOREFACE" : 0.1631538603515786, 
"VOLON_APS_PROB_CHANNEL" : 0.6853399918062577, 
"VALYSAR_CHANNEL_AZIMUTH" : 70.0, 
"VALYSAR_CHANNEL_WIDTH" : 700.0, 
"VALYSAR_CHANNEL_VOLFRAC" : 0.6, 
"VOLON_FLOODPLAIN_AZIMUTH" : 0.0, 
"VOLON_FLOODPLAIN_VARIOGRAM_RANGE_PARALLEL" : 800.0, 
"VOLON_FLOODPLAIN_VARIOGRAM_RANGE_NORMAL" : 200.0, 
"VOLON_FLOODPLAIN_VOLFRAC" : 0.3, 
"VALYSAR_PORO_CHANNEL" : 0.27, 
"VALYSAR_PORO_CREVASSE" : 0.22, 
"THERYS_PORO_US" : 0.31, 
"THERYS_PORO_LS" : 0.23, 
"VOLON_PORO_CHANNEL" : 0.2, 
"VALYSAR_PERMH_CHANNEL" : 1000.0, 
"VALYSAR_PERMH_CREVASSE" : 100.0, 
"THERYS_PERMH_US" : 1200.0, 
"THERYS_PERMH_LS" : 40.0, 
"VOLON_PERMH_CHANNEL" : 1100.0
}, 
"LOG10_GLOBVAR" : {
"FAULT_SEAL_SCALING" : -0.7316054437853834
}, 
"MULTREGT" : {
"MULT_R1_VALYSAR_THERYS" : 0.002818278805966451, 
"MULT_R1_VALYSAR_VOLON" : 0.00035673275971230154, 
"MULT_R1_THERYS_VOLON" : 0.00012758615347729086, 
"MULT_R2_VALYSAR_THERYS" : 0.254615123607607, 
"MULT_R2_VALYSAR_VOLON" : 0.05049556675800547, 
"MULT_R2_THERYS_VOLON" : 5.368773878564627e-06, 
"MULT_R3_VALYSAR_THERYS" : 4.0817180343378656e-06, 
"MULT_R3_VALYSAR_VOLON" : 1.5275944532152225e-06, 
"MULT_R3_THERYS_VOLON" : 8.427095301601584e-06, 
"MULT_R4_VALYSAR_THERYS" : 3.46222347485472e-06, 
"MULT_R4_VALYSAR_VOLON" : 0.0007988651362571086, 
"MULT_R4_THERYS_VOLON" : 2.3286155101493465e-06, 
"MULT_R5_VALYSAR_THERYS" : 0.0016640860841918373, 
"MULT_R5_VALYSAR_VOLON" : 0.36418671221963533, 
"MULT_R5_THERYS_VOLON" : 2.9753320351665626e-06, 
"MULT_R6_VALYSAR_THERYS" : 0.38197328783460915, 
"MULT_R6_VALYSAR_VOLON" : 3.8480655063691756e-06, 
"MULT_R6_THERYS_VOLON" : 0.11733626896220095, 
"MULT_R7_VALYSAR_THERYS" : 0.023898158933275154, 
"MULT_R7_VALYSAR_VOLON" : 0.003166542155900818, 
"MULT_R7_THERYS_VOLON" : 0.3695836524692637, 
"MULT_R5_THERYS_R2_ALL" : 0.0052305953962372065, 
"MULT_R5_THERYS_R6_ALL" : 8.279640770989406e-05
}, 
"LOG10_MULTREGT" : {
"MULT_R1_VALYSAR_THERYS" : -2.5500160453276997, 
"MULT_R1_VALYSAR_VOLON" : -3.4476570064200054, 
"MULT_R1_THERYS_VOLON" : -3.8941964556674087, 
"MULT_R2_VALYSAR_THERYS" : -0.594115803729258, 
"MULT_R2_VALYSAR_VOLON" : -1.296746748951629, 
"MULT_R2_THERYS_VOLON" : -5.270124887219413, 
"MULT_R3_VALYSAR_THERYS" : -5.389156999708311, 
"MULT_R3_VALYSAR_VOLON" : -5.8159919272445135, 
"MULT_R3_THERYS_VOLON" : -5.074322094636294, 
"MULT_R4_VALYSAR_THERYS" : -5.46064490331102, 
"MULT_R4_VALYSAR_VOLON" : -3.0975265317285445, 
"MULT_R4_THERYS_VOLON" : -5.632902214172638, 
"MULT_R5_VALYSAR_THERYS" : -2.778824211144766, 
"MULT_R5_VALYSAR_VOLON" : -0.4386759039967968, 
"MULT_R5_THERYS_VOLON" : -5.526464561702085, 
"MULT_R6_VALYSAR_THERYS" : -0.41796700711881035, 
"MULT_R6_VALYSAR_VOLON" : -5.414757543491679, 
"MULT_R6_THERYS_VOLON" : -0.9305677255187814, 
"MULT_R7_VALYSAR_THERYS" : -1.6216355549479742, 
"MULT_R7_VALYSAR_VOLON" : -2.4994147258734416, 
"MULT_R7_THERYS_VOLON" : -0.4322872468659079, 
"MULT_R5_THERYS_R2_ALL" : -2.2814488727803472, 
"MULT_R5_THERYS_R6_ALL" : -4.081988505553456
}, 
"RATE" : {
"WWIR_MULT_20180101_A5" : 1.0, 
"WWIR_MULT_20190101_A5" : 1.0, 
"WOPR_MULT_20180101_A1" : 1.0, 
"WWPR_MULT_20180101_A1" : 1.0, 
"WGPR_MULT_20180101_A1" : 1.0
}
}