{
"SWITCHES" : {
"DCONV_ALTERNATIVE" : 2.0, 
"HUM_MODEL_MODE" : 0.0, 
"PETROMODEL_ALTERNATIVE" : 1.0, 
"FACIESMODEL_ALTERNATIVE" : 1.0, 
"FACIES_VALYSAR_SEISCOND" : 1.0, 
"FACIES_THERYS_ALT2" : 1.0
}, 
"GLOBVAR" : {
"KVKH_CHANNEL" : 0.6869435844771938, 
"KVKH_CREVASSE" : 0.43739838160365596, 
"KVKH_US" : 0.41783681372635023, 
"KVKH_LS" : 0.8363129179738811, 
"FWL_CENTRAL" : 1674.4809418595617, 
"FWL_NORTH_HORST" : 1660.6483164350425, 
"GOC_NORTH_HORST" : 1640.889337303559, 
"FAULT_SEAL_SCALING" : 0.3294364996419227, 
"RELPERM_INT_WO" : -0.561445851804916, 
"RELPERM_INT_GO" : -0.7758195537654579, 
"PERMREF_CHANNEL" : 1050.0, 
"PERMREF_CREAVASSE" : 100.0, 
"PERMREF_USHOREFACE" : 1200.0, 
"PERMREF_LSHOREFACE" : 40.0, 
"PERMREF_OFFSHORE" : 2.0, 
"PERMREF_FLOODPLAIN" : 1.0, 
"POROREF_CHANNEL" : 0.24, 
"POROREF_CREAVASSE" : 0.22, 
"POROREF_USHOREFACE" : 0.31, 
"POROREF_LSHOREFACE" : 0.23, 
"POROREF_OFFSHORE" : 0.1, 
"POROREF_FLOODPLAIN" : 0.13, 
"SWLHEIGHT" : 350.0, 
"SIMGRID_MINPV" : 100.0, 
"ISOTREND_ALT1W_VALYSAR" : 0.9359966873091539, 
"ISOTREND_ALT1W_THERYS" : 0.9667636761349881, 
"ISOTREND_ALT1W_VOLON" : 0.4240961100438964, 
"VALYSAR_APS_PROB_CHANNEL" : 0.3578677073368092, 
"THERYS_APS_PROB_LOWSHOREFACE" : 0.26330126660257913, 
"THERYS_APS_PROB_UPSHOREFACE" : 0.12235731899854863, 
"VOLON_APS_PROB_CHANNEL" : 0.7091652175496423, 
"VALYSAR_CHANNEL_AZIMUTH" : 70.0, 
"VALYSAR_CHANNEL_WIDTH" : 700.0, 
"VALYSAR_CHANNEL_VOLFRAC" : 0.6, 
"VOLON_FLOODPLAIN_AZIMUTH" : 0.0, 
"VOLON_FLOODPLAIN_VARIOGRAM_RANGE_PARALLEL" : 800.0, 
"VOLON_FLOODPLAIN_VARIOGRAM_RANGE_NORMAL" : 200.0, 
"VOLON_FLOODPLAIN_VOLFRAC" : 0.3, 
"VALYSAR_PORO_CHANNEL" : 0.27, 
"VALYSAR_PORO_CREVASSE" : 0.22, 
"THERYS_PORO_US" : 0.31, 
"THERYS_PORO_LS" : 0.23, 
"VOLON_PORO_CHANNEL" : 0.2, 
"VALYSAR_PERMH_CHANNEL" : 1000.0, 
"VALYSAR_PERMH_CREVASSE" : 100.0, 
"THERYS_PERMH_US" : 1200.0, 
"THERYS_PERMH_LS" : 40.0, 
"VOLON_PERMH_CHANNEL" : 1100.0
}, 
"LOG10_GLOBVAR" : {
"FAULT_SEAL_SCALING" : -0.48222828520599115
}, 
"MULTREGT" : {
"MULT_R1_VALYSAR_THERYS" : 0.0008440888918538651, 
"MULT_R1_VALYSAR_VOLON" : 0.37040138135425654, 
"MULT_R1_THERYS_VOLON" : 5.160632626437769e-05, 
"MULT_R2_VALYSAR_THERYS" : 0.0029799919389650233, 
"MULT_R2_VALYSAR_VOLON" : 5.923125611290304e-06, 
"MULT_R2_THERYS_VOLON" : 0.012329128491117844, 
"MULT_R3_VALYSAR_THERYS" : 0.0061509745398680244, 
"MULT_R3_VALYSAR_VOLON" : 4.067743819625788e-05, 
"MULT_R3_THERYS_VOLON" : 1.2376940301578164e-06, 
"MULT_R4_VALYSAR_THERYS" : 1.0472445507602628e-05, 
"MULT_R4_VALYSAR_VOLON" : 8.707005197044082e-06, 
"MULT_R4_THERYS_VOLON" : 3.264169380036479e-05, 
"MULT_R5_VALYSAR_THERYS" : 4.814864032250055e-06, 
"MULT_R5_VALYSAR_VOLON" : 0.0009120229538082059, 
"MULT_R5_THERYS_VOLON" : 1.9004731497143427e-06, 
"MULT_R6_VALYSAR_THERYS" : 0.017684011087994084, 
"MULT_R6_VALYSAR_VOLON" : 0.0003568271328774374, 
"MULT_R6_THERYS_VOLON" : 6.478053860960387e-06, 
"MULT_R7_VALYSAR_THERYS" : 0.03267268117016035, 
"MULT_R7_VALYSAR_VOLON" : 1.058393151614786e-06, 
"MULT_R7_THERYS_VOLON" : 0.06957292394769765, 
"MULT_R5_THERYS_R2_ALL" : 0.005478211471833053, 
"MULT_R5_THERYS_R6_ALL" : 7.139905804196866e-05
}, 
"LOG10_MULTREGT" : {
"MULT_R1_VALYSAR_THERYS" : -3.073611814975328, 
"MULT_R1_VALYSAR_VOLON" : -0.43132740235346034, 
"MULT_R1_THERYS_VOLON" : -4.287297056254535, 
"MULT_R2_VALYSAR_THERYS" : -2.525784910711578, 
"MULT_R2_VALYSAR_VOLON" : -5.22744905721018, 
"MULT_R2_THERYS_VOLON" : -1.9090676212854802, 
"MULT_R3_VALYSAR_THERYS" : -2.2110560706055336, 
"MULT_R3_VALYSAR_VOLON" : -4.390646406099893, 
"MULT_R3_THERYS_VOLON" : -5.907386703811431, 
"MULT_R4_VALYSAR_THERYS" : -4.979951890771856, 
"MULT_R4_VALYSAR_VOLON" : -5.060131196318382, 
"MULT_R4_THERYS_VOLON" : -4.48622731348846, 
"MULT_R5_VALYSAR_THERYS" : -5.317415972480728, 
"MULT_R5_VALYSAR_VOLON" : -3.0399942312036066, 
"MULT_R5_THERYS_VOLON" : -5.72113826182161, 
"MULT_R6_VALYSAR_THERYS" : -1.752419221460512, 
"MULT_R6_VALYSAR_VOLON" : -3.447542129601611, 
"MULT_R6_THERYS_VOLON" : -5.188555445424229, 
"MULT_R7_VALYSAR_THERYS" : -1.485815225193144, 
"MULT_R7_VALYSAR_VOLON" : -5.97535297893538, 
"MULT_R7_THERYS_VOLON" : -1.1575597441245127, 
"MULT_R5_THERYS_R2_ALL" : -2.261361206971157, 
"MULT_R5_THERYS_R6_ALL" : -4.146307517773877
}, 
"RATE" : {
"WWIR_MULT_20180101_A5" : 1.0, 
"WWIR_MULT_20190101_A5" : 1.0, 
"WOPR_MULT_20180101_A1" : 1.0, 
"WWPR_MULT_20180101_A1" : 1.0, 
"WGPR_MULT_20180101_A1" : 1.0
}
}