{
"SWITCHES" : {
"DCONV_ALTERNATIVE" : 2.0, 
"HUM_MODEL_MODE" : 0.0, 
"PETROMODEL_ALTERNATIVE" : 1.0, 
"FACIESMODEL_ALTERNATIVE" : 1.0, 
"FACIES_VALYSAR_SEISCOND" : 1.0, 
"FACIES_THERYS_ALT2" : 1.0
}, 
"GLOBVAR" : {
"KVKH_CHANNEL" : 0.7028137559858695, 
"KVKH_CREVASSE" : 0.11547047656966081, 
"KVKH_US" : 0.6085086967359565, 
"KVKH_LS" : 0.6454439935122238, 
"FWL_CENTRAL" : 1679.6463355770163, 
"FWL_NORTH_HORST" : 1662.6606087228433, 
"GOC_NORTH_HORST" : 1642.003300092689, 
"FAULT_SEAL_SCALING" : 7.410947028350121, 
"RELPERM_INT_WO" : -0.6315420891782402, 
"RELPERM_INT_GO" : -0.974385333392243, 
"PERMREF_CHANNEL" : 1050.0, 
"PERMREF_CREAVASSE" : 100.0, 
"PERMREF_USHOREFACE" : 1200.0, 
"PERMREF_LSHOREFACE" : 40.0, 
"PERMREF_OFFSHORE" : 2.0, 
"PERMREF_FLOODPLAIN" : 1.0, 
"POROREF_CHANNEL" : 0.24, 
"POROREF_CREAVASSE" : 0.22, 
"POROREF_USHOREFACE" : 0.31, 
"POROREF_LSHOREFACE" : 0.23, 
"POROREF_OFFSHORE" : 0.1, 
"POROREF_FLOODPLAIN" : 0.13, 
"SWLHEIGHT" : 350.0, 
"SIMGRID_MINPV" : 100.0, 
"ISOTREND_ALT1W_VALYSAR" : 0.9784956669763565, 
"ISOTREND_ALT1W_THERYS" : 0.863508818718647, 
"ISOTREND_ALT1W_VOLON" : 0.42211874278897843, 
"VALYSAR_APS_PROB_CHANNEL" : 0.36423859930832825, 
"THERYS_APS_PROB_LOWSHOREFACE" : 0.396251425543041, 
"THERYS_APS_PROB_UPSHOREFACE" : 0.18148350756731962, 
"VOLON_APS_PROB_CHANNEL" : 0.6542819007759875, 
"VALYSAR_CHANNEL_AZIMUTH" : 70.0, 
"VALYSAR_CHANNEL_WIDTH" : 700.0, 
"VALYSAR_CHANNEL_VOLFRAC" : 0.6, 
"VOLON_FLOODPLAIN_AZIMUTH" : 0.0, 
"VOLON_FLOODPLAIN_VARIOGRAM_RANGE_PARALLEL" : 800.0, 
"VOLON_FLOODPLAIN_VARIOGRAM_RANGE_NORMAL" : 200.0, 
"VOLON_FLOODPLAIN_VOLFRAC" : 0.3, 
"VALYSAR_PORO_CHANNEL" : 0.27, 
"VALYSAR_PORO_CREVASSE" : 0.22, 
"THERYS_PORO_US" : 0.31, 
"THERYS_PORO_LS" : 0.23, 
"VOLON_PORO_CHANNEL" : 0.2, 
"VALYSAR_PERMH_CHANNEL" : 1000.0, 
"VALYSAR_PERMH_CREVASSE" : 100.0, 
"THERYS_PERMH_US" : 1200.0, 
"THERYS_PERMH_LS" : 40.0, 
"VOLON_PERMH_CHANNEL" : 1100.0
}, 
"LOG10_GLOBVAR" : {
"FAULT_SEAL_SCALING" : 0.8698737090463565
}, 
"MULTREGT" : {
"MULT_R1_VALYSAR_THERYS" : 0.0005141284792816546, 
"MULT_R1_VALYSAR_VOLON" : 0.1713717981541107, 
"MULT_R1_THERYS_VOLON" : 0.00937958397853018, 
"MULT_R2_VALYSAR_THERYS" : 1.5997028681852852e-05, 
"MULT_R2_VALYSAR_VOLON" : 7.042107400106016e-06, 
"MULT_R2_THERYS_VOLON" : 5.873236729763679e-06, 
"MULT_R3_VALYSAR_THERYS" : 0.05360013085405536, 
"MULT_R3_VALYSAR_VOLON" : 4.989378396493813e-05, 
"MULT_R3_THERYS_VOLON" : 0.0007771530178480919, 
"MULT_R4_VALYSAR_THERYS" : 4.08912561552534e-05, 
"MULT_R4_VALYSAR_VOLON" : 2.046954379486071e-05, 
"MULT_R4_THERYS_VOLON" : 0.39329130311620764, 
"MULT_R5_VALYSAR_THERYS" : 0.00018202129003704946, 
"MULT_R5_VALYSAR_VOLON" : 0.01814127707580433, 
"MULT_R5_THERYS_VOLON" : 1.7634640826638178e-05, 
"MULT_R6_VALYSAR_THERYS" : 0.0012854986947045764, 
"MULT_R6_VALYSAR_VOLON" : 0.00062365536492522, 
"MULT_R6_THERYS_VOLON" : 0.0008841128148716595, 
"MULT_R7_VALYSAR_THERYS" : 0.002044505519717775, 
"MULT_R7_VALYSAR_VOLON" : 0.03680070367914307, 
"MULT_R7_THERYS_VOLON" : 0.0014597409461963072, 
"MULT_R5_THERYS_R2_ALL" : 0.002112335250463555, 
"MULT_R5_THERYS_R6_ALL" : 0.003885699455013848
}, 
"LOG10_MULTREGT" : {
"MULT_R1_VALYSAR_THERYS" : -3.2889283384548844, 
"MULT_R1_VALYSAR_VOLON" : -0.7660606463205446, 
"MULT_R1_THERYS_VOLON" : -2.027816423863524, 
"MULT_R2_VALYSAR_THERYS" : -4.795960676526015, 
"MULT_R2_VALYSAR_VOLON" : -5.152297355733071, 
"MULT_R2_THERYS_VOLON" : -5.231122493902816, 
"MULT_R3_VALYSAR_THERYS" : -1.270834150062364, 
"MULT_R3_VALYSAR_VOLON" : -4.301953557741026, 
"MULT_R3_THERYS_VOLON" : -3.1094934621974035, 
"MULT_R4_VALYSAR_THERYS" : -4.388369547970596, 
"MULT_R4_VALYSAR_VOLON" : -4.688891836359596, 
"MULT_R4_THERYS_VOLON" : -0.40528565707461917, 
"MULT_R5_VALYSAR_THERYS" : -3.739877811988258, 
"MULT_R5_VALYSAR_VOLON" : -1.7413321435464562, 
"MULT_R5_THERYS_VOLON" : -4.753633381394711, 
"MULT_R6_VALYSAR_THERYS" : -2.89092836000353, 
"MULT_R6_VALYSAR_VOLON" : -3.2050553373347017, 
"MULT_R6_THERYS_VOLON" : -3.0534923144550548, 
"MULT_R7_VALYSAR_THERYS" : -2.68941171260794, 
"MULT_R7_VALYSAR_VOLON" : -1.4341438769502033, 
"MULT_R7_THERYS_VOLON" : -2.835724209708583, 
"MULT_R5_THERYS_R2_ALL" : -2.6752371534337636, 
"MULT_R5_THERYS_R6_ALL" : -2.4105307935655573
}, 
"RATE" : {
"WWIR_MULT_20180101_A5" : 1.0, 
"WWIR_MULT_20190101_A5" : 1.0, 
"WOPR_MULT_20180101_A1" : 1.0, 
"WWPR_MULT_20180101_A1" : 1.0, 
"WGPR_MULT_20180101_A1" : 1.0
}
}