{
"SWITCHES" : {
"DCONV_ALTERNATIVE" : 2.0, 
"HUM_MODEL_MODE" : 0.0, 
"PETROMODEL_ALTERNATIVE" : 1.0, 
"FACIESMODEL_ALTERNATIVE" : 1.0, 
"FACIES_VALYSAR_SEISCOND" : 1.0, 
"FACIES_THERYS_ALT2" : 1.0
}, 
"GLOBVAR" : {
"KVKH_CHANNEL" : 0.6129905613427871, 
"KVKH_CREVASSE" : 0.13060924756955133, 
"KVKH_US" : 0.5344361891244103, 
"KVKH_LS" : 0.7463375795111247, 
"FWL_CENTRAL" : 1676.4500740208541, 
"FWL_NORTH_HORST" : 1662.1357838530637, 
"GOC_NORTH_HORST" : 1642.703973770635, 
"FAULT_SEAL_SCALING" : 0.5081898210026535, 
"RELPERM_INT_WO" : -0.4797393487787618, 
"RELPERM_INT_GO" : -0.048690983518403286, 
"PERMREF_CHANNEL" : 1050.0, 
"PERMREF_CREAVASSE" : 100.0, 
"PERMREF_USHOREFACE" : 1200.0, 
"PERMREF_LSHOREFACE" : 40.0, 
"PERMREF_OFFSHORE" : 2.0, 
"PERMREF_FLOODPLAIN" : 1.0, 
"POROREF_CHANNEL" : 0.24, 
"POROREF_CREAVASSE" : 0.22, 
"POROREF_USHOREFACE" : 0.31, 
"POROREF_LSHOREFACE" : 0.23, 
"POROREF_OFFSHORE" : 0.1, 
"POROREF_FLOODPLAIN" : 0.13, 
"SWLHEIGHT" : 350.0, 
"SIMGRID_MINPV" : 100.0, 
"ISOTREND_ALT1W_VALYSAR" : 0.9426325151285415, 
"ISOTREND_ALT1W_THERYS" : 0.8974319271374643, 
"ISOTREND_ALT1W_VOLON" : 0.41429894846240534, 
"VALYSAR_APS_PROB_CHANNEL" : 0.27176576454824514, 
"THERYS_APS_PROB_LOWSHOREFACE" : 0.37559572500425564, 
"THERYS_APS_PROB_UPSHOREFACE" : 0.20556321613837153, 
"VOLON_APS_PROB_CHANNEL" : 0.6616250451128606, 
"VALYSAR_CHANNEL_AZIMUTH" : 70.0, 
"VALYSAR_CHANNEL_WIDTH" : 700.0, 
"VALYSAR_CHANNEL_VOLFRAC" : 0.6, 
"VOLON_FLOODPLAIN_AZIMUTH" : 0.0, 
"VOLON_FLOODPLAIN_VARIOGRAM_RANGE_PARALLEL" : 800.0, 
"VOLON_FLOODPLAIN_VARIOGRAM_RANGE_NORMAL" : 200.0, 
"VOLON_FLOODPLAIN_VOLFRAC" : 0.3, 
"VALYSAR_PORO_CHANNEL" : 0.27, 
"VALYSAR_PORO_CREVASSE" : 0.22, 
"THERYS_PORO_US" : 0.31, 
"THERYS_PORO_LS" : 0.23, 
"VOLON_PORO_CHANNEL" : 0.2, 
"VALYSAR_PERMH_CHANNEL" : 1000.0, 
"VALYSAR_PERMH_CREVASSE" : 100.0, 
"THERYS_PERMH_US" : 1200.0, 
"THERYS_PERMH_LS" : 40.0, 
"VOLON_PERMH_CHANNEL" : 1100.0
}, 
"LOG10_GLOBVAR" : {
"FAULT_SEAL_SCALING" : -0.29397403807874567
}, 
"MULTREGT" : {
"MULT_R1_VALYSAR_THERYS" : 0.015186692693259849, 
"MULT_R1_VALYSAR_VOLON" : 0.0002718144190624574, 
"MULT_R1_THERYS_VOLON" : 0.0004979760605545835, 
"MULT_R2_VALYSAR_THERYS" : 6.128831494881754e-05, 
"MULT_R2_VALYSAR_VOLON" : 3.2417021189600484e-06, 
"MULT_R2_THERYS_VOLON" : 1.790513716806398e-05, 
"MULT_R3_VALYSAR_THERYS" : 0.7064661936785683, 
"MULT_R3_VALYSAR_VOLON" : 1.7592049671837105e-05, 
"MULT_R3_THERYS_VOLON" : 0.00088681084294882, 
"MULT_R4_VALYSAR_THERYS" : 2.072379297704776e-05, 
"MULT_R4_VALYSAR_VOLON" : 0.047770320407849946, 
"MULT_R4_THERYS_VOLON" : 0.0020928479513051402, 
"MULT_R5_VALYSAR_THERYS" : 1.0994859058858344e-05, 
"MULT_R5_VALYSAR_VOLON" : 0.49474936107082695, 
"MULT_R5_THERYS_VOLON" : 4.684455398774936e-05, 
"MULT_R6_VALYSAR_THERYS" : 0.0455734192424397, 
"MULT_R6_VALYSAR_VOLON" : 1.8568263992246404e-05, 
"MULT_R6_THERYS_VOLON" : 0.007465324407343864, 
"MULT_R7_VALYSAR_THERYS" : 0.037010581713252194, 
"MULT_R7_VALYSAR_VOLON" : 1.378420034843365e-05, 
"MULT_R7_THERYS_VOLON" : 0.0012525825690826208, 
"MULT_R5_THERYS_R2_ALL" : 0.00040598801631582665, 
"MULT_R5_THERYS_R6_ALL" : 0.00020950071346248763
}, 
"LOG10_MULTREGT" : {
"MULT_R1_VALYSAR_THERYS" : -1.8185367950283953, 
"MULT_R1_VALYSAR_VOLON" : -3.565727508776586, 
"MULT_R1_THERYS_VOLON" : -3.302791534788364, 
"MULT_R2_VALYSAR_THERYS" : -4.212622318907154, 
"MULT_R2_VALYSAR_VOLON" : -5.489226895112294, 
"MULT_R2_THERYS_VOLON" : -4.747022347586728, 
"MULT_R3_VALYSAR_THERYS" : -0.15090861548581172, 
"MULT_R3_VALYSAR_VOLON" : -4.754683557398158, 
"MULT_R3_THERYS_VOLON" : -3.0521690054492367, 
"MULT_R4_VALYSAR_THERYS" : -4.683530754802927, 
"MULT_R4_VALYSAR_VOLON" : -1.3208418457818643, 
"MULT_R4_THERYS_VOLON" : -2.67926232269229, 
"MULT_R5_VALYSAR_THERYS" : -4.958810333411186, 
"MULT_R5_VALYSAR_VOLON" : -0.3056147579777427, 
"MULT_R5_THERYS_VOLON" : -4.329340891660889, 
"MULT_R6_VALYSAR_THERYS" : -1.3412883863305116, 
"MULT_R6_VALYSAR_VOLON" : -4.731228697974323, 
"MULT_R6_THERYS_VOLON" : -2.1269513151649275, 
"MULT_R7_VALYSAR_THERYS" : -1.4316740888343646, 
"MULT_R7_VALYSAR_VOLON" : -4.860618423198822, 
"MULT_R7_THERYS_VOLON" : -2.9021936362271625, 
"MULT_R5_THERYS_R2_ALL" : -3.391486785449208, 
"MULT_R5_THERYS_R6_ALL" : -3.6788144936891234
}, 
"RATE" : {
"WWIR_MULT_20180101_A5" : 1.0, 
"WWIR_MULT_20190101_A5" : 1.0, 
"WOPR_MULT_20180101_A1" : 1.0, 
"WWPR_MULT_20180101_A1" : 1.0, 
"WGPR_MULT_20180101_A1" : 1.0
}
}