{
"SWITCHES" : {
"DCONV_ALTERNATIVE" : 2.0, 
"HUM_MODEL_MODE" : 0.0, 
"PETROMODEL_ALTERNATIVE" : 1.0, 
"FACIESMODEL_ALTERNATIVE" : 1.0, 
"FACIES_VALYSAR_SEISCOND" : 1.0, 
"FACIES_THERYS_ALT2" : 1.0
}, 
"GLOBVAR" : {
"KVKH_CHANNEL" : 0.48093948577234613, 
"KVKH_CREVASSE" : 0.21798041670392754, 
"KVKH_US" : 0.6547676779105058, 
"KVKH_LS" : 0.6379803053993348, 
"FWL_CENTRAL" : 1672.989374094514, 
"FWL_NORTH_HORST" : 1655.8798321385875, 
"GOC_NORTH_HORST" : 1638.0947242876214, 
"FAULT_SEAL_SCALING" : 4.430502269248583, 
"RELPERM_INT_WO" : 0.9595261238238695, 
"RELPERM_INT_GO" : -0.8020971200009018, 
"PERMREF_CHANNEL" : 1050.0, 
"PERMREF_CREAVASSE" : 100.0, 
"PERMREF_USHOREFACE" : 1200.0, 
"PERMREF_LSHOREFACE" : 40.0, 
"PERMREF_OFFSHORE" : 2.0, 
"PERMREF_FLOODPLAIN" : 1.0, 
"POROREF_CHANNEL" : 0.24, 
"POROREF_CREAVASSE" : 0.22, 
"POROREF_USHOREFACE" : 0.31, 
"POROREF_LSHOREFACE" : 0.23, 
"POROREF_OFFSHORE" : 0.1, 
"POROREF_FLOODPLAIN" : 0.13, 
"SWLHEIGHT" : 350.0, 
"SIMGRID_MINPV" : 100.0, 
"ISOTREND_ALT1W_VALYSAR" : 0.843029260628748, 
"ISOTREND_ALT1W_THERYS" : 0.9295982890777807, 
"ISOTREND_ALT1W_VOLON" : 0.4328892613247658, 
"VALYSAR_APS_PROB_CHANNEL" : 0.4085603947861321, 
"THERYS_APS_PROB_LOWSHOREFACE" : 0.20171993478723446, 
"THERYS_APS_PROB_UPSHOREFACE" : 0.16288134878736055, 
"VOLON_APS_PROB_CHANNEL" : 0.5510231789341294, 
"VALYSAR_CHANNEL_AZIMUTH" : 70.0, 
"VALYSAR_CHANNEL_WIDTH" : 700.0, 
"VALYSAR_CHANNEL_VOLFRAC" : 0.6, 
"VOLON_FLOODPLAIN_AZIMUTH" : 0.0, 
"VOLON_FLOODPLAIN_VARIOGRAM_RANGE_PARALLEL" : 800.0, 
"VOLON_FLOODPLAIN_VARIOGRAM_RANGE_NORMAL" : 200.0, 
"VOLON_FLOODPLAIN_VOLFRAC" : 0.3, 
"VALYSAR_PORO_CHANNEL" : 0.27, 
"VALYSAR_PORO_CREVASSE" : 0.22, 
"THERYS_PORO_US" : 0.31, 
"THERYS_PORO_LS" : 0.23, 
"VOLON_PORO_CHANNEL" : 0.2, 
"VALYSAR_PERMH_CHANNEL" : 1000.0, 
"VALYSAR_PERMH_CREVASSE" : 100.0, 
"THERYS_PERMH_US" : 1200.0, 
"THERYS_PERMH_LS" : 40.0, 
"VOLON_PERMH_CHANNEL" : 1100.0
}, 
"LOG10_GLOBVAR" : {
"FAULT_SEAL_SCALING" : 0.6464529633332682
}, 
"MULTREGT" : {
"MULT_R1_VALYSAR_THERYS" : 0.0003367618094673267, 
"MULT_R1_VALYSAR_VOLON" : 0.043266006767374444, 
"MULT_R1_THERYS_VOLON" : 0.0033160788022263037, 
"MULT_R2_VALYSAR_THERYS" : 0.006939066112511207, 
"MULT_R2_VALYSAR_VOLON" : 0.0005802605282357305, 
"MULT_R2_THERYS_VOLON" : 1.3584532005835151e-06, 
"MULT_R3_VALYSAR_THERYS" : 0.06707663837881517, 
"MULT_R3_VALYSAR_VOLON" : 4.783384355670238e-06, 
"MULT_R3_THERYS_VOLON" : 0.03923825653304274, 
"MULT_R4_VALYSAR_THERYS" : 0.1281107439410503, 
"MULT_R4_VALYSAR_VOLON" : 1.8167258529795774e-06, 
"MULT_R4_THERYS_VOLON" : 7.21321807781321e-05, 
"MULT_R5_VALYSAR_THERYS" : 0.0003662002882191867, 
"MULT_R5_VALYSAR_VOLON" : 0.0012625643204480354, 
"MULT_R5_THERYS_VOLON" : 1.0730779114926602e-06, 
"MULT_R6_VALYSAR_THERYS" : 5.898293133083079e-05, 
"MULT_R6_VALYSAR_VOLON" : 0.0005135861773753427, 
"MULT_R6_THERYS_VOLON" : 1.7884575611575633e-05, 
"MULT_R7_VALYSAR_THERYS" : 0.054884086981998585, 
"MULT_R7_VALYSAR_VOLON" : 0.000794960143884942, 
"MULT_R7_THERYS_VOLON" : 1.1371211508851112e-05, 
"MULT_R5_THERYS_R2_ALL" : 2.936113718412832e-06, 
"MULT_R5_THERYS_R6_ALL" : 0.002267020575337447
}, 
"LOG10_MULTREGT" : {
"MULT_R1_VALYSAR_THERYS" : -3.4726771656225988, 
"MULT_R1_VALYSAR_VOLON" : -1.3638531861260386, 
"MULT_R1_THERYS_VOLON" : -2.4793751575652485, 
"MULT_R2_VALYSAR_THERYS" : -2.1586989747143552, 
"MULT_R2_VALYSAR_VOLON" : -3.236376970969931, 
"MULT_R2_THERYS_VOLON" : -5.866955318658258, 
"MULT_R3_VALYSAR_THERYS" : -1.1734287106770627, 
"MULT_R3_VALYSAR_VOLON" : -5.320264721189472, 
"MULT_R3_THERYS_VOLON" : -1.4062902977982168, 
"MULT_R4_VALYSAR_THERYS" : -0.892414446846654, 
"MULT_R4_VALYSAR_VOLON" : -5.740710603523538, 
"MULT_R4_THERYS_VOLON" : -4.14187093755079, 
"MULT_R5_VALYSAR_THERYS" : -3.436281318221233, 
"MULT_R5_VALYSAR_VOLON" : -2.8987464878199116, 
"MULT_R5_THERYS_VOLON" : -5.969368744666902, 
"MULT_R6_VALYSAR_THERYS" : -4.229273647701995, 
"MULT_R6_VALYSAR_VOLON" : -3.2893866733550845, 
"MULT_R6_THERYS_VOLON" : -4.747521360895925, 
"MULT_R7_VALYSAR_THERYS" : -1.2605535560541947, 
"MULT_R7_VALYSAR_VOLON" : -3.0996546445821984, 
"MULT_R7_THERYS_VOLON" : -4.944193262350149, 
"MULT_R5_THERYS_R2_ALL" : -5.532227127801347, 
"MULT_R5_THERYS_R6_ALL" : -2.6445445382259454
}, 
"RATE" : {
"WWIR_MULT_20180101_A5" : 1.0, 
"WWIR_MULT_20190101_A5" : 1.0, 
"WOPR_MULT_20180101_A1" : 1.0, 
"WWPR_MULT_20180101_A1" : 1.0, 
"WGPR_MULT_20180101_A1" : 1.0
}
}