{
"SWITCHES" : {
"DCONV_ALTERNATIVE" : 2.0, 
"HUM_MODEL_MODE" : 0.0, 
"PETROMODEL_ALTERNATIVE" : 1.0, 
"FACIESMODEL_ALTERNATIVE" : 1.0, 
"FACIES_VALYSAR_SEISCOND" : 1.0, 
"FACIES_THERYS_ALT2" : 1.0
}, 
"GLOBVAR" : {
"KVKH_CHANNEL" : 0.5779038480474675, 
"KVKH_CREVASSE" : 0.28280075564401913, 
"KVKH_US" : 0.4193721690002862, 
"KVKH_LS" : 0.5408364156742476, 
"FWL_CENTRAL" : 1673.5661670233596, 
"FWL_NORTH_HORST" : 1655.3801487191604, 
"GOC_NORTH_HORST" : 1642.5784692324942, 
"FAULT_SEAL_SCALING" : 1.3723812957338941, 
"RELPERM_INT_WO" : 0.8292697594993914, 
"RELPERM_INT_GO" : -0.6531913890545791, 
"PERMREF_CHANNEL" : 1050.0, 
"PERMREF_CREAVASSE" : 100.0, 
"PERMREF_USHOREFACE" : 1200.0, 
"PERMREF_LSHOREFACE" : 40.0, 
"PERMREF_OFFSHORE" : 2.0, 
"PERMREF_FLOODPLAIN" : 1.0, 
"POROREF_CHANNEL" : 0.24, 
"POROREF_CREAVASSE" : 0.22, 
"POROREF_USHOREFACE" : 0.31, 
"POROREF_LSHOREFACE" : 0.23, 
"POROREF_OFFSHORE" : 0.1, 
"POROREF_FLOODPLAIN" : 0.13, 
"SWLHEIGHT" : 350.0, 
"SIMGRID_MINPV" : 100.0, 
"ISOTREND_ALT1W_VALYSAR" : 0.8301458785417575, 
"ISOTREND_ALT1W_THERYS" : 0.9940137447573613, 
"ISOTREND_ALT1W_VOLON" : 0.5042278340201887, 
"VALYSAR_APS_PROB_CHANNEL" : 0.24691006568164592, 
"THERYS_APS_PROB_LOWSHOREFACE" : 0.31305082855935285, 
"THERYS_APS_PROB_UPSHOREFACE" : 0.2691091883398091, 
"VOLON_APS_PROB_CHANNEL" : 0.5226127027633466, 
"VALYSAR_CHANNEL_AZIMUTH" : 70.0, 
"VALYSAR_CHANNEL_WIDTH" : 700.0, 
"VALYSAR_CHANNEL_VOLFRAC" : 0.6, 
"VOLON_FLOODPLAIN_AZIMUTH" : 0.0, 
"VOLON_FLOODPLAIN_VARIOGRAM_RANGE_PARALLEL" : 800.0, 
"VOLON_FLOODPLAIN_VARIOGRAM_RANGE_NORMAL" : 200.0, 
"VOLON_FLOODPLAIN_VOLFRAC" : 0.3, 
"VALYSAR_PORO_CHANNEL" : 0.27, 
"VALYSAR_PORO_CREVASSE" : 0.22, 
"THERYS_PORO_US" : 0.31, 
"THERYS_PORO_LS" : 0.23, 
"VOLON_PORO_CHANNEL" : 0.2, 
"VALYSAR_PERMH_CHANNEL" : 1000.0, 
"VALYSAR_PERMH_CREVASSE" : 100.0, 
"THERYS_PERMH_US" : 1200.0, 
"THERYS_PERMH_LS" : 40.0, 
"VOLON_PERMH_CHANNEL" : 1100.0
}, 
"LOG10_GLOBVAR" : {
"FAULT_SEAL_SCALING" : 0.13747479039920926
}, 
"MULTREGT" : {
"MULT_R1_VALYSAR_THERYS" : 0.05437346536600669, 
"MULT_R1_VALYSAR_VOLON" : 0.0007796359463167318, 
"MULT_R1_THERYS_VOLON" : 0.02241844689221559, 
"MULT_R2_VALYSAR_THERYS" : 0.012536846027243337, 
"MULT_R2_VALYSAR_VOLON" : 0.004852890734314165, 
"MULT_R2_THERYS_VOLON" : 1.299258639482774e-05, 
"MULT_R3_VALYSAR_THERYS" : 1.2272952734470152e-05, 
"MULT_R3_VALYSAR_VOLON" : 1.437019281405444e-05, 
"MULT_R3_THERYS_VOLON" : 0.027601513315043014, 
"MULT_R4_VALYSAR_THERYS" : 0.09457658697679643, 
"MULT_R4_VALYSAR_VOLON" : 0.13921131752716, 
"MULT_R4_THERYS_VOLON" : 3.8035127029311614e-05, 
"MULT_R5_VALYSAR_THERYS" : 0.002643088618291166, 
"MULT_R5_VALYSAR_VOLON" : 0.0003163058178176533, 
"MULT_R5_THERYS_VOLON" : 0.0005213244894053014, 
"MULT_R6_VALYSAR_THERYS" : 2.516380717707972e-05, 
"MULT_R6_VALYSAR_VOLON" : 0.12013642203990917, 
"MULT_R6_THERYS_VOLON" : 0.0014667087930187723, 
"MULT_R7_VALYSAR_THERYS" : 0.0034381182254794446, 
"MULT_R7_VALYSAR_VOLON" : 0.04732182802024685, 
"MULT_R7_THERYS_VOLON" : 0.001022326876786897, 
"MULT_R5_THERYS_R2_ALL" : 0.007184799368973699, 
"MULT_R5_THERYS_R6_ALL" : 1.11039947154304e-06
}, 
"LOG10_MULTREGT" : {
"MULT_R1_VALYSAR_THERYS" : -1.2646129873702778, 
"MULT_R1_VALYSAR_VOLON" : -3.108108145276447, 
"MULT_R1_THERYS_VOLON" : -1.649394477802789, 
"MULT_R2_VALYSAR_THERYS" : -1.901811707942982, 
"MULT_R2_VALYSAR_VOLON" : -2.31399948697003, 
"MULT_R2_THERYS_VOLON" : -4.886304386633468, 
"MULT_R3_VALYSAR_THERYS" : -4.911050938331326, 
"MULT_R3_VALYSAR_VOLON" : -4.8425374046202565, 
"MULT_R3_THERYS_VOLON" : -1.5590671061103136, 
"MULT_R4_VALYSAR_THERYS" : -1.024216362596856, 
"MULT_R4_VALYSAR_VOLON" : -0.8563254562499195, 
"MULT_R4_THERYS_VOLON" : -4.41981512895446, 
"MULT_R5_VALYSAR_THERYS" : -2.5778882754647143, 
"MULT_R5_VALYSAR_VOLON" : -3.499892820025892, 
"MULT_R5_THERYS_VOLON" : -3.2828918734543775, 
"MULT_R6_VALYSAR_THERYS" : -4.5992236513463185, 
"MULT_R6_VALYSAR_VOLON" : -0.9203253065609875, 
"MULT_R6_THERYS_VOLON" : -2.833656104383799, 
"MULT_R7_VALYSAR_THERYS" : -2.463679193445782, 
"MULT_R7_VALYSAR_VOLON" : -1.3249384871258518, 
"MULT_R7_THERYS_VOLON" : -2.990410221532753, 
"MULT_R5_THERYS_R2_ALL" : -2.1435853547620694, 
"MULT_R5_THERYS_R6_ALL" : -5.9545207535768965
}, 
"RATE" : {
"WWIR_MULT_20180101_A5" : 1.0, 
"WWIR_MULT_20190101_A5" : 1.0, 
"WOPR_MULT_20180101_A1" : 1.0, 
"WWPR_MULT_20180101_A1" : 1.0, 
"WGPR_MULT_20180101_A1" : 1.0
}
}