{
"SWITCHES" : {
"DCONV_ALTERNATIVE" : 2.0, 
"HUM_MODEL_MODE" : 0.0, 
"PETROMODEL_ALTERNATIVE" : 1.0, 
"FACIESMODEL_ALTERNATIVE" : 1.0, 
"FACIES_VALYSAR_SEISCOND" : 1.0, 
"FACIES_THERYS_ALT2" : 1.0
}, 
"GLOBVAR" : {
"KVKH_CHANNEL" : 0.7651467538430791, 
"KVKH_CREVASSE" : 0.25197049621400924, 
"KVKH_US" : 0.637636264652526, 
"KVKH_LS" : 0.523325751319022, 
"FWL_CENTRAL" : 1680.6847063582954, 
"FWL_NORTH_HORST" : 1660.4747744362496, 
"GOC_NORTH_HORST" : 1639.661019897535, 
"FAULT_SEAL_SCALING" : 8.979630869931514, 
"RELPERM_INT_WO" : 0.6066078793688894, 
"RELPERM_INT_GO" : -0.7442803760245007, 
"PERMREF_CHANNEL" : 1050.0, 
"PERMREF_CREAVASSE" : 100.0, 
"PERMREF_USHOREFACE" : 1200.0, 
"PERMREF_LSHOREFACE" : 40.0, 
"PERMREF_OFFSHORE" : 2.0, 
"PERMREF_FLOODPLAIN" : 1.0, 
"POROREF_CHANNEL" : 0.24, 
"POROREF_CREAVASSE" : 0.22, 
"POROREF_USHOREFACE" : 0.31, 
"POROREF_LSHOREFACE" : 0.23, 
"POROREF_OFFSHORE" : 0.1, 
"POROREF_FLOODPLAIN" : 0.13, 
"SWLHEIGHT" : 350.0, 
"SIMGRID_MINPV" : 100.0, 
"ISOTREND_ALT1W_VALYSAR" : 0.9902676149940863, 
"ISOTREND_ALT1W_THERYS" : 0.9885849806381396, 
"ISOTREND_ALT1W_VOLON" : 0.4726766323954196, 
"VALYSAR_APS_PROB_CHANNEL" : 0.39030634542317116, 
"THERYS_APS_PROB_LOWSHOREFACE" : 0.3576777333748614, 
"THERYS_APS_PROB_UPSHOREFACE" : 0.23655319873478994, 
"VOLON_APS_PROB_CHANNEL" : 0.6618738036689713, 
"VALYSAR_CHANNEL_AZIMUTH" : 70.0, 
"VALYSAR_CHANNEL_WIDTH" : 700.0, 
"VALYSAR_CHANNEL_VOLFRAC" : 0.6, 
"VOLON_FLOODPLAIN_AZIMUTH" : 0.0, 
"VOLON_FLOODPLAIN_VARIOGRAM_RANGE_PARALLEL" : 800.0, 
"VOLON_FLOODPLAIN_VARIOGRAM_RANGE_NORMAL" : 200.0, 
"VOLON_FLOODPLAIN_VOLFRAC" : 0.3, 
"VALYSAR_PORO_CHANNEL" : 0.27, 
"VALYSAR_PORO_CREVASSE" : 0.22, 
"THERYS_PORO_US" : 0.31, 
"THERYS_PORO_LS" : 0.23, 
"VOLON_PORO_CHANNEL" : 0.2, 
"VALYSAR_PERMH_CHANNEL" : 1000.0, 
"VALYSAR_PERMH_CREVASSE" : 100.0, 
"THERYS_PERMH_US" : 1200.0, 
"THERYS_PERMH_LS" : 40.0, 
"VOLON_PERMH_CHANNEL" : 1100.0
}, 
"LOG10_GLOBVAR" : {
"FAULT_SEAL_SCALING" : 0.9532584842790195
}, 
"MULTREGT" : {
"MULT_R1_VALYSAR_THERYS" : 0.001538008632971272, 
"MULT_R1_VALYSAR_VOLON" : 2.1557310748643995e-06, 
"MULT_R1_THERYS_VOLON" : 0.002015946005174087, 
"MULT_R2_VALYSAR_THERYS" : 1.9753922241201208e-05, 
"MULT_R2_VALYSAR_VOLON" : 2.2646084914693735e-05, 
"MULT_R2_THERYS_VOLON" : 0.4930986751241927, 
"MULT_R3_VALYSAR_THERYS" : 0.0011153626141911894, 
"MULT_R3_VALYSAR_VOLON" : 0.006050945368259887, 
"MULT_R3_THERYS_VOLON" : 0.0034650034002171185, 
"MULT_R4_VALYSAR_THERYS" : 0.204718784180462, 
"MULT_R4_VALYSAR_VOLON" : 0.021923780035967615, 
"MULT_R4_THERYS_VOLON" : 0.1658990612992656, 
"MULT_R5_VALYSAR_THERYS" : 0.00032451975684975783, 
"MULT_R5_VALYSAR_VOLON" : 0.30772934940344154, 
"MULT_R5_THERYS_VOLON" : 8.734487219857923e-05, 
"MULT_R6_VALYSAR_THERYS" : 0.0036742810958247094, 
"MULT_R6_VALYSAR_VOLON" : 0.16080043640310795, 
"MULT_R6_THERYS_VOLON" : 8.240747227762402e-05, 
"MULT_R7_VALYSAR_THERYS" : 1.7852763885044992e-06, 
"MULT_R7_VALYSAR_VOLON" : 0.0006173919945205469, 
"MULT_R7_THERYS_VOLON" : 9.893272153335856e-06, 
"MULT_R5_THERYS_R2_ALL" : 0.0005876358972056864, 
"MULT_R5_THERYS_R6_ALL" : 1.981783332846374e-05
}, 
"LOG10_MULTREGT" : {
"MULT_R1_VALYSAR_THERYS" : -2.813041226796445, 
"MULT_R1_VALYSAR_VOLON" : -5.666405417876307, 
"MULT_R1_THERYS_VOLON" : -2.695521104155569, 
"MULT_R2_VALYSAR_THERYS" : -4.70434666010896, 
"MULT_R2_VALYSAR_VOLON" : -4.645006868569969, 
"MULT_R2_THERYS_VOLON" : -0.3070661643458148, 
"MULT_R3_VALYSAR_THERYS" : -2.9525839167052963, 
"MULT_R3_VALYSAR_VOLON" : -2.2181767681335733, 
"MULT_R3_THERYS_VOLON" : -2.4602963348776266, 
"MULT_R4_VALYSAR_THERYS" : -0.6888423063768513, 
"MULT_R4_VALYSAR_VOLON" : -1.659084563908937, 
"MULT_R4_THERYS_VOLON" : -0.7801560713216457, 
"MULT_R5_VALYSAR_THERYS" : -3.488758858094308, 
"MULT_R5_VALYSAR_VOLON" : -0.5118310813407445, 
"MULT_R5_THERYS_VOLON" : -4.058762586287577, 
"MULT_R6_VALYSAR_THERYS" : -2.4348276216568516, 
"MULT_R6_VALYSAR_VOLON" : -0.7937127769357983, 
"MULT_R6_THERYS_VOLON" : -4.084033406970269, 
"MULT_R7_VALYSAR_THERYS" : -5.748294538817714, 
"MULT_R7_VALYSAR_VOLON" : -3.20943900614335, 
"MULT_R7_THERYS_VOLON" : -5.004660043781554, 
"MULT_R5_THERYS_R2_ALL" : -3.2308916821088745, 
"MULT_R5_THERYS_R6_ALL" : -4.702943828404146
}, 
"RATE" : {
"WWIR_MULT_20180101_A5" : 1.0, 
"WWIR_MULT_20190101_A5" : 1.0, 
"WOPR_MULT_20180101_A1" : 1.0, 
"WWPR_MULT_20180101_A1" : 1.0, 
"WGPR_MULT_20180101_A1" : 1.0
}
}