{
"SWITCHES" : {
"DCONV_ALTERNATIVE" : 2.0, 
"HUM_MODEL_MODE" : 0.0, 
"PETROMODEL_ALTERNATIVE" : 1.0, 
"FACIESMODEL_ALTERNATIVE" : 1.0, 
"FACIES_VALYSAR_SEISCOND" : 1.0, 
"FACIES_THERYS_ALT2" : 1.0
}, 
"GLOBVAR" : {
"KVKH_CHANNEL" : 0.506406132185459, 
"KVKH_CREVASSE" : 0.35461784301082266, 
"KVKH_US" : 0.599699062286656, 
"KVKH_LS" : 0.7152423596489045, 
"FWL_CENTRAL" : 1678.3247287247093, 
"FWL_NORTH_HORST" : 1655.2435644412178, 
"GOC_NORTH_HORST" : 1635.6451692970122, 
"FAULT_SEAL_SCALING" : 0.7425980013477248, 
"RELPERM_INT_WO" : -0.7658634625495931, 
"RELPERM_INT_GO" : -0.46853434046258524, 
"PERMREF_CHANNEL" : 1050.0, 
"PERMREF_CREAVASSE" : 100.0, 
"PERMREF_USHOREFACE" : 1200.0, 
"PERMREF_LSHOREFACE" : 40.0, 
"PERMREF_OFFSHORE" : 2.0, 
"PERMREF_FLOODPLAIN" : 1.0, 
"POROREF_CHANNEL" : 0.24, 
"POROREF_CREAVASSE" : 0.22, 
"POROREF_USHOREFACE" : 0.31, 
"POROREF_LSHOREFACE" : 0.23, 
"POROREF_OFFSHORE" : 0.1, 
"POROREF_FLOODPLAIN" : 0.13, 
"SWLHEIGHT" : 350.0, 
"SIMGRID_MINPV" : 100.0, 
"ISOTREND_ALT1W_VALYSAR" : 0.8886690367616795, 
"ISOTREND_ALT1W_THERYS" : 0.8207996464050913, 
"ISOTREND_ALT1W_VOLON" : 0.5277870137463108, 
"VALYSAR_APS_PROB_CHANNEL" : 0.3722137759926837, 
"THERYS_APS_PROB_LOWSHOREFACE" : 0.23808759773617386, 
"THERYS_APS_PROB_UPSHOREFACE" : 0.10432333132834441, 
"VOLON_APS_PROB_CHANNEL" : 0.7173041657220499, 
"VALYSAR_CHANNEL_AZIMUTH" : 70.0, 
"VALYSAR_CHANNEL_WIDTH" : 700.0, 
"VALYSAR_CHANNEL_VOLFRAC" : 0.6, 
"VOLON_FLOODPLAIN_AZIMUTH" : 0.0, 
"VOLON_FLOODPLAIN_VARIOGRAM_RANGE_PARALLEL" : 800.0, 
"VOLON_FLOODPLAIN_VARIOGRAM_RANGE_NORMAL" : 200.0, 
"VOLON_FLOODPLAIN_VOLFRAC" : 0.3, 
"VALYSAR_PORO_CHANNEL" : 0.27, 
"VALYSAR_PORO_CREVASSE" : 0.22, 
"THERYS_PORO_US" : 0.31, 
"THERYS_PORO_LS" : 0.23, 
"VOLON_PORO_CHANNEL" : 0.2, 
"VALYSAR_PERMH_CHANNEL" : 1000.0, 
"VALYSAR_PERMH_CREVASSE" : 100.0, 
"THERYS_PERMH_US" : 1200.0, 
"THERYS_PERMH_LS" : 40.0, 
"VOLON_PERMH_CHANNEL" : 1100.0
}, 
"LOG10_GLOBVAR" : {
"FAULT_SEAL_SCALING" : -0.12924622398249988
}, 
"MULTREGT" : {
"MULT_R1_VALYSAR_THERYS" : 0.30807789246268513, 
"MULT_R1_VALYSAR_VOLON" : 2.2069492295154405e-06, 
"MULT_R1_THERYS_VOLON" : 0.7106886648587231, 
"MULT_R2_VALYSAR_THERYS" : 0.4435332174834122, 
"MULT_R2_VALYSAR_VOLON" : 0.011916911767454325, 
"MULT_R2_THERYS_VOLON" : 3.1940043046937084e-05, 
"MULT_R3_VALYSAR_THERYS" : 0.36076419882932237, 
"MULT_R3_VALYSAR_VOLON" : 2.2974111882706927e-05, 
"MULT_R3_THERYS_VOLON" : 3.943310817370481e-06, 
"MULT_R4_VALYSAR_THERYS" : 0.019247907147502918, 
"MULT_R4_VALYSAR_VOLON" : 0.05053028476421165, 
"MULT_R4_THERYS_VOLON" : 2.8054517191417147e-05, 
"MULT_R5_VALYSAR_THERYS" : 3.417413928470993e-05, 
"MULT_R5_VALYSAR_VOLON" : 4.574845089548281e-06, 
"MULT_R5_THERYS_VOLON" : 0.0004674029766724946, 
"MULT_R6_VALYSAR_THERYS" : 0.07805229839158842, 
"MULT_R6_VALYSAR_VOLON" : 0.001961016491867734, 
"MULT_R6_THERYS_VOLON" : 7.333424507422671e-06, 
"MULT_R7_VALYSAR_THERYS" : 0.000175464122164917, 
"MULT_R7_VALYSAR_VOLON" : 2.2514809558159396e-06, 
"MULT_R7_THERYS_VOLON" : 3.4535886592534953e-06, 
"MULT_R5_THERYS_R2_ALL" : 1.573991899786961e-05, 
"MULT_R5_THERYS_R6_ALL" : 0.0016885656280650574
}, 
"LOG10_MULTREGT" : {
"MULT_R1_VALYSAR_THERYS" : -0.5113394653505192, 
"MULT_R1_VALYSAR_VOLON" : -5.65620765759272, 
"MULT_R1_THERYS_VOLON" : -0.14832061128976046, 
"MULT_R2_VALYSAR_THERYS" : -0.3530738490464005, 
"MULT_R2_VALYSAR_VOLON" : -1.9238362761497023, 
"MULT_R2_THERYS_VOLON" : -4.495664502880233, 
"MULT_R3_VALYSAR_THERYS" : -0.44277656708998114, 
"MULT_R3_VALYSAR_VOLON" : -4.638761268272415, 
"MULT_R3_THERYS_VOLON" : -5.404138989868487, 
"MULT_R4_VALYSAR_THERYS" : -1.7156164850491378, 
"MULT_R4_VALYSAR_VOLON" : -1.2964482542815143, 
"MULT_R4_THERYS_VOLON" : -4.551997200954736, 
"MULT_R5_VALYSAR_THERYS" : -4.466302414832072, 
"MULT_R5_VALYSAR_VOLON" : -5.339623607148002, 
"MULT_R5_THERYS_VOLON" : -3.3303085261151173, 
"MULT_R6_VALYSAR_THERYS" : -1.1076143038240187, 
"MULT_R6_VALYSAR_VOLON" : -2.707518753962488, 
"MULT_R6_THERYS_VOLON" : -5.1346931744213995, 
"MULT_R7_VALYSAR_THERYS" : -3.7558116720112644, 
"MULT_R7_VALYSAR_VOLON" : -5.647531722171636, 
"MULT_R7_THERYS_VOLON" : -5.461729390467063, 
"MULT_R5_THERYS_R2_ALL" : -4.80299750697497, 
"MULT_R5_THERYS_R6_ALL" : -2.7724820553409026
}, 
"RATE" : {
"WWIR_MULT_20180101_A5" : 1.0, 
"WWIR_MULT_20190101_A5" : 1.0, 
"WOPR_MULT_20180101_A1" : 1.0, 
"WWPR_MULT_20180101_A1" : 1.0, 
"WGPR_MULT_20180101_A1" : 1.0
}
}