{
"SWITCHES" : {
"DCONV_ALTERNATIVE" : 2.0, 
"HUM_MODEL_MODE" : 0.0, 
"PETROMODEL_ALTERNATIVE" : 1.0, 
"FACIESMODEL_ALTERNATIVE" : 1.0, 
"FACIES_VALYSAR_SEISCOND" : 1.0, 
"FACIES_THERYS_ALT2" : 1.0
}, 
"GLOBVAR" : {
"KVKH_CHANNEL" : 0.5828963813476453, 
"KVKH_CREVASSE" : 0.34494110185810156, 
"KVKH_US" : 0.4836205659715974, 
"KVKH_LS" : 0.6939290931318698, 
"FWL_CENTRAL" : 1676.4946182926005, 
"FWL_NORTH_HORST" : 1663.178680962218, 
"GOC_NORTH_HORST" : 1640.5460296175931, 
"FAULT_SEAL_SCALING" : 2.5073015950769912, 
"RELPERM_INT_WO" : -0.2299260166377134, 
"RELPERM_INT_GO" : 0.8079046378687234, 
"PERMREF_CHANNEL" : 1050.0, 
"PERMREF_CREAVASSE" : 100.0, 
"PERMREF_USHOREFACE" : 1200.0, 
"PERMREF_LSHOREFACE" : 40.0, 
"PERMREF_OFFSHORE" : 2.0, 
"PERMREF_FLOODPLAIN" : 1.0, 
"POROREF_CHANNEL" : 0.24, 
"POROREF_CREAVASSE" : 0.22, 
"POROREF_USHOREFACE" : 0.31, 
"POROREF_LSHOREFACE" : 0.23, 
"POROREF_OFFSHORE" : 0.1, 
"POROREF_FLOODPLAIN" : 0.13, 
"SWLHEIGHT" : 350.0, 
"SIMGRID_MINPV" : 100.0, 
"ISOTREND_ALT1W_VALYSAR" : 0.9507355952588573, 
"ISOTREND_ALT1W_THERYS" : 0.9706997777595547, 
"ISOTREND_ALT1W_VOLON" : 0.40016786868406096, 
"VALYSAR_APS_PROB_CHANNEL" : 0.33652263034160257, 
"THERYS_APS_PROB_LOWSHOREFACE" : 0.21288701819496647, 
"THERYS_APS_PROB_UPSHOREFACE" : 0.2985893785934749, 
"VOLON_APS_PROB_CHANNEL" : 0.6066205835863886, 
"VALYSAR_CHANNEL_AZIMUTH" : 70.0, 
"VALYSAR_CHANNEL_WIDTH" : 700.0, 
"VALYSAR_CHANNEL_VOLFRAC" : 0.6, 
"VOLON_FLOODPLAIN_AZIMUTH" : 0.0, 
"VOLON_FLOODPLAIN_VARIOGRAM_RANGE_PARALLEL" : 800.0, 
"VOLON_FLOODPLAIN_VARIOGRAM_RANGE_NORMAL" : 200.0, 
"VOLON_FLOODPLAIN_VOLFRAC" : 0.3, 
"VALYSAR_PORO_CHANNEL" : 0.27, 
"VALYSAR_PORO_CREVASSE" : 0.22, 
"THERYS_PORO_US" : 0.31, 
"THERYS_PORO_LS" : 0.23, 
"VOLON_PORO_CHANNEL" : 0.2, 
"VALYSAR_PERMH_CHANNEL" : 1000.0, 
"VALYSAR_PERMH_CREVASSE" : 100.0, 
"THERYS_PERMH_US" : 1200.0, 
"THERYS_PERMH_LS" : 40.0, 
"VOLON_PERMH_CHANNEL" : 1100.0
}, 
"LOG10_GLOBVAR" : {
"FAULT_SEAL_SCALING" : 0.3992065769577174
}, 
"MULTREGT" : {
"MULT_R1_VALYSAR_THERYS" : 0.006657953246949792, 
"MULT_R1_VALYSAR_VOLON" : 0.013841214114872229, 
"MULT_R1_THERYS_VOLON" : 0.0005356107898670661, 
"MULT_R2_VALYSAR_THERYS" : 1.6665323277402752e-05, 
"MULT_R2_VALYSAR_VOLON" : 0.036123482758721195, 
"MULT_R2_THERYS_VOLON" : 0.007082215208727726, 
"MULT_R3_VALYSAR_THERYS" : 9.70821350596744e-06, 
"MULT_R3_VALYSAR_VOLON" : 1.712641479505007e-06, 
"MULT_R3_THERYS_VOLON" : 0.07567371142430782, 
"MULT_R4_VALYSAR_THERYS" : 0.028219043533460615, 
"MULT_R4_VALYSAR_VOLON" : 0.00015744240750610857, 
"MULT_R4_THERYS_VOLON" : 0.08298596653869081, 
"MULT_R5_VALYSAR_THERYS" : 7.064935558852457e-06, 
"MULT_R5_VALYSAR_VOLON" : 0.007670681756905287, 
"MULT_R5_THERYS_VOLON" : 0.005032109703436955, 
"MULT_R6_VALYSAR_THERYS" : 9.797214773368191e-05, 
"MULT_R6_VALYSAR_VOLON" : 0.010972624828699207, 
"MULT_R6_THERYS_VOLON" : 0.14109726921507473, 
"MULT_R7_VALYSAR_THERYS" : 0.24779960857433062, 
"MULT_R7_VALYSAR_VOLON" : 0.08216682219536942, 
"MULT_R7_THERYS_VOLON" : 1.1383321016583119e-05, 
"MULT_R5_THERYS_R2_ALL" : 0.0061966214147606965, 
"MULT_R5_THERYS_R6_ALL" : 0.00018433309639701929
}, 
"LOG10_MULTREGT" : {
"MULT_R1_VALYSAR_THERYS" : -2.1766592588433658, 
"MULT_R1_VALYSAR_VOLON" : -1.858825813039465, 
"MULT_R1_THERYS_VOLON" : -3.2711506827195365, 
"MULT_R2_VALYSAR_THERYS" : -4.778186257387165, 
"MULT_R2_VALYSAR_VOLON" : -1.4422103848818435, 
"MULT_R2_THERYS_VOLON" : -2.149830880381799, 
"MULT_R3_VALYSAR_THERYS" : -5.012860681099487, 
"MULT_R3_VALYSAR_VOLON" : -5.766333541744818, 
"MULT_R3_THERYS_VOLON" : -1.121054965496295, 
"MULT_R4_VALYSAR_THERYS" : -1.5494577104675589, 
"MULT_R4_VALYSAR_VOLON" : -3.802878277915376, 
"MULT_R4_THERYS_VOLON" : -1.0809953434082902, 
"MULT_R5_VALYSAR_THERYS" : -5.150891795112297, 
"MULT_R5_VALYSAR_VOLON" : -2.115166034994449, 
"MULT_R5_THERYS_VOLON" : -2.298249899542521, 
"MULT_R6_VALYSAR_THERYS" : -4.008897371295169, 
"MULT_R6_VALYSAR_VOLON" : -1.9596894697578235, 
"MULT_R6_THERYS_VOLON" : -0.8504813914639424, 
"MULT_R7_VALYSAR_THERYS" : -0.6058993839734442, 
"MULT_R7_VALYSAR_VOLON" : -1.0853035090553775, 
"MULT_R7_THERYS_VOLON" : -4.943731016608367, 
"MULT_R5_THERYS_R2_ALL" : -2.207845036447196, 
"MULT_R5_THERYS_R6_ALL" : -3.7343966816438963
}, 
"RATE" : {
"WWIR_MULT_20180101_A5" : 1.0, 
"WWIR_MULT_20190101_A5" : 1.0, 
"WOPR_MULT_20180101_A1" : 1.0, 
"WWPR_MULT_20180101_A1" : 1.0, 
"WGPR_MULT_20180101_A1" : 1.0
}
}