{
"SWITCHES" : {
"DCONV_ALTERNATIVE" : 2.0, 
"HUM_MODEL_MODE" : 0.0, 
"PETROMODEL_ALTERNATIVE" : 1.0, 
"FACIESMODEL_ALTERNATIVE" : 1.0, 
"FACIES_VALYSAR_SEISCOND" : 1.0, 
"FACIES_THERYS_ALT2" : 1.0
}, 
"GLOBVAR" : {
"KVKH_CHANNEL" : 0.7186595580877082, 
"KVKH_CREVASSE" : 0.4363511486715138, 
"KVKH_US" : 0.4569094523981687, 
"KVKH_LS" : 0.7189791961968871, 
"FWL_CENTRAL" : 1678.4364734913427, 
"FWL_NORTH_HORST" : 1664.7026343659218, 
"GOC_NORTH_HORST" : 1641.2419320806316, 
"FAULT_SEAL_SCALING" : 0.22049361011669613, 
"RELPERM_INT_WO" : -0.5321471268745079, 
"RELPERM_INT_GO" : 0.04451159548000283, 
"PERMREF_CHANNEL" : 1050.0, 
"PERMREF_CREAVASSE" : 100.0, 
"PERMREF_USHOREFACE" : 1200.0, 
"PERMREF_LSHOREFACE" : 40.0, 
"PERMREF_OFFSHORE" : 2.0, 
"PERMREF_FLOODPLAIN" : 1.0, 
"POROREF_CHANNEL" : 0.24, 
"POROREF_CREAVASSE" : 0.22, 
"POROREF_USHOREFACE" : 0.31, 
"POROREF_LSHOREFACE" : 0.23, 
"POROREF_OFFSHORE" : 0.1, 
"POROREF_FLOODPLAIN" : 0.13, 
"SWLHEIGHT" : 350.0, 
"SIMGRID_MINPV" : 100.0, 
"ISOTREND_ALT1W_VALYSAR" : 0.8419693056635018, 
"ISOTREND_ALT1W_THERYS" : 0.9233934482723273, 
"ISOTREND_ALT1W_VOLON" : 0.5256148128629194, 
"VALYSAR_APS_PROB_CHANNEL" : 0.25306156643706257, 
"THERYS_APS_PROB_LOWSHOREFACE" : 0.23803488592361313, 
"THERYS_APS_PROB_UPSHOREFACE" : 0.27452776208908836, 
"VOLON_APS_PROB_CHANNEL" : 0.648674626994676, 
"VALYSAR_CHANNEL_AZIMUTH" : 70.0, 
"VALYSAR_CHANNEL_WIDTH" : 700.0, 
"VALYSAR_CHANNEL_VOLFRAC" : 0.6, 
"VOLON_FLOODPLAIN_AZIMUTH" : 0.0, 
"VOLON_FLOODPLAIN_VARIOGRAM_RANGE_PARALLEL" : 800.0, 
"VOLON_FLOODPLAIN_VARIOGRAM_RANGE_NORMAL" : 200.0, 
"VOLON_FLOODPLAIN_VOLFRAC" : 0.3, 
"VALYSAR_PORO_CHANNEL" : 0.27, 
"VALYSAR_PORO_CREVASSE" : 0.22, 
"THERYS_PORO_US" : 0.31, 
"THERYS_PORO_LS" : 0.23, 
"VOLON_PORO_CHANNEL" : 0.2, 
"VALYSAR_PERMH_CHANNEL" : 1000.0, 
"VALYSAR_PERMH_CREVASSE" : 100.0, 
"THERYS_PERMH_US" : 1200.0, 
"THERYS_PERMH_LS" : 40.0, 
"VOLON_PERMH_CHANNEL" : 1100.0
}, 
"LOG10_GLOBVAR" : {
"FAULT_SEAL_SCALING" : -0.6566039918254823
}, 
"MULTREGT" : {
"MULT_R1_VALYSAR_THERYS" : 0.022753137587893702, 
"MULT_R1_VALYSAR_VOLON" : 1.5280039075460132e-05, 
"MULT_R1_THERYS_VOLON" : 0.038531827799862015, 
"MULT_R2_VALYSAR_THERYS" : 3.112131177248458e-05, 
"MULT_R2_VALYSAR_VOLON" : 0.8089125667233461, 
"MULT_R2_THERYS_VOLON" : 9.821801772404116e-05, 
"MULT_R3_VALYSAR_THERYS" : 6.0358681183211e-06, 
"MULT_R3_VALYSAR_VOLON" : 0.008415418101209103, 
"MULT_R3_THERYS_VOLON" : 0.01610766933505612, 
"MULT_R4_VALYSAR_THERYS" : 1.09655107287659e-06, 
"MULT_R4_VALYSAR_VOLON" : 5.5945572361413135e-05, 
"MULT_R4_THERYS_VOLON" : 0.00023931820041243955, 
"MULT_R5_VALYSAR_THERYS" : 0.0003615283861502468, 
"MULT_R5_VALYSAR_VOLON" : 0.016654701114341933, 
"MULT_R5_THERYS_VOLON" : 1.1257321045877522e-06, 
"MULT_R6_VALYSAR_THERYS" : 0.0041983831724426435, 
"MULT_R6_VALYSAR_VOLON" : 0.023617425611851754, 
"MULT_R6_THERYS_VOLON" : 0.0016637663650164141, 
"MULT_R7_VALYSAR_THERYS" : 0.06757277627421998, 
"MULT_R7_VALYSAR_VOLON" : 1.619983958500379e-05, 
"MULT_R7_THERYS_VOLON" : 0.12110430224982657, 
"MULT_R5_THERYS_R2_ALL" : 0.0001872209494846395, 
"MULT_R5_THERYS_R6_ALL" : 0.0014965991748454352
}, 
"LOG10_MULTREGT" : {
"MULT_R1_VALYSAR_THERYS" : -1.6429587070001581, 
"MULT_R1_VALYSAR_VOLON" : -4.815875535142854, 
"MULT_R1_THERYS_VOLON" : -1.4141803892593496, 
"MULT_R2_VALYSAR_THERYS" : -4.506942105655838, 
"MULT_R2_VALYSAR_VOLON" : -0.09209841762338661, 
"MULT_R2_THERYS_VOLON" : -4.007808835223738, 
"MULT_R3_VALYSAR_THERYS" : -5.219260257980465, 
"MULT_R3_VALYSAR_VOLON" : -2.0749243022030424, 
"MULT_R3_THERYS_VOLON" : -1.792967294351077, 
"MULT_R4_VALYSAR_THERYS" : -5.959971135849725, 
"MULT_R4_VALYSAR_VOLON" : -4.252234278663693, 
"MULT_R4_THERYS_VOLON" : -3.621024271557409, 
"MULT_R5_VALYSAR_THERYS" : -3.441857597499672, 
"MULT_R5_VALYSAR_VOLON" : -1.7784631567618614, 
"MULT_R5_THERYS_VOLON" : -5.948564948154115, 
"MULT_R6_VALYSAR_THERYS" : -2.3769179273345142, 
"MULT_R6_VALYSAR_VOLON" : -1.626767443873235, 
"MULT_R6_THERYS_VOLON" : -2.778907659720802, 
"MULT_R7_VALYSAR_THERYS" : -1.1702282374194866, 
"MULT_R7_VALYSAR_VOLON" : -4.79048928593222, 
"MULT_R7_THERYS_VOLON" : -0.9168404282015333, 
"MULT_R5_THERYS_R2_ALL" : -3.727645556578015, 
"MULT_R5_THERYS_R6_ALL" : -2.824894498562518
}, 
"RATE" : {
"WWIR_MULT_20180101_A5" : 1.0, 
"WWIR_MULT_20190101_A5" : 1.0, 
"WOPR_MULT_20180101_A1" : 1.0, 
"WWPR_MULT_20180101_A1" : 1.0, 
"WGPR_MULT_20180101_A1" : 1.0
}
}