{
"SWITCHES" : {
"DCONV_ALTERNATIVE" : 2.0, 
"HUM_MODEL_MODE" : 0.0, 
"PETROMODEL_ALTERNATIVE" : 1.0, 
"FACIESMODEL_ALTERNATIVE" : 1.0, 
"FACIES_VALYSAR_SEISCOND" : 1.0, 
"FACIES_THERYS_ALT2" : 1.0
}, 
"GLOBVAR" : {
"KVKH_CHANNEL" : 0.4304093566489751, 
"KVKH_CREVASSE" : 0.24016832730532525, 
"KVKH_US" : 0.4645047681875133, 
"KVKH_LS" : 0.6922349574260573, 
"FWL_CENTRAL" : 1675.4387798290165, 
"FWL_NORTH_HORST" : 1656.1728536695416, 
"GOC_NORTH_HORST" : 1638.7860571771514, 
"FAULT_SEAL_SCALING" : 0.5013595122313541, 
"RELPERM_INT_WO" : -0.9538410990137381, 
"RELPERM_INT_GO" : -0.7242402139458277, 
"PERMREF_CHANNEL" : 1050.0, 
"PERMREF_CREAVASSE" : 100.0, 
"PERMREF_USHOREFACE" : 1200.0, 
"PERMREF_LSHOREFACE" : 40.0, 
"PERMREF_OFFSHORE" : 2.0, 
"PERMREF_FLOODPLAIN" : 1.0, 
"POROREF_CHANNEL" : 0.24, 
"POROREF_CREAVASSE" : 0.22, 
"POROREF_USHOREFACE" : 0.31, 
"POROREF_LSHOREFACE" : 0.23, 
"POROREF_OFFSHORE" : 0.1, 
"POROREF_FLOODPLAIN" : 0.13, 
"SWLHEIGHT" : 350.0, 
"SIMGRID_MINPV" : 100.0, 
"ISOTREND_ALT1W_VALYSAR" : 0.805099154463835, 
"ISOTREND_ALT1W_THERYS" : 0.8689437118201502, 
"ISOTREND_ALT1W_VOLON" : 0.560706900092804, 
"VALYSAR_APS_PROB_CHANNEL" : 0.27589945430762264, 
"THERYS_APS_PROB_LOWSHOREFACE" : 0.34209442922324207, 
"THERYS_APS_PROB_UPSHOREFACE" : 0.14583717228364723, 
"VOLON_APS_PROB_CHANNEL" : 0.5806025565235873, 
"VALYSAR_CHANNEL_AZIMUTH" : 70.0, 
"VALYSAR_CHANNEL_WIDTH" : 700.0, 
"VALYSAR_CHANNEL_VOLFRAC" : 0.6, 
"VOLON_FLOODPLAIN_AZIMUTH" : 0.0, 
"VOLON_FLOODPLAIN_VARIOGRAM_RANGE_PARALLEL" : 800.0, 
"VOLON_FLOODPLAIN_VARIOGRAM_RANGE_NORMAL" : 200.0, 
"VOLON_FLOODPLAIN_VOLFRAC" : 0.3, 
"VALYSAR_PORO_CHANNEL" : 0.27, 
"VALYSAR_PORO_CREVASSE" : 0.22, 
"THERYS_PORO_US" : 0.31, 
"THERYS_PORO_LS" : 0.23, 
"VOLON_PORO_CHANNEL" : 0.2, 
"VALYSAR_PERMH_CHANNEL" : 1000.0, 
"VALYSAR_PERMH_CREVASSE" : 100.0, 
"THERYS_PERMH_US" : 1200.0, 
"THERYS_PERMH_LS" : 40.0, 
"VOLON_PERMH_CHANNEL" : 1100.0
}, 
"LOG10_GLOBVAR" : {
"FAULT_SEAL_SCALING" : -0.2998507408294959
}, 
"MULTREGT" : {
"MULT_R1_VALYSAR_THERYS" : 2.00825862751384e-06, 
"MULT_R1_VALYSAR_VOLON" : 0.7935301435289034, 
"MULT_R1_THERYS_VOLON" : 0.003686358599845468, 
"MULT_R2_VALYSAR_THERYS" : 4.444367253546386e-05, 
"MULT_R2_VALYSAR_VOLON" : 6.104010433117735e-06, 
"MULT_R2_THERYS_VOLON" : 0.0027324072029080177, 
"MULT_R3_VALYSAR_THERYS" : 0.0003652733012621749, 
"MULT_R3_VALYSAR_VOLON" : 8.03518499262155e-06, 
"MULT_R3_THERYS_VOLON" : 1.0960340066680646e-05, 
"MULT_R4_VALYSAR_THERYS" : 0.0024998645838723034, 
"MULT_R4_VALYSAR_VOLON" : 0.04028134925210077, 
"MULT_R4_THERYS_VOLON" : 0.2601614956079282, 
"MULT_R5_VALYSAR_THERYS" : 7.373421049921942e-05, 
"MULT_R5_VALYSAR_VOLON" : 0.08066092875778434, 
"MULT_R5_THERYS_VOLON" : 8.635648688243882e-06, 
"MULT_R6_VALYSAR_THERYS" : 0.03473134698643825, 
"MULT_R6_VALYSAR_VOLON" : 0.00010397498232265077, 
"MULT_R6_THERYS_VOLON" : 0.013015096264475761, 
"MULT_R7_VALYSAR_THERYS" : 2.8464872246234124e-06, 
"MULT_R7_VALYSAR_VOLON" : 0.008411945039213775, 
"MULT_R7_THERYS_VOLON" : 0.06744061531210044, 
"MULT_R5_THERYS_R2_ALL" : 0.00243268158342368, 
"MULT_R5_THERYS_R6_ALL" : 0.0005884144878432119
}, 
"LOG10_MULTREGT" : {
"MULT_R1_VALYSAR_THERYS" : -5.6971803586239345, 
"MULT_R1_VALYSAR_VOLON" : -0.10043657121584999, 
"MULT_R1_THERYS_VOLON" : -2.433402419969101, 
"MULT_R2_VALYSAR_THERYS" : -4.352190060982608, 
"MULT_R2_VALYSAR_VOLON" : -5.214384732746231, 
"MULT_R2_THERYS_VOLON" : -2.563454578490547, 
"MULT_R3_VALYSAR_THERYS" : -3.43738207029632, 
"MULT_R3_VALYSAR_VOLON" : -5.095004120101646, 
"MULT_R3_THERYS_VOLON" : -4.9601759707794155, 
"MULT_R4_VALYSAR_THERYS" : -2.6020835161559037, 
"MULT_R4_VALYSAR_VOLON" : -1.3948959908759129, 
"MULT_R4_THERYS_VOLON" : -0.584756979420884, 
"MULT_R5_VALYSAR_THERYS" : -4.132330965549414, 
"MULT_R5_VALYSAR_VOLON" : -1.0933367816829924, 
"MULT_R5_THERYS_VOLON" : -5.063705033760284, 
"MULT_R6_VALYSAR_THERYS" : -1.459278373112118, 
"MULT_R6_VALYSAR_VOLON" : -3.9830711447997764, 
"MULT_R6_THERYS_VOLON" : -1.8855526153399151, 
"MULT_R7_VALYSAR_THERYS" : -5.545690761013862, 
"MULT_R7_VALYSAR_VOLON" : -2.0751035735087973, 
"MULT_R7_THERYS_VOLON" : -1.1710784759658939, 
"MULT_R5_THERYS_R2_ALL" : -2.6139147326688086, 
"MULT_R5_THERYS_R6_ALL" : -3.230316642686688
}, 
"RATE" : {
"WWIR_MULT_20180101_A5" : 1.0, 
"WWIR_MULT_20190101_A5" : 1.0, 
"WOPR_MULT_20180101_A1" : 1.0, 
"WWPR_MULT_20180101_A1" : 1.0, 
"WGPR_MULT_20180101_A1" : 1.0
}
}