{
"SWITCHES" : {
"DCONV_ALTERNATIVE" : 2.0, 
"HUM_MODEL_MODE" : 0.0, 
"PETROMODEL_ALTERNATIVE" : 1.0, 
"FACIESMODEL_ALTERNATIVE" : 1.0, 
"FACIES_VALYSAR_SEISCOND" : 1.0, 
"FACIES_THERYS_ALT2" : 1.0
}, 
"GLOBVAR" : {
"KVKH_CHANNEL" : 0.4616279791160422, 
"KVKH_CREVASSE" : 0.18839029190324125, 
"KVKH_US" : 0.6134570837633747, 
"KVKH_LS" : 0.8441917815859324, 
"FWL_CENTRAL" : 1677.8914224648638, 
"FWL_NORTH_HORST" : 1658.7483415075899, 
"GOC_NORTH_HORST" : 1637.4557630614797, 
"FAULT_SEAL_SCALING" : 1.1003203383365086, 
"RELPERM_INT_WO" : 0.8426478025718769, 
"RELPERM_INT_GO" : -0.9923671953102678, 
"PERMREF_CHANNEL" : 1050.0, 
"PERMREF_CREAVASSE" : 100.0, 
"PERMREF_USHOREFACE" : 1200.0, 
"PERMREF_LSHOREFACE" : 40.0, 
"PERMREF_OFFSHORE" : 2.0, 
"PERMREF_FLOODPLAIN" : 1.0, 
"POROREF_CHANNEL" : 0.24, 
"POROREF_CREAVASSE" : 0.22, 
"POROREF_USHOREFACE" : 0.31, 
"POROREF_LSHOREFACE" : 0.23, 
"POROREF_OFFSHORE" : 0.1, 
"POROREF_FLOODPLAIN" : 0.13, 
"SWLHEIGHT" : 350.0, 
"SIMGRID_MINPV" : 100.0, 
"ISOTREND_ALT1W_VALYSAR" : 0.8925788863864768, 
"ISOTREND_ALT1W_THERYS" : 0.8780342314921126, 
"ISOTREND_ALT1W_VOLON" : 0.5416131601978468, 
"VALYSAR_APS_PROB_CHANNEL" : 0.3034204550846436, 
"THERYS_APS_PROB_LOWSHOREFACE" : 0.21287052019954836, 
"THERYS_APS_PROB_UPSHOREFACE" : 0.13767868658807048, 
"VOLON_APS_PROB_CHANNEL" : 0.6587599909095049, 
"VALYSAR_CHANNEL_AZIMUTH" : 70.0, 
"VALYSAR_CHANNEL_WIDTH" : 700.0, 
"VALYSAR_CHANNEL_VOLFRAC" : 0.6, 
"VOLON_FLOODPLAIN_AZIMUTH" : 0.0, 
"VOLON_FLOODPLAIN_VARIOGRAM_RANGE_PARALLEL" : 800.0, 
"VOLON_FLOODPLAIN_VARIOGRAM_RANGE_NORMAL" : 200.0, 
"VOLON_FLOODPLAIN_VOLFRAC" : 0.3, 
"VALYSAR_PORO_CHANNEL" : 0.27, 
"VALYSAR_PORO_CREVASSE" : 0.22, 
"THERYS_PORO_US" : 0.31, 
"THERYS_PORO_LS" : 0.23, 
"VOLON_PORO_CHANNEL" : 0.2, 
"VALYSAR_PERMH_CHANNEL" : 1000.0, 
"VALYSAR_PERMH_CREVASSE" : 100.0, 
"THERYS_PERMH_US" : 1200.0, 
"THERYS_PERMH_LS" : 40.0, 
"VOLON_PERMH_CHANNEL" : 1100.0
}, 
"LOG10_GLOBVAR" : {
"FAULT_SEAL_SCALING" : 0.04151914053878642
}, 
"MULTREGT" : {
"MULT_R1_VALYSAR_THERYS" : 7.502457902946619e-06, 
"MULT_R1_VALYSAR_VOLON" : 0.0004076562273760597, 
"MULT_R1_THERYS_VOLON" : 7.354396065835144e-06, 
"MULT_R2_VALYSAR_THERYS" : 3.906563334130048e-06, 
"MULT_R2_VALYSAR_VOLON" : 0.09459141895048985, 
"MULT_R2_THERYS_VOLON" : 0.00142238216281787, 
"MULT_R3_VALYSAR_THERYS" : 0.6728890214254495, 
"MULT_R3_VALYSAR_VOLON" : 0.015442204332124477, 
"MULT_R3_THERYS_VOLON" : 0.0001579637301696607, 
"MULT_R4_VALYSAR_THERYS" : 1.3317613182869165e-06, 
"MULT_R4_VALYSAR_VOLON" : 2.019626834982903e-06, 
"MULT_R4_THERYS_VOLON" : 6.412877524721201e-05, 
"MULT_R5_VALYSAR_THERYS" : 0.00033460619805271663, 
"MULT_R5_VALYSAR_VOLON" : 0.5764831390686279, 
"MULT_R5_THERYS_VOLON" : 6.460058480239149e-05, 
"MULT_R6_VALYSAR_THERYS" : 2.503640904309691e-06, 
"MULT_R6_VALYSAR_VOLON" : 0.0699494323019106, 
"MULT_R6_THERYS_VOLON" : 5.0470495505421894e-05, 
"MULT_R7_VALYSAR_THERYS" : 0.004513507976150519, 
"MULT_R7_VALYSAR_VOLON" : 1.858313313139154e-05, 
"MULT_R7_THERYS_VOLON" : 0.07772761696372917, 
"MULT_R5_THERYS_R2_ALL" : 0.00018088016690826083, 
"MULT_R5_THERYS_R6_ALL" : 5.666279598752608e-05
}, 
"LOG10_MULTREGT" : {
"MULT_R1_VALYSAR_THERYS" : -5.1247964327667255, 
"MULT_R1_VALYSAR_VOLON" : -3.389705918985965, 
"MULT_R1_THERYS_VOLON" : -5.133452985213026, 
"MULT_R2_VALYSAR_THERYS" : -5.408205130412326, 
"MULT_R2_VALYSAR_VOLON" : -1.024148259702686, 
"MULT_R2_THERYS_VOLON" : -2.846983702548175, 
"MULT_R3_VALYSAR_THERYS" : -0.1720565574058585, 
"MULT_R3_VALYSAR_VOLON" : -1.8112907052343088, 
"MULT_R3_THERYS_VOLON" : -3.801442619345643, 
"MULT_R4_VALYSAR_THERYS" : -5.875573603573607, 
"MULT_R4_VALYSAR_VOLON" : -5.694728867424179, 
"MULT_R4_THERYS_VOLON" : -4.192947054304758, 
"MULT_R5_VALYSAR_THERYS" : -3.475466018677979, 
"MULT_R5_VALYSAR_VOLON" : -0.2392133903927672, 
"MULT_R5_THERYS_VOLON" : -4.189763550498692, 
"MULT_R6_VALYSAR_THERYS" : -5.601427961587959, 
"MULT_R6_VALYSAR_VOLON" : -1.1552158058204463, 
"MULT_R6_THERYS_VOLON" : -4.296962431461794, 
"MULT_R7_VALYSAR_THERYS" : -2.3454857857299727, 
"MULT_R7_VALYSAR_VOLON" : -4.730881061765397, 
"MULT_R7_THERYS_VOLON" : -1.1094246470425821, 
"MULT_R5_THERYS_R2_ALL" : -3.7426090499146687, 
"MULT_R5_THERYS_R6_ALL" : -4.246701999317971
}, 
"RATE" : {
"WWIR_MULT_20180101_A5" : 1.0, 
"WWIR_MULT_20190101_A5" : 1.0, 
"WOPR_MULT_20180101_A1" : 1.0, 
"WWPR_MULT_20180101_A1" : 1.0, 
"WGPR_MULT_20180101_A1" : 1.0
}
}