{
"SWITCHES" : {
"DCONV_ALTERNATIVE" : 2.0, 
"HUM_MODEL_MODE" : 0.0, 
"PETROMODEL_ALTERNATIVE" : 1.0, 
"FACIESMODEL_ALTERNATIVE" : 1.0, 
"FACIES_VALYSAR_SEISCOND" : 1.0, 
"FACIES_THERYS_ALT2" : 1.0
}, 
"GLOBVAR" : {
"KVKH_CHANNEL" : 0.4625360374223849, 
"KVKH_CREVASSE" : 0.21019332856204473, 
"KVKH_US" : 0.6001548438249499, 
"KVKH_LS" : 0.6540107924006539, 
"FWL_CENTRAL" : 1677.3933708664024, 
"FWL_NORTH_HORST" : 1658.7207903097776, 
"GOC_NORTH_HORST" : 1639.4825643403835, 
"FAULT_SEAL_SCALING" : 0.829860133401539, 
"RELPERM_INT_WO" : -0.6848966593365133, 
"RELPERM_INT_GO" : -0.7050890451696921, 
"PERMREF_CHANNEL" : 1050.0, 
"PERMREF_CREAVASSE" : 100.0, 
"PERMREF_USHOREFACE" : 1200.0, 
"PERMREF_LSHOREFACE" : 40.0, 
"PERMREF_OFFSHORE" : 2.0, 
"PERMREF_FLOODPLAIN" : 1.0, 
"POROREF_CHANNEL" : 0.24, 
"POROREF_CREAVASSE" : 0.22, 
"POROREF_USHOREFACE" : 0.31, 
"POROREF_LSHOREFACE" : 0.23, 
"POROREF_OFFSHORE" : 0.1, 
"POROREF_FLOODPLAIN" : 0.13, 
"SWLHEIGHT" : 350.0, 
"SIMGRID_MINPV" : 100.0, 
"ISOTREND_ALT1W_VALYSAR" : 0.9849577045649865, 
"ISOTREND_ALT1W_THERYS" : 0.810333720294951, 
"ISOTREND_ALT1W_VOLON" : 0.5215169938585503, 
"VALYSAR_APS_PROB_CHANNEL" : 0.4008068985365004, 
"THERYS_APS_PROB_LOWSHOREFACE" : 0.23460150504526442, 
"THERYS_APS_PROB_UPSHOREFACE" : 0.18844637189806185, 
"VOLON_APS_PROB_CHANNEL" : 0.6525757095964395, 
"VALYSAR_CHANNEL_AZIMUTH" : 70.0, 
"VALYSAR_CHANNEL_WIDTH" : 700.0, 
"VALYSAR_CHANNEL_VOLFRAC" : 0.6, 
"VOLON_FLOODPLAIN_AZIMUTH" : 0.0, 
"VOLON_FLOODPLAIN_VARIOGRAM_RANGE_PARALLEL" : 800.0, 
"VOLON_FLOODPLAIN_VARIOGRAM_RANGE_NORMAL" : 200.0, 
"VOLON_FLOODPLAIN_VOLFRAC" : 0.3, 
"VALYSAR_PORO_CHANNEL" : 0.27, 
"VALYSAR_PORO_CREVASSE" : 0.22, 
"THERYS_PORO_US" : 0.31, 
"THERYS_PORO_LS" : 0.23, 
"VOLON_PORO_CHANNEL" : 0.2, 
"VALYSAR_PERMH_CHANNEL" : 1000.0, 
"VALYSAR_PERMH_CREVASSE" : 100.0, 
"THERYS_PERMH_US" : 1200.0, 
"THERYS_PERMH_LS" : 40.0, 
"VOLON_PERMH_CHANNEL" : 1100.0
}, 
"LOG10_GLOBVAR" : {
"FAULT_SEAL_SCALING" : -0.08099509847999357
}, 
"MULTREGT" : {
"MULT_R1_VALYSAR_THERYS" : 4.4056005211628144e-06, 
"MULT_R1_VALYSAR_VOLON" : 0.03972510557769195, 
"MULT_R1_THERYS_VOLON" : 0.05540972962638939, 
"MULT_R2_VALYSAR_THERYS" : 2.6539716643860404e-06, 
"MULT_R2_VALYSAR_VOLON" : 0.07725182018829714, 
"MULT_R2_THERYS_VOLON" : 0.008552816813826719, 
"MULT_R3_VALYSAR_THERYS" : 0.005473226610316323, 
"MULT_R3_VALYSAR_VOLON" : 0.01200306894096178, 
"MULT_R3_THERYS_VOLON" : 0.12353522662727025, 
"MULT_R4_VALYSAR_THERYS" : 0.02270651234381151, 
"MULT_R4_VALYSAR_VOLON" : 0.14787038444901565, 
"MULT_R4_THERYS_VOLON" : 0.000496819970568179, 
"MULT_R5_VALYSAR_THERYS" : 0.0007499806672934459, 
"MULT_R5_VALYSAR_VOLON" : 0.0001633268396088362, 
"MULT_R5_THERYS_VOLON" : 0.00011845826877289302, 
"MULT_R6_VALYSAR_THERYS" : 8.707078200209717e-06, 
"MULT_R6_VALYSAR_VOLON" : 0.08921269613783071, 
"MULT_R6_THERYS_VOLON" : 0.2638357041169042, 
"MULT_R7_VALYSAR_THERYS" : 1.772364603493628e-05, 
"MULT_R7_VALYSAR_VOLON" : 0.8524551696112633, 
"MULT_R7_THERYS_VOLON" : 5.147513932981865e-05, 
"MULT_R5_THERYS_R2_ALL" : 0.00046758392371524577, 
"MULT_R5_THERYS_R6_ALL" : 1.4384708401407123e-06
}, 
"LOG10_MULTREGT" : {
"MULT_R1_VALYSAR_THERYS" : -5.355994885151678, 
"MULT_R1_VALYSAR_VOLON" : -1.4009349398915558, 
"MULT_R1_THERYS_VOLON" : -1.256413968989232, 
"MULT_R2_VALYSAR_THERYS" : -5.576103718271311, 
"MULT_R2_VALYSAR_VOLON" : -1.1120912790433135, 
"MULT_R2_THERYS_VOLON" : -2.0678908296891274, 
"MULT_R3_VALYSAR_THERYS" : -2.2617565702071163, 
"MULT_R3_VALYSAR_VOLON" : -1.9207076994755055, 
"MULT_R3_THERYS_VOLON" : -0.9082091837129692, 
"MULT_R4_VALYSAR_THERYS" : -1.6438495670641038, 
"MULT_R4_VALYSAR_VOLON" : -0.8301187979995632, 
"MULT_R4_THERYS_VOLON" : -3.303800955236382, 
"MULT_R5_VALYSAR_THERYS" : -3.124949931536288, 
"MULT_R5_VALYSAR_VOLON" : -3.7869424414959205, 
"MULT_R5_THERYS_VOLON" : -3.9264346187140986, 
"MULT_R6_VALYSAR_THERYS" : -5.0601275550274485, 
"MULT_R6_VALYSAR_VOLON" : -1.049573335419446, 
"MULT_R6_THERYS_VOLON" : -0.5786664330060762, 
"MULT_R7_VALYSAR_THERYS" : -4.751446931999092, 
"MULT_R7_VALYSAR_VOLON" : -0.06932845116524906, 
"MULT_R7_THERYS_VOLON" : -4.288402469186093, 
"MULT_R5_THERYS_R2_ALL" : -3.330140428993902, 
"MULT_R5_THERYS_R6_ALL" : -5.842098937454113
}, 
"RATE" : {
"WWIR_MULT_20180101_A5" : 1.0, 
"WWIR_MULT_20190101_A5" : 1.0, 
"WOPR_MULT_20180101_A1" : 1.0, 
"WWPR_MULT_20180101_A1" : 1.0, 
"WGPR_MULT_20180101_A1" : 1.0
}
}