{
"SWITCHES" : {
"DCONV_ALTERNATIVE" : 2.0, 
"HUM_MODEL_MODE" : 0.0, 
"PETROMODEL_ALTERNATIVE" : 1.0, 
"FACIESMODEL_ALTERNATIVE" : 1.0, 
"FACIES_VALYSAR_SEISCOND" : 1.0, 
"FACIES_THERYS_ALT2" : 1.0
}, 
"GLOBVAR" : {
"KVKH_CHANNEL" : 0.576520569040963, 
"KVKH_CREVASSE" : 0.3351166611164845, 
"KVKH_US" : 0.40844553477343293, 
"KVKH_LS" : 0.6041580712223844, 
"FWL_CENTRAL" : 1675.988203099329, 
"FWL_NORTH_HORST" : 1664.588708535867, 
"GOC_NORTH_HORST" : 1635.9330601960585, 
"FAULT_SEAL_SCALING" : 4.305769162068664, 
"RELPERM_INT_WO" : 0.9893928749376151, 
"RELPERM_INT_GO" : -0.4258719610065276, 
"PERMREF_CHANNEL" : 1050.0, 
"PERMREF_CREAVASSE" : 100.0, 
"PERMREF_USHOREFACE" : 1200.0, 
"PERMREF_LSHOREFACE" : 40.0, 
"PERMREF_OFFSHORE" : 2.0, 
"PERMREF_FLOODPLAIN" : 1.0, 
"POROREF_CHANNEL" : 0.24, 
"POROREF_CREAVASSE" : 0.22, 
"POROREF_USHOREFACE" : 0.31, 
"POROREF_LSHOREFACE" : 0.23, 
"POROREF_OFFSHORE" : 0.1, 
"POROREF_FLOODPLAIN" : 0.13, 
"SWLHEIGHT" : 350.0, 
"SIMGRID_MINPV" : 100.0, 
"ISOTREND_ALT1W_VALYSAR" : 0.9385367619318978, 
"ISOTREND_ALT1W_THERYS" : 0.8563972287101322, 
"ISOTREND_ALT1W_VOLON" : 0.554279462047255, 
"VALYSAR_APS_PROB_CHANNEL" : 0.2845533456285347, 
"THERYS_APS_PROB_LOWSHOREFACE" : 0.2593432303503843, 
"THERYS_APS_PROB_UPSHOREFACE" : 0.2989576356373105, 
"VOLON_APS_PROB_CHANNEL" : 0.5429241070688137, 
"VALYSAR_CHANNEL_AZIMUTH" : 70.0, 
"VALYSAR_CHANNEL_WIDTH" : 700.0, 
"VALYSAR_CHANNEL_VOLFRAC" : 0.6, 
"VOLON_FLOODPLAIN_AZIMUTH" : 0.0, 
"VOLON_FLOODPLAIN_VARIOGRAM_RANGE_PARALLEL" : 800.0, 
"VOLON_FLOODPLAIN_VARIOGRAM_RANGE_NORMAL" : 200.0, 
"VOLON_FLOODPLAIN_VOLFRAC" : 0.3, 
"VALYSAR_PORO_CHANNEL" : 0.27, 
"VALYSAR_PORO_CREVASSE" : 0.22, 
"THERYS_PORO_US" : 0.31, 
"THERYS_PORO_LS" : 0.23, 
"VOLON_PORO_CHANNEL" : 0.2, 
"VALYSAR_PERMH_CHANNEL" : 1000.0, 
"VALYSAR_PERMH_CREVASSE" : 100.0, 
"THERYS_PERMH_US" : 1200.0, 
"THERYS_PERMH_LS" : 40.0, 
"VOLON_PERMH_CHANNEL" : 1100.0
}, 
"LOG10_GLOBVAR" : {
"FAULT_SEAL_SCALING" : 0.6340507430148589
}, 
"MULTREGT" : {
"MULT_R1_VALYSAR_THERYS" : 5.1459902671563884e-06, 
"MULT_R1_VALYSAR_VOLON" : 0.0014394174931211564, 
"MULT_R1_THERYS_VOLON" : 0.18569053388119428, 
"MULT_R2_VALYSAR_THERYS" : 0.00010564137140929622, 
"MULT_R2_VALYSAR_VOLON" : 1.760195063433272e-06, 
"MULT_R2_THERYS_VOLON" : 0.28365559473654933, 
"MULT_R3_VALYSAR_THERYS" : 1.5526207566518474e-05, 
"MULT_R3_VALYSAR_VOLON" : 1.048727171133619e-05, 
"MULT_R3_THERYS_VOLON" : 0.00014513031683593606, 
"MULT_R4_VALYSAR_THERYS" : 0.33800011528082835, 
"MULT_R4_VALYSAR_VOLON" : 0.5482737455578717, 
"MULT_R4_THERYS_VOLON" : 0.00014716923209062737, 
"MULT_R5_VALYSAR_THERYS" : 0.0003837007734652413, 
"MULT_R5_VALYSAR_VOLON" : 0.011803751264574485, 
"MULT_R5_THERYS_VOLON" : 3.305676618783576e-06, 
"MULT_R6_VALYSAR_THERYS" : 0.00022997075849411763, 
"MULT_R6_VALYSAR_VOLON" : 0.0007122897928923715, 
"MULT_R6_THERYS_VOLON" : 0.00010712671990282109, 
"MULT_R7_VALYSAR_THERYS" : 0.00039287638740090466, 
"MULT_R7_VALYSAR_VOLON" : 3.36652371662066e-06, 
"MULT_R7_THERYS_VOLON" : 0.0592405699937972, 
"MULT_R5_THERYS_R2_ALL" : 3.120413471673028e-06, 
"MULT_R5_THERYS_R6_ALL" : 0.00031361284793828903
}, 
"LOG10_MULTREGT" : {
"MULT_R1_VALYSAR_THERYS" : -5.288531039525647, 
"MULT_R1_VALYSAR_VOLON" : -2.841813223671712, 
"MULT_R1_THERYS_VOLON" : -0.7312102351290825, 
"MULT_R2_VALYSAR_THERYS" : -3.9761659695285, 
"MULT_R2_VALYSAR_VOLON" : -5.754439201345796, 
"MULT_R2_THERYS_VOLON" : -0.547208646122727, 
"MULT_R3_VALYSAR_THERYS" : -4.808934612144582, 
"MULT_R3_VALYSAR_VOLON" : -4.979337479854405, 
"MULT_R3_THERYS_VOLON" : -3.8382418566231444, 
"MULT_R4_VALYSAR_THERYS" : -0.47108315159862013, 
"MULT_R4_VALYSAR_VOLON" : -0.2610025500901417, 
"MULT_R4_THERYS_VOLON" : -3.832182976207486, 
"MULT_R5_VALYSAR_THERYS" : -3.416007325348601, 
"MULT_R5_VALYSAR_VOLON" : -1.9279799507783912, 
"MULT_R5_THERYS_VOLON" : -5.480739633991157, 
"MULT_R6_VALYSAR_THERYS" : -3.638327382382402, 
"MULT_R6_VALYSAR_VOLON" : -3.147343279047654, 
"MULT_R6_THERYS_VOLON" : -3.9701021924824342, 
"MULT_R7_VALYSAR_THERYS" : -3.4057440723071837, 
"MULT_R7_VALYSAR_VOLON" : -5.4728183216501565, 
"MULT_R7_THERYS_VOLON" : -1.227380771488271, 
"MULT_R5_THERYS_R2_ALL" : -5.505787855799314, 
"MULT_R5_THERYS_R6_ALL" : -3.5036061536584975
}, 
"RATE" : {
"WWIR_MULT_20180101_A5" : 1.0, 
"WWIR_MULT_20190101_A5" : 1.0, 
"WOPR_MULT_20180101_A1" : 1.0, 
"WWPR_MULT_20180101_A1" : 1.0, 
"WGPR_MULT_20180101_A1" : 1.0
}
}