{
"SWITCHES" : {
"DCONV_ALTERNATIVE" : 2.0, 
"HUM_MODEL_MODE" : 0.0, 
"PETROMODEL_ALTERNATIVE" : 1.0, 
"FACIESMODEL_ALTERNATIVE" : 1.0, 
"FACIES_VALYSAR_SEISCOND" : 1.0, 
"FACIES_THERYS_ALT2" : 1.0
}, 
"GLOBVAR" : {
"KVKH_CHANNEL" : 0.6676675897685846, 
"KVKH_CREVASSE" : 0.22836745464329838, 
"KVKH_US" : 0.550642806636482, 
"KVKH_LS" : 0.6551532849499453, 
"FWL_CENTRAL" : 1673.2645483455392, 
"FWL_NORTH_HORST" : 1659.5227033286178, 
"GOC_NORTH_HORST" : 1642.205829970806, 
"FAULT_SEAL_SCALING" : 0.18496380692957232, 
"RELPERM_INT_WO" : -0.7218666692640151, 
"RELPERM_INT_GO" : -0.6204089246631855, 
"PERMREF_CHANNEL" : 1050.0, 
"PERMREF_CREAVASSE" : 100.0, 
"PERMREF_USHOREFACE" : 1200.0, 
"PERMREF_LSHOREFACE" : 40.0, 
"PERMREF_OFFSHORE" : 2.0, 
"PERMREF_FLOODPLAIN" : 1.0, 
"POROREF_CHANNEL" : 0.24, 
"POROREF_CREAVASSE" : 0.22, 
"POROREF_USHOREFACE" : 0.31, 
"POROREF_LSHOREFACE" : 0.23, 
"POROREF_OFFSHORE" : 0.1, 
"POROREF_FLOODPLAIN" : 0.13, 
"SWLHEIGHT" : 350.0, 
"SIMGRID_MINPV" : 100.0, 
"ISOTREND_ALT1W_VALYSAR" : 0.8612672669090657, 
"ISOTREND_ALT1W_THERYS" : 0.8035231521145831, 
"ISOTREND_ALT1W_VOLON" : 0.4790460759470748, 
"VALYSAR_APS_PROB_CHANNEL" : 0.2779848603226456, 
"THERYS_APS_PROB_LOWSHOREFACE" : 0.2691145772768298, 
"THERYS_APS_PROB_UPSHOREFACE" : 0.1653692600921201, 
"VOLON_APS_PROB_CHANNEL" : 0.6589653565286019, 
"VALYSAR_CHANNEL_AZIMUTH" : 70.0, 
"VALYSAR_CHANNEL_WIDTH" : 700.0, 
"VALYSAR_CHANNEL_VOLFRAC" : 0.6, 
"VOLON_FLOODPLAIN_AZIMUTH" : 0.0, 
"VOLON_FLOODPLAIN_VARIOGRAM_RANGE_PARALLEL" : 800.0, 
"VOLON_FLOODPLAIN_VARIOGRAM_RANGE_NORMAL" : 200.0, 
"VOLON_FLOODPLAIN_VOLFRAC" : 0.3, 
"VALYSAR_PORO_CHANNEL" : 0.27, 
"VALYSAR_PORO_CREVASSE" : 0.22, 
"THERYS_PORO_US" : 0.31, 
"THERYS_PORO_LS" : 0.23, 
"VOLON_PORO_CHANNEL" : 0.2, 
"VALYSAR_PERMH_CHANNEL" : 1000.0, 
"VALYSAR_PERMH_CREVASSE" : 100.0, 
"THERYS_PERMH_US" : 1200.0, 
"THERYS_PERMH_LS" : 40.0, 
"VOLON_PERMH_CHANNEL" : 1100.0
}, 
"LOG10_GLOBVAR" : {
"FAULT_SEAL_SCALING" : -0.7329132445079878
}, 
"MULTREGT" : {
"MULT_R1_VALYSAR_THERYS" : 6.30987197607658e-06, 
"MULT_R1_VALYSAR_VOLON" : 3.0297100661803045e-05, 
"MULT_R1_THERYS_VOLON" : 2.500568015899132e-05, 
"MULT_R2_VALYSAR_THERYS" : 1.2885114078420602e-06, 
"MULT_R2_VALYSAR_VOLON" : 0.9392500188905673, 
"MULT_R2_THERYS_VOLON" : 0.16245462742339078, 
"MULT_R3_VALYSAR_THERYS" : 0.8419971505903545, 
"MULT_R3_VALYSAR_VOLON" : 0.10264619362803726, 
"MULT_R3_THERYS_VOLON" : 0.15553988955311174, 
"MULT_R4_VALYSAR_THERYS" : 1.5041071963681012e-05, 
"MULT_R4_VALYSAR_VOLON" : 0.5227654703045055, 
"MULT_R4_THERYS_VOLON" : 0.020491448011063767, 
"MULT_R5_VALYSAR_THERYS" : 0.009969678154632918, 
"MULT_R5_VALYSAR_VOLON" : 0.002950381798112613, 
"MULT_R5_THERYS_VOLON" : 0.0002630704731548467, 
"MULT_R6_VALYSAR_THERYS" : 0.05334837530987965, 
"MULT_R6_VALYSAR_VOLON" : 2.182433840039637e-06, 
"MULT_R6_THERYS_VOLON" : 0.0010752625336711314, 
"MULT_R7_VALYSAR_THERYS" : 0.7054023092880437, 
"MULT_R7_VALYSAR_VOLON" : 5.011660067785639e-06, 
"MULT_R7_THERYS_VOLON" : 0.00018917626669443872, 
"MULT_R5_THERYS_R2_ALL" : 4.315563785350314e-06, 
"MULT_R5_THERYS_R6_ALL" : 1.508291177440058e-05
}, 
"LOG10_MULTREGT" : {
"MULT_R1_VALYSAR_THERYS" : -5.199979452268946, 
"MULT_R1_VALYSAR_VOLON" : -4.518598930138861, 
"MULT_R1_THERYS_VOLON" : -4.601961328067747, 
"MULT_R2_VALYSAR_THERYS" : -5.889911732067732, 
"MULT_R2_VALYSAR_VOLON" : -0.027218787529875565, 
"MULT_R2_THERYS_VOLON" : -0.7892679135229274, 
"MULT_R3_VALYSAR_THERYS" : -0.07468937819747591, 
"MULT_R3_VALYSAR_VOLON" : -0.9886571506965978, 
"MULT_R3_THERYS_VOLON" : -0.8081582137677474, 
"MULT_R4_VALYSAR_THERYS" : -4.822721210863959, 
"MULT_R4_VALYSAR_VOLON" : -0.2816931061555021, 
"MULT_R4_THERYS_VOLON" : -1.6884273514575088, 
"MULT_R5_VALYSAR_THERYS" : -2.001318861540207, 
"MULT_R5_VALYSAR_VOLON" : -2.530121779925419, 
"MULT_R5_THERYS_VOLON" : -3.5799278940865995, 
"MULT_R6_VALYSAR_THERYS" : -1.2728788021944908, 
"MULT_R6_VALYSAR_VOLON" : -5.6610589129562845, 
"MULT_R6_THERYS_VOLON" : -2.968485486441868, 
"MULT_R7_VALYSAR_THERYS" : -0.15156312290865834, 
"MULT_R7_VALYSAR_VOLON" : -5.300018394120738, 
"MULT_R7_THERYS_VOLON" : -3.7231333493833194, 
"MULT_R5_THERYS_R2_ALL" : -5.364962460001519, 
"MULT_R5_THERYS_R6_ALL" : -4.821514809296237
}, 
"RATE" : {
"WWIR_MULT_20180101_A5" : 1.0, 
"WWIR_MULT_20190101_A5" : 1.0, 
"WOPR_MULT_20180101_A1" : 1.0, 
"WWPR_MULT_20180101_A1" : 1.0, 
"WGPR_MULT_20180101_A1" : 1.0
}
}