{
"SWITCHES" : {
"DCONV_ALTERNATIVE" : 2.0, 
"HUM_MODEL_MODE" : 0.0, 
"PETROMODEL_ALTERNATIVE" : 1.0, 
"FACIESMODEL_ALTERNATIVE" : 1.0, 
"FACIES_VALYSAR_SEISCOND" : 1.0, 
"FACIES_THERYS_ALT2" : 1.0
}, 
"GLOBVAR" : {
"KVKH_CHANNEL" : 0.7535435252729982, 
"KVKH_CREVASSE" : 0.38982113553914777, 
"KVKH_US" : 0.5553976021451398, 
"KVKH_LS" : 0.7529995644533629, 
"FWL_CENTRAL" : 1680.6404394700826, 
"FWL_NORTH_HORST" : 1661.7962990228086, 
"GOC_NORTH_HORST" : 1642.1982976120767, 
"FAULT_SEAL_SCALING" : 0.29932614390039847, 
"RELPERM_INT_WO" : 0.2869574379370219, 
"RELPERM_INT_GO" : 0.7762601760621326, 
"PERMREF_CHANNEL" : 1050.0, 
"PERMREF_CREAVASSE" : 100.0, 
"PERMREF_USHOREFACE" : 1200.0, 
"PERMREF_LSHOREFACE" : 40.0, 
"PERMREF_OFFSHORE" : 2.0, 
"PERMREF_FLOODPLAIN" : 1.0, 
"POROREF_CHANNEL" : 0.24, 
"POROREF_CREAVASSE" : 0.22, 
"POROREF_USHOREFACE" : 0.31, 
"POROREF_LSHOREFACE" : 0.23, 
"POROREF_OFFSHORE" : 0.1, 
"POROREF_FLOODPLAIN" : 0.13, 
"SWLHEIGHT" : 350.0, 
"SIMGRID_MINPV" : 100.0, 
"ISOTREND_ALT1W_VALYSAR" : 0.802430780859534, 
"ISOTREND_ALT1W_THERYS" : 0.8924092149140115, 
"ISOTREND_ALT1W_VOLON" : 0.47325360432663993, 
"VALYSAR_APS_PROB_CHANNEL" : 0.28819936268364743, 
"THERYS_APS_PROB_LOWSHOREFACE" : 0.38935578086663725, 
"THERYS_APS_PROB_UPSHOREFACE" : 0.14182845589462761, 
"VOLON_APS_PROB_CHANNEL" : 0.6719044994373191, 
"VALYSAR_CHANNEL_AZIMUTH" : 70.0, 
"VALYSAR_CHANNEL_WIDTH" : 700.0, 
"VALYSAR_CHANNEL_VOLFRAC" : 0.6, 
"VOLON_FLOODPLAIN_AZIMUTH" : 0.0, 
"VOLON_FLOODPLAIN_VARIOGRAM_RANGE_PARALLEL" : 800.0, 
"VOLON_FLOODPLAIN_VARIOGRAM_RANGE_NORMAL" : 200.0, 
"VOLON_FLOODPLAIN_VOLFRAC" : 0.3, 
"VALYSAR_PORO_CHANNEL" : 0.27, 
"VALYSAR_PORO_CREVASSE" : 0.22, 
"THERYS_PORO_US" : 0.31, 
"THERYS_PORO_LS" : 0.23, 
"VOLON_PORO_CHANNEL" : 0.2, 
"VALYSAR_PERMH_CHANNEL" : 1000.0, 
"VALYSAR_PERMH_CREVASSE" : 100.0, 
"THERYS_PERMH_US" : 1200.0, 
"THERYS_PERMH_LS" : 40.0, 
"VOLON_PERMH_CHANNEL" : 1100.0
}, 
"LOG10_GLOBVAR" : {
"FAULT_SEAL_SCALING" : -0.5238553491276872
}, 
"MULTREGT" : {
"MULT_R1_VALYSAR_THERYS" : 0.013331074641897396, 
"MULT_R1_VALYSAR_VOLON" : 9.802043249383469e-06, 
"MULT_R1_THERYS_VOLON" : 0.064782783491246, 
"MULT_R2_VALYSAR_THERYS" : 2.226285452831103e-06, 
"MULT_R2_VALYSAR_VOLON" : 0.003402167172280624, 
"MULT_R2_THERYS_VOLON" : 1.6524675509194853e-06, 
"MULT_R3_VALYSAR_THERYS" : 9.191912341126149e-05, 
"MULT_R3_VALYSAR_VOLON" : 0.23310291438310582, 
"MULT_R3_THERYS_VOLON" : 0.0005653840779462873, 
"MULT_R4_VALYSAR_THERYS" : 0.00044642331030907324, 
"MULT_R4_VALYSAR_VOLON" : 2.3275199231782578e-05, 
"MULT_R4_THERYS_VOLON" : 5.117208817876253e-06, 
"MULT_R5_VALYSAR_THERYS" : 5.189619844929699e-06, 
"MULT_R5_VALYSAR_VOLON" : 1.1235459661245143e-06, 
"MULT_R5_THERYS_VOLON" : 8.830898873003416e-05, 
"MULT_R6_VALYSAR_THERYS" : 0.45303958475997697, 
"MULT_R6_VALYSAR_VOLON" : 0.0596489242950937, 
"MULT_R6_THERYS_VOLON" : 0.04268637311615945, 
"MULT_R7_VALYSAR_THERYS" : 0.00018312623269220942, 
"MULT_R7_VALYSAR_VOLON" : 0.10615491430410974, 
"MULT_R7_THERYS_VOLON" : 0.600338452196279, 
"MULT_R5_THERYS_R2_ALL" : 0.0005777478606231123, 
"MULT_R5_THERYS_R6_ALL" : 0.0002871395000757556
}, 
"LOG10_MULTREGT" : {
"MULT_R1_VALYSAR_THERYS" : -1.875134839915897, 
"MULT_R1_VALYSAR_VOLON" : -5.008683385589237, 
"MULT_R1_THERYS_VOLON" : -1.1885403957991663, 
"MULT_R2_VALYSAR_THERYS" : -5.652419151483188, 
"MULT_R2_VALYSAR_VOLON" : -2.4682443502721707, 
"MULT_R2_THERYS_VOLON" : -5.781867059887692, 
"MULT_R3_VALYSAR_THERYS" : -4.036594125958884, 
"MULT_R3_VALYSAR_VOLON" : -0.6324522966527878, 
"MULT_R3_THERYS_VOLON" : -3.2476564260506615, 
"MULT_R4_VALYSAR_THERYS" : -3.3502531364846946, 
"MULT_R4_VALYSAR_VOLON" : -4.6331065928431405, 
"MULT_R4_THERYS_VOLON" : -5.290966860416783, 
"MULT_R5_VALYSAR_THERYS" : -5.284864454347333, 
"MULT_R5_VALYSAR_VOLON" : -5.949409155175542, 
"MULT_R5_THERYS_VOLON" : -4.05399508852696, 
"MULT_R6_VALYSAR_THERYS" : -0.3438638494402711, 
"MULT_R6_VALYSAR_VOLON" : -1.2243973839620788, 
"MULT_R6_THERYS_VOLON" : -1.3697107438269485, 
"MULT_R7_VALYSAR_THERYS" : -3.7372494388909065, 
"MULT_R7_VALYSAR_VOLON" : -0.9740598959326954, 
"MULT_R7_THERYS_VOLON" : -0.22160383881664247, 
"MULT_R5_THERYS_R2_ALL" : -3.2382616540207216, 
"MULT_R5_THERYS_R6_ALL" : -3.5419070600811717
}, 
"RATE" : {
"WWIR_MULT_20180101_A5" : 1.0, 
"WWIR_MULT_20190101_A5" : 1.0, 
"WOPR_MULT_20180101_A1" : 1.0, 
"WWPR_MULT_20180101_A1" : 1.0, 
"WGPR_MULT_20180101_A1" : 1.0
}
}