{
"SWITCHES" : {
"DCONV_ALTERNATIVE" : 2.0, 
"HUM_MODEL_MODE" : 0.0, 
"PETROMODEL_ALTERNATIVE" : 1.0, 
"FACIESMODEL_ALTERNATIVE" : 1.0, 
"FACIES_VALYSAR_SEISCOND" : 1.0, 
"FACIES_THERYS_ALT2" : 1.0
}, 
"GLOBVAR" : {
"KVKH_CHANNEL" : 0.49852278116701654, 
"KVKH_CREVASSE" : 0.24914765372705844, 
"KVKH_US" : 0.6576207957485898, 
"KVKH_LS" : 0.8405199501144891, 
"FWL_CENTRAL" : 1681.5315304621288, 
"FWL_NORTH_HORST" : 1655.8195360917884, 
"GOC_NORTH_HORST" : 1639.9754772677984, 
"FAULT_SEAL_SCALING" : 3.834667182961241, 
"RELPERM_INT_WO" : 0.5997558564269365, 
"RELPERM_INT_GO" : 0.004639016266885898, 
"PERMREF_CHANNEL" : 1050.0, 
"PERMREF_CREAVASSE" : 100.0, 
"PERMREF_USHOREFACE" : 1200.0, 
"PERMREF_LSHOREFACE" : 40.0, 
"PERMREF_OFFSHORE" : 2.0, 
"PERMREF_FLOODPLAIN" : 1.0, 
"POROREF_CHANNEL" : 0.24, 
"POROREF_CREAVASSE" : 0.22, 
"POROREF_USHOREFACE" : 0.31, 
"POROREF_LSHOREFACE" : 0.23, 
"POROREF_OFFSHORE" : 0.1, 
"POROREF_FLOODPLAIN" : 0.13, 
"SWLHEIGHT" : 350.0, 
"SIMGRID_MINPV" : 100.0, 
"ISOTREND_ALT1W_VALYSAR" : 0.9140322073213273, 
"ISOTREND_ALT1W_THERYS" : 0.9802637752555909, 
"ISOTREND_ALT1W_VOLON" : 0.5685591066166132, 
"VALYSAR_APS_PROB_CHANNEL" : 0.24343702782865018, 
"THERYS_APS_PROB_LOWSHOREFACE" : 0.20090515984627452, 
"THERYS_APS_PROB_UPSHOREFACE" : 0.10463705958705506, 
"VOLON_APS_PROB_CHANNEL" : 0.5951391243217022, 
"VALYSAR_CHANNEL_AZIMUTH" : 70.0, 
"VALYSAR_CHANNEL_WIDTH" : 700.0, 
"VALYSAR_CHANNEL_VOLFRAC" : 0.6, 
"VOLON_FLOODPLAIN_AZIMUTH" : 0.0, 
"VOLON_FLOODPLAIN_VARIOGRAM_RANGE_PARALLEL" : 800.0, 
"VOLON_FLOODPLAIN_VARIOGRAM_RANGE_NORMAL" : 200.0, 
"VOLON_FLOODPLAIN_VOLFRAC" : 0.3, 
"VALYSAR_PORO_CHANNEL" : 0.27, 
"VALYSAR_PORO_CREVASSE" : 0.22, 
"THERYS_PORO_US" : 0.31, 
"THERYS_PORO_LS" : 0.23, 
"VOLON_PORO_CHANNEL" : 0.2, 
"VALYSAR_PERMH_CHANNEL" : 1000.0, 
"VALYSAR_PERMH_CREVASSE" : 100.0, 
"THERYS_PERMH_US" : 1200.0, 
"THERYS_PERMH_LS" : 40.0, 
"VOLON_PERMH_CHANNEL" : 1100.0
}, 
"LOG10_GLOBVAR" : {
"FAULT_SEAL_SCALING" : 0.5837276767919899
}, 
"MULTREGT" : {
"MULT_R1_VALYSAR_THERYS" : 0.17410451710948388, 
"MULT_R1_VALYSAR_VOLON" : 0.00018624739126983175, 
"MULT_R1_THERYS_VOLON" : 0.052495529877148166, 
"MULT_R2_VALYSAR_THERYS" : 5.425099310949111e-06, 
"MULT_R2_VALYSAR_VOLON" : 0.00026545140462421515, 
"MULT_R2_THERYS_VOLON" : 0.006299632945897507, 
"MULT_R3_VALYSAR_THERYS" : 0.05990979607638339, 
"MULT_R3_VALYSAR_VOLON" : 0.004402681906597504, 
"MULT_R3_THERYS_VOLON" : 0.6436906136279282, 
"MULT_R4_VALYSAR_THERYS" : 0.00017421217925354398, 
"MULT_R4_VALYSAR_VOLON" : 0.9398227290331513, 
"MULT_R4_THERYS_VOLON" : 0.02433546794411312, 
"MULT_R5_VALYSAR_THERYS" : 0.00014988838236565274, 
"MULT_R5_VALYSAR_VOLON" : 0.010136552745602524, 
"MULT_R5_THERYS_VOLON" : 0.0060385103583792, 
"MULT_R6_VALYSAR_THERYS" : 0.000914444960345496, 
"MULT_R6_VALYSAR_VOLON" : 0.0564558487695476, 
"MULT_R6_THERYS_VOLON" : 0.10124637666967304, 
"MULT_R7_VALYSAR_THERYS" : 4.10339203171118e-05, 
"MULT_R7_VALYSAR_VOLON" : 0.050763151422325764, 
"MULT_R7_THERYS_VOLON" : 0.007788735590198082, 
"MULT_R5_THERYS_R2_ALL" : 2.6019222159949955e-06, 
"MULT_R5_THERYS_R6_ALL" : 8.985293272526071e-05
}, 
"LOG10_MULTREGT" : {
"MULT_R1_VALYSAR_THERYS" : -0.7591899610465166, 
"MULT_R1_VALYSAR_VOLON" : -3.729909801613502, 
"MULT_R1_THERYS_VOLON" : -1.2798776762576807, 
"MULT_R2_VALYSAR_THERYS" : -5.265592307285438, 
"MULT_R2_VALYSAR_VOLON" : -3.5760149722669494, 
"MULT_R2_THERYS_VOLON" : -2.20068475439011, 
"MULT_R3_VALYSAR_THERYS" : -1.2225021586779063, 
"MULT_R3_VALYSAR_VOLON" : -2.3562826911472965, 
"MULT_R3_THERYS_VOLON" : -0.19132282375796153, 
"MULT_R4_VALYSAR_THERYS" : -3.758921486540112, 
"MULT_R4_VALYSAR_VOLON" : -0.026954056041825717, 
"MULT_R4_THERYS_VOLON" : -1.6137602983379904, 
"MULT_R5_VALYSAR_THERYS" : -3.8242320273920036, 
"MULT_R5_VALYSAR_VOLON" : -1.9941097154273104, 
"MULT_R5_THERYS_VOLON" : -2.2190701843799685, 
"MULT_R6_VALYSAR_THERYS" : -3.0388424292117144, 
"MULT_R6_VALYSAR_VOLON" : -1.2482910589336882, 
"MULT_R6_THERYS_VOLON" : -0.9946205100443956, 
"MULT_R7_VALYSAR_THERYS" : -4.3868569892296305, 
"MULT_R7_VALYSAR_VOLON" : -1.2944514243464034, 
"MULT_R7_THERYS_VOLON" : -2.108533039216976, 
"MULT_R5_THERYS_R2_ALL" : -5.584705690737188, 
"MULT_R5_THERYS_R6_ALL" : -4.046467743311694
}, 
"RATE" : {
"WWIR_MULT_20180101_A5" : 1.0, 
"WWIR_MULT_20190101_A5" : 1.0, 
"WOPR_MULT_20180101_A1" : 1.0, 
"WWPR_MULT_20180101_A1" : 1.0, 
"WGPR_MULT_20180101_A1" : 1.0
}
}