{
"SWITCHES" : {
"DCONV_ALTERNATIVE" : 2.0, 
"HUM_MODEL_MODE" : 0.0, 
"PETROMODEL_ALTERNATIVE" : 1.0, 
"FACIESMODEL_ALTERNATIVE" : 1.0, 
"FACIES_VALYSAR_SEISCOND" : 1.0, 
"FACIES_THERYS_ALT2" : 1.0
}, 
"GLOBVAR" : {
"KVKH_CHANNEL" : 0.4994174237071537, 
"KVKH_CREVASSE" : 0.20059366156237643, 
"KVKH_US" : 0.777125164340033, 
"KVKH_LS" : 0.68576946882819, 
"FWL_CENTRAL" : 1672.7244353259193, 
"FWL_NORTH_HORST" : 1657.2635033355646, 
"GOC_NORTH_HORST" : 1643.4197199298214, 
"FAULT_SEAL_SCALING" : 5.089530192698797, 
"RELPERM_INT_WO" : 0.5907049664779689, 
"RELPERM_INT_GO" : 0.09922847615351182, 
"PERMREF_CHANNEL" : 1050.0, 
"PERMREF_CREAVASSE" : 100.0, 
"PERMREF_USHOREFACE" : 1200.0, 
"PERMREF_LSHOREFACE" : 40.0, 
"PERMREF_OFFSHORE" : 2.0, 
"PERMREF_FLOODPLAIN" : 1.0, 
"POROREF_CHANNEL" : 0.24, 
"POROREF_CREAVASSE" : 0.22, 
"POROREF_USHOREFACE" : 0.31, 
"POROREF_LSHOREFACE" : 0.23, 
"POROREF_OFFSHORE" : 0.1, 
"POROREF_FLOODPLAIN" : 0.13, 
"SWLHEIGHT" : 350.0, 
"SIMGRID_MINPV" : 100.0, 
"ISOTREND_ALT1W_VALYSAR" : 0.9108907078516512, 
"ISOTREND_ALT1W_THERYS" : 0.8986330807820728, 
"ISOTREND_ALT1W_VOLON" : 0.5051114620509998, 
"VALYSAR_APS_PROB_CHANNEL" : 0.40831620498051846, 
"THERYS_APS_PROB_LOWSHOREFACE" : 0.2965714368599587, 
"THERYS_APS_PROB_UPSHOREFACE" : 0.27738250465132885, 
"VOLON_APS_PROB_CHANNEL" : 0.5754091873854308, 
"VALYSAR_CHANNEL_AZIMUTH" : 70.0, 
"VALYSAR_CHANNEL_WIDTH" : 700.0, 
"VALYSAR_CHANNEL_VOLFRAC" : 0.6, 
"VOLON_FLOODPLAIN_AZIMUTH" : 0.0, 
"VOLON_FLOODPLAIN_VARIOGRAM_RANGE_PARALLEL" : 800.0, 
"VOLON_FLOODPLAIN_VARIOGRAM_RANGE_NORMAL" : 200.0, 
"VOLON_FLOODPLAIN_VOLFRAC" : 0.3, 
"VALYSAR_PORO_CHANNEL" : 0.27, 
"VALYSAR_PORO_CREVASSE" : 0.22, 
"THERYS_PORO_US" : 0.31, 
"THERYS_PORO_LS" : 0.23, 
"VOLON_PORO_CHANNEL" : 0.2, 
"VALYSAR_PERMH_CHANNEL" : 1000.0, 
"VALYSAR_PERMH_CREVASSE" : 100.0, 
"THERYS_PERMH_US" : 1200.0, 
"THERYS_PERMH_LS" : 40.0, 
"VOLON_PERMH_CHANNEL" : 1100.0
}, 
"LOG10_GLOBVAR" : {
"FAULT_SEAL_SCALING" : 0.706677695080323
}, 
"MULTREGT" : {
"MULT_R1_VALYSAR_THERYS" : 0.02209059522143123, 
"MULT_R1_VALYSAR_VOLON" : 4.282052984154865e-06, 
"MULT_R1_THERYS_VOLON" : 0.3004501181804816, 
"MULT_R2_VALYSAR_THERYS" : 5.242657285459463e-05, 
"MULT_R2_VALYSAR_VOLON" : 0.10180876351596926, 
"MULT_R2_THERYS_VOLON" : 8.627424015176105e-05, 
"MULT_R3_VALYSAR_THERYS" : 0.0003688090030504264, 
"MULT_R3_VALYSAR_VOLON" : 2.036687858083514e-06, 
"MULT_R3_THERYS_VOLON" : 0.0283385001437544, 
"MULT_R4_VALYSAR_THERYS" : 0.5057216131213786, 
"MULT_R4_VALYSAR_VOLON" : 0.00032788724418481534, 
"MULT_R4_THERYS_VOLON" : 2.165723686503872e-05, 
"MULT_R5_VALYSAR_THERYS" : 0.009661740849900347, 
"MULT_R5_VALYSAR_VOLON" : 0.17633481036224505, 
"MULT_R5_THERYS_VOLON" : 1.5971873380808262e-06, 
"MULT_R6_VALYSAR_THERYS" : 2.2536442469969734e-05, 
"MULT_R6_VALYSAR_VOLON" : 0.00010286840965421762, 
"MULT_R6_THERYS_VOLON" : 0.00011818666557546433, 
"MULT_R7_VALYSAR_THERYS" : 0.4332486568752978, 
"MULT_R7_VALYSAR_VOLON" : 0.03477185457389565, 
"MULT_R7_THERYS_VOLON" : 0.021769315220111687, 
"MULT_R5_THERYS_R2_ALL" : 0.00615621940581368, 
"MULT_R5_THERYS_R6_ALL" : 0.00033692718563313874
}, 
"LOG10_MULTREGT" : {
"MULT_R1_VALYSAR_THERYS" : -1.6557925820959503, 
"MULT_R1_VALYSAR_VOLON" : -5.36834796324809, 
"MULT_R1_THERYS_VOLON" : -0.5222276208232473, 
"MULT_R2_VALYSAR_THERYS" : -4.280448531357142, 
"MULT_R2_VALYSAR_VOLON" : -0.9922148370992767, 
"MULT_R2_THERYS_VOLON" : -4.064118857007213, 
"MULT_R3_VALYSAR_THERYS" : -3.4331984858629943, 
"MULT_R3_VALYSAR_VOLON" : -5.691075525687817, 
"MULT_R3_THERYS_VOLON" : -1.5476231391460178, 
"MULT_R4_VALYSAR_THERYS" : -0.2960884854444316, 
"MULT_R4_VALYSAR_VOLON" : -3.4842754783837075, 
"MULT_R4_THERYS_VOLON" : -4.664396953565499, 
"MULT_R5_VALYSAR_THERYS" : -2.014944615469623, 
"MULT_R5_VALYSAR_VOLON" : -0.7536619448991113, 
"MULT_R5_THERYS_VOLON" : -5.7966441413924406, 
"MULT_R6_VALYSAR_THERYS" : -4.647114639203866, 
"MULT_R6_VALYSAR_VOLON" : -3.987717974306897, 
"MULT_R6_THERYS_VOLON" : -3.9274315200171306, 
"MULT_R7_VALYSAR_THERYS" : -0.36326277497884824, 
"MULT_R7_VALYSAR_VOLON" : -1.458772145390088, 
"MULT_R7_THERYS_VOLON" : -1.6621552319972261, 
"MULT_R5_THERYS_R2_ALL" : -2.2106859104396226, 
"MULT_R5_THERYS_R6_ALL" : -3.4724639457000066
}, 
"RATE" : {
"WWIR_MULT_20180101_A5" : 1.0, 
"WWIR_MULT_20190101_A5" : 1.0, 
"WOPR_MULT_20180101_A1" : 1.0, 
"WWPR_MULT_20180101_A1" : 1.0, 
"WGPR_MULT_20180101_A1" : 1.0
}
}