{
"SWITCHES" : {
"DCONV_ALTERNATIVE" : 2.0, 
"HUM_MODEL_MODE" : 0.0, 
"PETROMODEL_ALTERNATIVE" : 1.0, 
"FACIESMODEL_ALTERNATIVE" : 1.0, 
"FACIES_VALYSAR_SEISCOND" : 1.0, 
"FACIES_THERYS_ALT2" : 1.0
}, 
"GLOBVAR" : {
"KVKH_CHANNEL" : 0.7282217433166351, 
"KVKH_CREVASSE" : 0.11846422115578717, 
"KVKH_US" : 0.6439970043274302, 
"KVKH_LS" : 0.7766534501582818, 
"FWL_CENTRAL" : 1678.17768511648, 
"FWL_NORTH_HORST" : 1661.0588354901292, 
"GOC_NORTH_HORST" : 1637.9513917870052, 
"FAULT_SEAL_SCALING" : 0.5433467816463537, 
"RELPERM_INT_WO" : 0.9658075838574811, 
"RELPERM_INT_GO" : 0.1590443202095586, 
"PERMREF_CHANNEL" : 1050.0, 
"PERMREF_CREAVASSE" : 100.0, 
"PERMREF_USHOREFACE" : 1200.0, 
"PERMREF_LSHOREFACE" : 40.0, 
"PERMREF_OFFSHORE" : 2.0, 
"PERMREF_FLOODPLAIN" : 1.0, 
"POROREF_CHANNEL" : 0.24, 
"POROREF_CREAVASSE" : 0.22, 
"POROREF_USHOREFACE" : 0.31, 
"POROREF_LSHOREFACE" : 0.23, 
"POROREF_OFFSHORE" : 0.1, 
"POROREF_FLOODPLAIN" : 0.13, 
"SWLHEIGHT" : 350.0, 
"SIMGRID_MINPV" : 100.0, 
"ISOTREND_ALT1W_VALYSAR" : 0.956749579946253, 
"ISOTREND_ALT1W_THERYS" : 0.9657478369719588, 
"ISOTREND_ALT1W_VOLON" : 0.4452793940501806, 
"VALYSAR_APS_PROB_CHANNEL" : 0.38344021944111284, 
"THERYS_APS_PROB_LOWSHOREFACE" : 0.20150970857000244, 
"THERYS_APS_PROB_UPSHOREFACE" : 0.19764404574119482, 
"VOLON_APS_PROB_CHANNEL" : 0.662745172720577, 
"VALYSAR_CHANNEL_AZIMUTH" : 70.0, 
"VALYSAR_CHANNEL_WIDTH" : 700.0, 
"VALYSAR_CHANNEL_VOLFRAC" : 0.6, 
"VOLON_FLOODPLAIN_AZIMUTH" : 0.0, 
"VOLON_FLOODPLAIN_VARIOGRAM_RANGE_PARALLEL" : 800.0, 
"VOLON_FLOODPLAIN_VARIOGRAM_RANGE_NORMAL" : 200.0, 
"VOLON_FLOODPLAIN_VOLFRAC" : 0.3, 
"VALYSAR_PORO_CHANNEL" : 0.27, 
"VALYSAR_PORO_CREVASSE" : 0.22, 
"THERYS_PORO_US" : 0.31, 
"THERYS_PORO_LS" : 0.23, 
"VOLON_PORO_CHANNEL" : 0.2, 
"VALYSAR_PERMH_CHANNEL" : 1000.0, 
"VALYSAR_PERMH_CREVASSE" : 100.0, 
"THERYS_PERMH_US" : 1200.0, 
"THERYS_PERMH_LS" : 40.0, 
"VOLON_PERMH_CHANNEL" : 1100.0
}, 
"LOG10_GLOBVAR" : {
"FAULT_SEAL_SCALING" : -0.26492290101044824
}, 
"MULTREGT" : {
"MULT_R1_VALYSAR_THERYS" : 0.007255073946567389, 
"MULT_R1_VALYSAR_VOLON" : 0.00011089209502189688, 
"MULT_R1_THERYS_VOLON" : 2.9347069123614558e-06, 
"MULT_R2_VALYSAR_THERYS" : 0.0003142749793070009, 
"MULT_R2_VALYSAR_VOLON" : 0.0036058333844059052, 
"MULT_R2_THERYS_VOLON" : 0.13654102198510254, 
"MULT_R3_VALYSAR_THERYS" : 0.00025986074841245885, 
"MULT_R3_VALYSAR_VOLON" : 0.004271747681893648, 
"MULT_R3_THERYS_VOLON" : 3.3980729077929365e-06, 
"MULT_R4_VALYSAR_THERYS" : 3.497160591144197e-05, 
"MULT_R4_VALYSAR_VOLON" : 0.20777464439404902, 
"MULT_R4_THERYS_VOLON" : 0.0001350768609038755, 
"MULT_R5_VALYSAR_THERYS" : 0.0014299975066367784, 
"MULT_R5_VALYSAR_VOLON" : 0.0001628088812724803, 
"MULT_R5_THERYS_VOLON" : 0.00044582439262441724, 
"MULT_R6_VALYSAR_THERYS" : 1.9960022124141988e-05, 
"MULT_R6_VALYSAR_VOLON" : 1.5079703064748664e-05, 
"MULT_R6_THERYS_VOLON" : 9.997237464568006e-05, 
"MULT_R7_VALYSAR_THERYS" : 1.341421453319141e-06, 
"MULT_R7_VALYSAR_VOLON" : 0.0006110610766737349, 
"MULT_R7_THERYS_VOLON" : 7.649671551350039e-06, 
"MULT_R5_THERYS_R2_ALL" : 0.00045253037482519327, 
"MULT_R5_THERYS_R6_ALL" : 0.004730360615445543
}, 
"LOG10_MULTREGT" : {
"MULT_R1_VALYSAR_THERYS" : -2.139358156703501, 
"MULT_R1_VALYSAR_VOLON" : -3.9550994115670814, 
"MULT_R1_THERYS_VOLON" : -5.532435265012595, 
"MULT_R2_VALYSAR_THERYS" : -3.502690193533639, 
"MULT_R2_VALYSAR_VOLON" : -2.4429943446976075, 
"MULT_R2_THERYS_VOLON" : -0.8647368508557375, 
"MULT_R3_VALYSAR_THERYS" : -3.585259315094037, 
"MULT_R3_VALYSAR_VOLON" : -2.3693944075706717, 
"MULT_R3_THERYS_VOLON" : -5.46876730730556, 
"MULT_R4_VALYSAR_THERYS" : -4.456284424240252, 
"MULT_R4_VALYSAR_VOLON" : -0.6824074523112301, 
"MULT_R4_THERYS_VOLON" : -3.869419040633353, 
"MULT_R5_VALYSAR_THERYS" : -2.8446647197760795, 
"MULT_R5_VALYSAR_VOLON" : -3.7883219079085744, 
"MULT_R5_THERYS_VOLON" : -3.3508361734233625, 
"MULT_R6_VALYSAR_THERYS" : -4.6998389816665105, 
"MULT_R6_VALYSAR_VOLON" : -4.821607210098259, 
"MULT_R6_THERYS_VOLON" : -4.000119991964283, 
"MULT_R7_VALYSAR_THERYS" : -5.872434752279236, 
"MULT_R7_VALYSAR_VOLON" : -3.2139153790590695, 
"MULT_R7_THERYS_VOLON" : -5.116357211447495, 
"MULT_R5_THERYS_R2_ALL" : -3.344352264688092, 
"MULT_R5_THERYS_R6_ALL" : -2.325105749890457
}, 
"RATE" : {
"WWIR_MULT_20180101_A5" : 1.0, 
"WWIR_MULT_20190101_A5" : 1.0, 
"WOPR_MULT_20180101_A1" : 1.0, 
"WWPR_MULT_20180101_A1" : 1.0, 
"WGPR_MULT_20180101_A1" : 1.0
}
}