{
"SWITCHES" : {
"DCONV_ALTERNATIVE" : 2.0, 
"HUM_MODEL_MODE" : 0.0, 
"PETROMODEL_ALTERNATIVE" : 1.0, 
"FACIESMODEL_ALTERNATIVE" : 1.0, 
"FACIES_VALYSAR_SEISCOND" : 1.0, 
"FACIES_THERYS_ALT2" : 1.0
}, 
"GLOBVAR" : {
"KVKH_CHANNEL" : 0.5550026766589551, 
"KVKH_CREVASSE" : 0.31888127537608735, 
"KVKH_US" : 0.7261993084269293, 
"KVKH_LS" : 0.660901578479733, 
"FWL_CENTRAL" : 1673.2782162382216, 
"FWL_NORTH_HORST" : 1662.8168543565575, 
"GOC_NORTH_HORST" : 1635.7995283551336, 
"FAULT_SEAL_SCALING" : 2.493304263157866, 
"RELPERM_INT_WO" : 0.6273760129400334, 
"RELPERM_INT_GO" : -0.8844769352951658, 
"PERMREF_CHANNEL" : 1050.0, 
"PERMREF_CREAVASSE" : 100.0, 
"PERMREF_USHOREFACE" : 1200.0, 
"PERMREF_LSHOREFACE" : 40.0, 
"PERMREF_OFFSHORE" : 2.0, 
"PERMREF_FLOODPLAIN" : 1.0, 
"POROREF_CHANNEL" : 0.24, 
"POROREF_CREAVASSE" : 0.22, 
"POROREF_USHOREFACE" : 0.31, 
"POROREF_LSHOREFACE" : 0.23, 
"POROREF_OFFSHORE" : 0.1, 
"POROREF_FLOODPLAIN" : 0.13, 
"SWLHEIGHT" : 350.0, 
"SIMGRID_MINPV" : 100.0, 
"ISOTREND_ALT1W_VALYSAR" : 0.9878964655488902, 
"ISOTREND_ALT1W_THERYS" : 0.9615244770887198, 
"ISOTREND_ALT1W_VOLON" : 0.5531325433089669, 
"VALYSAR_APS_PROB_CHANNEL" : 0.3357005521696105, 
"THERYS_APS_PROB_LOWSHOREFACE" : 0.32677450341205855, 
"THERYS_APS_PROB_UPSHOREFACE" : 0.2797199559508471, 
"VOLON_APS_PROB_CHANNEL" : 0.7036549283499093, 
"VALYSAR_CHANNEL_AZIMUTH" : 70.0, 
"VALYSAR_CHANNEL_WIDTH" : 700.0, 
"VALYSAR_CHANNEL_VOLFRAC" : 0.6, 
"VOLON_FLOODPLAIN_AZIMUTH" : 0.0, 
"VOLON_FLOODPLAIN_VARIOGRAM_RANGE_PARALLEL" : 800.0, 
"VOLON_FLOODPLAIN_VARIOGRAM_RANGE_NORMAL" : 200.0, 
"VOLON_FLOODPLAIN_VOLFRAC" : 0.3, 
"VALYSAR_PORO_CHANNEL" : 0.27, 
"VALYSAR_PORO_CREVASSE" : 0.22, 
"THERYS_PORO_US" : 0.31, 
"THERYS_PORO_LS" : 0.23, 
"VOLON_PORO_CHANNEL" : 0.2, 
"VALYSAR_PERMH_CHANNEL" : 1000.0, 
"VALYSAR_PERMH_CREVASSE" : 100.0, 
"THERYS_PERMH_US" : 1200.0, 
"THERYS_PERMH_LS" : 40.0, 
"VOLON_PERMH_CHANNEL" : 1100.0
}, 
"LOG10_GLOBVAR" : {
"FAULT_SEAL_SCALING" : 0.3967752796058714
}, 
"MULTREGT" : {
"MULT_R1_VALYSAR_THERYS" : 0.09161595721807818, 
"MULT_R1_VALYSAR_VOLON" : 0.03464093512717615, 
"MULT_R1_THERYS_VOLON" : 0.00014937267991977008, 
"MULT_R2_VALYSAR_THERYS" : 0.48305740357322563, 
"MULT_R2_VALYSAR_VOLON" : 0.0015094613775173276, 
"MULT_R2_THERYS_VOLON" : 0.032299183204045005, 
"MULT_R3_VALYSAR_THERYS" : 0.00065871250029234, 
"MULT_R3_VALYSAR_VOLON" : 0.00045017439867945996, 
"MULT_R3_THERYS_VOLON" : 0.01682947086081539, 
"MULT_R4_VALYSAR_THERYS" : 0.00021027387631875684, 
"MULT_R4_VALYSAR_VOLON" : 0.06215450188001598, 
"MULT_R4_THERYS_VOLON" : 0.00884873787063024, 
"MULT_R5_VALYSAR_THERYS" : 4.3054594849792435e-06, 
"MULT_R5_VALYSAR_VOLON" : 0.028660264921280657, 
"MULT_R5_THERYS_VOLON" : 0.00019219191607562216, 
"MULT_R6_VALYSAR_THERYS" : 0.028930527752203904, 
"MULT_R6_VALYSAR_VOLON" : 6.751563985868353e-05, 
"MULT_R6_THERYS_VOLON" : 3.88997111015677e-05, 
"MULT_R7_VALYSAR_THERYS" : 0.6377072043001393, 
"MULT_R7_VALYSAR_VOLON" : 2.619646166297743e-05, 
"MULT_R7_THERYS_VOLON" : 0.8885745056214334, 
"MULT_R5_THERYS_R2_ALL" : 0.0018916770238805011, 
"MULT_R5_THERYS_R6_ALL" : 0.00588871263724278
}, 
"LOG10_MULTREGT" : {
"MULT_R1_VALYSAR_THERYS" : -1.0380288764610288, 
"MULT_R1_VALYSAR_VOLON" : -1.4604103927779344, 
"MULT_R1_THERYS_VOLON" : -3.8257288271863907, 
"MULT_R2_VALYSAR_THERYS" : -0.31600125729451795, 
"MULT_R2_VALYSAR_VOLON" : -2.8211779947612485, 
"MULT_R2_THERYS_VOLON" : -1.49080846015996, 
"MULT_R3_VALYSAR_THERYS" : -3.1813040949363907, 
"MULT_R3_VALYSAR_VOLON" : -3.3466192068663463, 
"MULT_R3_THERYS_VOLON" : -1.773929538560161, 
"MULT_R4_VALYSAR_THERYS" : -3.67721467916977, 
"MULT_R4_VALYSAR_VOLON" : -1.206527409728024, 
"MULT_R4_THERYS_VOLON" : -2.0531186699699973, 
"MULT_R5_VALYSAR_THERYS" : -5.365980493190025, 
"MULT_R5_VALYSAR_VOLON" : -1.5427197995172306, 
"MULT_R5_THERYS_VOLON" : -3.716264883460312, 
"MULT_R6_VALYSAR_THERYS" : -1.5386436438570492, 
"MULT_R6_VALYSAR_VOLON" : -4.170595612094136, 
"MULT_R6_THERYS_VOLON" : -4.41005362405889, 
"MULT_R7_VALYSAR_THERYS" : -0.19537867667728442, 
"MULT_R7_VALYSAR_VOLON" : -4.581757364558822, 
"MULT_R7_THERYS_VOLON" : -0.05130615139985829, 
"MULT_R5_THERYS_R2_ALL" : -2.7231530110209325, 
"MULT_R5_THERYS_R6_ALL" : -2.2299796382605264
}, 
"RATE" : {
"WWIR_MULT_20180101_A5" : 1.0, 
"WWIR_MULT_20190101_A5" : 1.0, 
"WOPR_MULT_20180101_A1" : 1.0, 
"WWPR_MULT_20180101_A1" : 1.0, 
"WGPR_MULT_20180101_A1" : 1.0
}
}