{
"SWITCHES" : {
"DCONV_ALTERNATIVE" : 2.0, 
"HUM_MODEL_MODE" : 0.0, 
"PETROMODEL_ALTERNATIVE" : 1.0, 
"FACIESMODEL_ALTERNATIVE" : 1.0, 
"FACIES_VALYSAR_SEISCOND" : 1.0, 
"FACIES_THERYS_ALT2" : 1.0
}, 
"GLOBVAR" : {
"KVKH_CHANNEL" : 0.4887988986480273, 
"KVKH_CREVASSE" : 0.4422642540710856, 
"KVKH_US" : 0.6773182006469937, 
"KVKH_LS" : 0.5666491118015506, 
"FWL_CENTRAL" : 1676.7279491971383, 
"FWL_NORTH_HORST" : 1661.1211794716644, 
"GOC_NORTH_HORST" : 1638.6202374771972, 
"FAULT_SEAL_SCALING" : 0.5325329790952334, 
"RELPERM_INT_WO" : -0.7510080404329936, 
"RELPERM_INT_GO" : -0.764657372530821, 
"PERMREF_CHANNEL" : 1050.0, 
"PERMREF_CREAVASSE" : 100.0, 
"PERMREF_USHOREFACE" : 1200.0, 
"PERMREF_LSHOREFACE" : 40.0, 
"PERMREF_OFFSHORE" : 2.0, 
"PERMREF_FLOODPLAIN" : 1.0, 
"POROREF_CHANNEL" : 0.24, 
"POROREF_CREAVASSE" : 0.22, 
"POROREF_USHOREFACE" : 0.31, 
"POROREF_LSHOREFACE" : 0.23, 
"POROREF_OFFSHORE" : 0.1, 
"POROREF_FLOODPLAIN" : 0.13, 
"SWLHEIGHT" : 350.0, 
"SIMGRID_MINPV" : 100.0, 
"ISOTREND_ALT1W_VALYSAR" : 0.9824058741563914, 
"ISOTREND_ALT1W_THERYS" : 0.8160585593386591, 
"ISOTREND_ALT1W_VOLON" : 0.55069120587577, 
"VALYSAR_APS_PROB_CHANNEL" : 0.261406701288805, 
"THERYS_APS_PROB_LOWSHOREFACE" : 0.38643836617442745, 
"THERYS_APS_PROB_UPSHOREFACE" : 0.198717691087672, 
"VOLON_APS_PROB_CHANNEL" : 0.6982910488993048, 
"VALYSAR_CHANNEL_AZIMUTH" : 70.0, 
"VALYSAR_CHANNEL_WIDTH" : 700.0, 
"VALYSAR_CHANNEL_VOLFRAC" : 0.6, 
"VOLON_FLOODPLAIN_AZIMUTH" : 0.0, 
"VOLON_FLOODPLAIN_VARIOGRAM_RANGE_PARALLEL" : 800.0, 
"VOLON_FLOODPLAIN_VARIOGRAM_RANGE_NORMAL" : 200.0, 
"VOLON_FLOODPLAIN_VOLFRAC" : 0.3, 
"VALYSAR_PORO_CHANNEL" : 0.27, 
"VALYSAR_PORO_CREVASSE" : 0.22, 
"THERYS_PORO_US" : 0.31, 
"THERYS_PORO_LS" : 0.23, 
"VOLON_PORO_CHANNEL" : 0.2, 
"VALYSAR_PERMH_CHANNEL" : 1000.0, 
"VALYSAR_PERMH_CREVASSE" : 100.0, 
"THERYS_PERMH_US" : 1200.0, 
"THERYS_PERMH_LS" : 40.0, 
"VOLON_PERMH_CHANNEL" : 1100.0
}, 
"LOG10_GLOBVAR" : {
"FAULT_SEAL_SCALING" : -0.2736534917472952
}, 
"MULTREGT" : {
"MULT_R1_VALYSAR_THERYS" : 0.0002722006168953838, 
"MULT_R1_VALYSAR_VOLON" : 6.183208185423881e-06, 
"MULT_R1_THERYS_VOLON" : 1.8816988056672165e-06, 
"MULT_R2_VALYSAR_THERYS" : 0.13635583162958217, 
"MULT_R2_VALYSAR_VOLON" : 0.0018396616268279494, 
"MULT_R2_THERYS_VOLON" : 6.556752593881087e-06, 
"MULT_R3_VALYSAR_THERYS" : 1.456186937452923e-06, 
"MULT_R3_VALYSAR_VOLON" : 7.436803908154456e-05, 
"MULT_R3_THERYS_VOLON" : 6.952837990895947e-06, 
"MULT_R4_VALYSAR_THERYS" : 9.05804760014015e-05, 
"MULT_R4_VALYSAR_VOLON" : 0.1084498054282343, 
"MULT_R4_THERYS_VOLON" : 0.007656656657462381, 
"MULT_R5_VALYSAR_THERYS" : 8.067047038107661e-06, 
"MULT_R5_VALYSAR_VOLON" : 1.8522664840533228e-06, 
"MULT_R5_THERYS_VOLON" : 0.0009393859264596484, 
"MULT_R6_VALYSAR_THERYS" : 0.002056982321650022, 
"MULT_R6_VALYSAR_VOLON" : 0.00010913541459751538, 
"MULT_R6_THERYS_VOLON" : 0.0397788181972655, 
"MULT_R7_VALYSAR_THERYS" : 1.7676740810576138e-06, 
"MULT_R7_VALYSAR_VOLON" : 0.2568055998505128, 
"MULT_R7_THERYS_VOLON" : 0.03154644390637818, 
"MULT_R5_THERYS_R2_ALL" : 0.006309381040014226, 
"MULT_R5_THERYS_R6_ALL" : 5.6536704283681566e-06
}, 
"LOG10_MULTREGT" : {
"MULT_R1_VALYSAR_THERYS" : -3.565110894878615, 
"MULT_R1_VALYSAR_VOLON" : -5.208786130784207, 
"MULT_R1_THERYS_VOLON" : -5.725449890741371, 
"MULT_R2_VALYSAR_THERYS" : -0.8653262835354092, 
"MULT_R2_VALYSAR_VOLON" : -2.7352620504227314, 
"MULT_R2_THERYS_VOLON" : -5.1833112032694855, 
"MULT_R3_VALYSAR_THERYS" : -5.836782869052557, 
"MULT_R3_VALYSAR_VOLON" : -4.128613669733332, 
"MULT_R3_THERYS_VOLON" : -5.157837890056299, 
"MULT_R4_VALYSAR_THERYS" : -4.042965401424767, 
"MULT_R4_VALYSAR_VOLON" : -0.964771222824707, 
"MULT_R4_THERYS_VOLON" : -2.115960827257988, 
"MULT_R5_VALYSAR_THERYS" : -5.093285410723945, 
"MULT_R5_VALYSAR_VOLON" : -5.7322965315696885, 
"MULT_R5_THERYS_VOLON" : -3.027155950546957, 
"MULT_R6_VALYSAR_THERYS" : -2.6867694407519633, 
"MULT_R6_VALYSAR_VOLON" : -3.9620342973627602, 
"MULT_R6_THERYS_VOLON" : -1.40034812362562, 
"MULT_R7_VALYSAR_THERYS" : -5.752597805978062, 
"MULT_R7_VALYSAR_VOLON" : -0.59039551036307, 
"MULT_R7_THERYS_VOLON" : -1.501049589791641, 
"MULT_R5_THERYS_R2_ALL" : -2.2000132436229483, 
"MULT_R5_THERYS_R6_ALL" : -5.247669511607521
}, 
"RATE" : {
"WWIR_MULT_20180101_A5" : 1.0, 
"WWIR_MULT_20190101_A5" : 1.0, 
"WOPR_MULT_20180101_A1" : 1.0, 
"WWPR_MULT_20180101_A1" : 1.0, 
"WGPR_MULT_20180101_A1" : 1.0
}
}