{
"SWITCHES" : {
"DCONV_ALTERNATIVE" : 2.0, 
"HUM_MODEL_MODE" : 0.0, 
"PETROMODEL_ALTERNATIVE" : 1.0, 
"FACIESMODEL_ALTERNATIVE" : 1.0, 
"FACIES_VALYSAR_SEISCOND" : 1.0, 
"FACIES_THERYS_ALT2" : 1.0
}, 
"GLOBVAR" : {
"KVKH_CHANNEL" : 0.6602006959085482, 
"KVKH_CREVASSE" : 0.25436861788579523, 
"KVKH_US" : 0.6843078205246154, 
"KVKH_LS" : 0.7743613931916855, 
"FWL_CENTRAL" : 1677.048506955834, 
"FWL_NORTH_HORST" : 1661.9217603785914, 
"GOC_NORTH_HORST" : 1644.0319392057565, 
"FAULT_SEAL_SCALING" : 0.2658034989341423, 
"RELPERM_INT_WO" : 0.924499037812321, 
"RELPERM_INT_GO" : 0.2345628431075013, 
"PERMREF_CHANNEL" : 1050.0, 
"PERMREF_CREAVASSE" : 100.0, 
"PERMREF_USHOREFACE" : 1200.0, 
"PERMREF_LSHOREFACE" : 40.0, 
"PERMREF_OFFSHORE" : 2.0, 
"PERMREF_FLOODPLAIN" : 1.0, 
"POROREF_CHANNEL" : 0.24, 
"POROREF_CREAVASSE" : 0.22, 
"POROREF_USHOREFACE" : 0.31, 
"POROREF_LSHOREFACE" : 0.23, 
"POROREF_OFFSHORE" : 0.1, 
"POROREF_FLOODPLAIN" : 0.13, 
"SWLHEIGHT" : 350.0, 
"SIMGRID_MINPV" : 100.0, 
"ISOTREND_ALT1W_VALYSAR" : 0.9849923780304215, 
"ISOTREND_ALT1W_THERYS" : 0.8659917360720799, 
"ISOTREND_ALT1W_VOLON" : 0.4731561015267033, 
"VALYSAR_APS_PROB_CHANNEL" : 0.2694163868010936, 
"THERYS_APS_PROB_LOWSHOREFACE" : 0.2408355112261269, 
"THERYS_APS_PROB_UPSHOREFACE" : 0.13791591363975197, 
"VOLON_APS_PROB_CHANNEL" : 0.650454111849508, 
"VALYSAR_CHANNEL_AZIMUTH" : 70.0, 
"VALYSAR_CHANNEL_WIDTH" : 700.0, 
"VALYSAR_CHANNEL_VOLFRAC" : 0.6, 
"VOLON_FLOODPLAIN_AZIMUTH" : 0.0, 
"VOLON_FLOODPLAIN_VARIOGRAM_RANGE_PARALLEL" : 800.0, 
"VOLON_FLOODPLAIN_VARIOGRAM_RANGE_NORMAL" : 200.0, 
"VOLON_FLOODPLAIN_VOLFRAC" : 0.3, 
"VALYSAR_PORO_CHANNEL" : 0.27, 
"VALYSAR_PORO_CREVASSE" : 0.22, 
"THERYS_PORO_US" : 0.31, 
"THERYS_PORO_LS" : 0.23, 
"VOLON_PORO_CHANNEL" : 0.2, 
"VALYSAR_PERMH_CHANNEL" : 1000.0, 
"VALYSAR_PERMH_CREVASSE" : 100.0, 
"THERYS_PERMH_US" : 1200.0, 
"THERYS_PERMH_LS" : 40.0, 
"VOLON_PERMH_CHANNEL" : 1100.0
}, 
"LOG10_GLOBVAR" : {
"FAULT_SEAL_SCALING" : -0.5754393064715825
}, 
"MULTREGT" : {
"MULT_R1_VALYSAR_THERYS" : 0.008712644889286405, 
"MULT_R1_VALYSAR_VOLON" : 0.015989802871060263, 
"MULT_R1_THERYS_VOLON" : 1.971748380711767e-06, 
"MULT_R2_VALYSAR_THERYS" : 0.0004007470442373525, 
"MULT_R2_VALYSAR_VOLON" : 0.013227291453510225, 
"MULT_R2_THERYS_VOLON" : 0.031937543188945414, 
"MULT_R3_VALYSAR_THERYS" : 0.00021268354059047527, 
"MULT_R3_VALYSAR_VOLON" : 7.598138361497567e-05, 
"MULT_R3_THERYS_VOLON" : 0.00041386223174310754, 
"MULT_R4_VALYSAR_THERYS" : 0.0013008164271098087, 
"MULT_R4_VALYSAR_VOLON" : 0.004663570327899896, 
"MULT_R4_THERYS_VOLON" : 0.07972259145463637, 
"MULT_R5_VALYSAR_THERYS" : 0.0009909213048877516, 
"MULT_R5_VALYSAR_VOLON" : 0.0006770921746664416, 
"MULT_R5_THERYS_VOLON" : 0.0007333204160382983, 
"MULT_R6_VALYSAR_THERYS" : 0.08679272729485049, 
"MULT_R6_VALYSAR_VOLON" : 0.015065941314947697, 
"MULT_R6_THERYS_VOLON" : 0.18260289282622552, 
"MULT_R7_VALYSAR_THERYS" : 0.04367080786206164, 
"MULT_R7_VALYSAR_VOLON" : 0.4728013752039293, 
"MULT_R7_THERYS_VOLON" : 0.008026275324625364, 
"MULT_R5_THERYS_R2_ALL" : 2.785196271178665e-06, 
"MULT_R5_THERYS_R6_ALL" : 0.008828560236435613
}, 
"LOG10_MULTREGT" : {
"MULT_R1_VALYSAR_THERYS" : -2.059849986616246, 
"MULT_R1_VALYSAR_VOLON" : -1.7961568903837513, 
"MULT_R1_THERYS_VOLON" : -5.705148507163903, 
"MULT_R2_VALYSAR_THERYS" : -3.3971296721582003, 
"MULT_R2_VALYSAR_VOLON" : -1.8785290769933132, 
"MULT_R2_THERYS_VOLON" : -1.4956984952270282, 
"MULT_R3_VALYSAR_THERYS" : -3.6722661185002927, 
"MULT_R3_VALYSAR_VOLON" : -4.119292802241184, 
"MULT_R3_THERYS_VOLON" : -3.383144204654975, 
"MULT_R4_VALYSAR_THERYS" : -2.8857839873111253, 
"MULT_R4_VALYSAR_VOLON" : -2.3312814695736797, 
"MULT_R4_THERYS_VOLON" : -1.098418592608824, 
"MULT_R5_VALYSAR_THERYS" : -3.003960834122255, 
"MULT_R5_VALYSAR_VOLON" : -3.1693522054299006, 
"MULT_R5_THERYS_VOLON" : -3.1347062238420422, 
"MULT_R6_VALYSAR_THERYS" : -1.0615166645475018, 
"MULT_R6_VALYSAR_VOLON" : -1.8220037285697037, 
"MULT_R6_THERYS_VOLON" : -0.7384923465798401, 
"MULT_R7_VALYSAR_THERYS" : -1.3598087740326255, 
"MULT_R7_VALYSAR_VOLON" : -0.3253212689233125, 
"MULT_R7_THERYS_VOLON" : -2.095485946780766, 
"MULT_R5_THERYS_R2_ALL" : -5.555144194929609, 
"MULT_R5_THERYS_R6_ALL" : -2.0541101154885695
}, 
"RATE" : {
"WWIR_MULT_20180101_A5" : 1.0, 
"WWIR_MULT_20190101_A5" : 1.0, 
"WOPR_MULT_20180101_A1" : 1.0, 
"WWPR_MULT_20180101_A1" : 1.0, 
"WGPR_MULT_20180101_A1" : 1.0
}
}