{
"SWITCHES" : {
"DCONV_ALTERNATIVE" : 2.0, 
"HUM_MODEL_MODE" : 0.0, 
"PETROMODEL_ALTERNATIVE" : 1.0, 
"FACIESMODEL_ALTERNATIVE" : 1.0, 
"FACIES_VALYSAR_SEISCOND" : 1.0, 
"FACIES_THERYS_ALT2" : 1.0
}, 
"GLOBVAR" : {
"KVKH_CHANNEL" : 0.4411207715763039, 
"KVKH_CREVASSE" : 0.3801013733261914, 
"KVKH_US" : 0.7597288525888888, 
"KVKH_LS" : 0.5449905348607759, 
"FWL_CENTRAL" : 1673.5417815320586, 
"FWL_NORTH_HORST" : 1660.771241763651, 
"GOC_NORTH_HORST" : 1642.7369789659465, 
"FAULT_SEAL_SCALING" : 5.756044950175372, 
"RELPERM_INT_WO" : 0.24749938066134702, 
"RELPERM_INT_GO" : -0.03629211407322108, 
"PERMREF_CHANNEL" : 1050.0, 
"PERMREF_CREAVASSE" : 100.0, 
"PERMREF_USHOREFACE" : 1200.0, 
"PERMREF_LSHOREFACE" : 40.0, 
"PERMREF_OFFSHORE" : 2.0, 
"PERMREF_FLOODPLAIN" : 1.0, 
"POROREF_CHANNEL" : 0.24, 
"POROREF_CREAVASSE" : 0.22, 
"POROREF_USHOREFACE" : 0.31, 
"POROREF_LSHOREFACE" : 0.23, 
"POROREF_OFFSHORE" : 0.1, 
"POROREF_FLOODPLAIN" : 0.13, 
"SWLHEIGHT" : 350.0, 
"SIMGRID_MINPV" : 100.0, 
"ISOTREND_ALT1W_VALYSAR" : 0.9638304801670758, 
"ISOTREND_ALT1W_THERYS" : 0.9989171691335588, 
"ISOTREND_ALT1W_VOLON" : 0.44587186461403877, 
"VALYSAR_APS_PROB_CHANNEL" : 0.2468416725571755, 
"THERYS_APS_PROB_LOWSHOREFACE" : 0.34131008789160294, 
"THERYS_APS_PROB_UPSHOREFACE" : 0.2271414104740484, 
"VOLON_APS_PROB_CHANNEL" : 0.6110509121632794, 
"VALYSAR_CHANNEL_AZIMUTH" : 70.0, 
"VALYSAR_CHANNEL_WIDTH" : 700.0, 
"VALYSAR_CHANNEL_VOLFRAC" : 0.6, 
"VOLON_FLOODPLAIN_AZIMUTH" : 0.0, 
"VOLON_FLOODPLAIN_VARIOGRAM_RANGE_PARALLEL" : 800.0, 
"VOLON_FLOODPLAIN_VARIOGRAM_RANGE_NORMAL" : 200.0, 
"VOLON_FLOODPLAIN_VOLFRAC" : 0.3, 
"VALYSAR_PORO_CHANNEL" : 0.27, 
"VALYSAR_PORO_CREVASSE" : 0.22, 
"THERYS_PORO_US" : 0.31, 
"THERYS_PORO_LS" : 0.23, 
"VOLON_PORO_CHANNEL" : 0.2, 
"VALYSAR_PERMH_CHANNEL" : 1000.0, 
"VALYSAR_PERMH_CREVASSE" : 100.0, 
"THERYS_PERMH_US" : 1200.0, 
"THERYS_PERMH_LS" : 40.0, 
"VOLON_PERMH_CHANNEL" : 1100.0
}, 
"LOG10_GLOBVAR" : {
"FAULT_SEAL_SCALING" : 0.7601241767754953
}, 
"MULTREGT" : {
"MULT_R1_VALYSAR_THERYS" : 0.6767536131690265, 
"MULT_R1_VALYSAR_VOLON" : 0.00023554535352785348, 
"MULT_R1_THERYS_VOLON" : 3.3724874248659426e-05, 
"MULT_R2_VALYSAR_THERYS" : 0.17819221862639767, 
"MULT_R2_VALYSAR_VOLON" : 0.05059315431012117, 
"MULT_R2_THERYS_VOLON" : 0.22187257169900065, 
"MULT_R3_VALYSAR_THERYS" : 0.0005516082993424337, 
"MULT_R3_VALYSAR_VOLON" : 0.8649872662871942, 
"MULT_R3_THERYS_VOLON" : 0.04311152696418181, 
"MULT_R4_VALYSAR_THERYS" : 1.1145339636907498e-06, 
"MULT_R4_VALYSAR_VOLON" : 9.33762922840438e-06, 
"MULT_R4_THERYS_VOLON" : 0.31278155688514725, 
"MULT_R5_VALYSAR_THERYS" : 5.0381156407836746e-05, 
"MULT_R5_VALYSAR_VOLON" : 0.009974778114779165, 
"MULT_R5_THERYS_VOLON" : 0.00016628129537950937, 
"MULT_R6_VALYSAR_THERYS" : 0.17509791163715768, 
"MULT_R6_VALYSAR_VOLON" : 0.0022987987263001462, 
"MULT_R6_THERYS_VOLON" : 0.9788870102697891, 
"MULT_R7_VALYSAR_THERYS" : 4.460349808464896e-05, 
"MULT_R7_VALYSAR_VOLON" : 4.1691964371547284e-05, 
"MULT_R7_THERYS_VOLON" : 1.0317884711378443e-06, 
"MULT_R5_THERYS_R2_ALL" : 3.480423085134046e-05, 
"MULT_R5_THERYS_R6_ALL" : 4.971483106974123e-05
}, 
"LOG10_MULTREGT" : {
"MULT_R1_VALYSAR_THERYS" : -0.16956941686490853, 
"MULT_R1_VALYSAR_VOLON" : -3.62792545842688, 
"MULT_R1_THERYS_VOLON" : -4.472049661024927, 
"MULT_R2_VALYSAR_THERYS" : -0.7491112648412469, 
"MULT_R2_VALYSAR_VOLON" : -1.29590824297185, 
"MULT_R2_THERYS_VOLON" : -0.6538963827433454, 
"MULT_R3_VALYSAR_THERYS" : -3.2583692081751083, 
"MULT_R3_VALYSAR_VOLON" : -0.06299028585531424, 
"MULT_R3_THERYS_VOLON" : -1.3654065946275775, 
"MULT_R4_VALYSAR_THERYS" : -5.952906692532572, 
"MULT_R4_VALYSAR_VOLON" : -5.02976337470323, 
"MULT_R4_THERYS_VOLON" : -0.5047588629624186, 
"MULT_R5_VALYSAR_THERYS" : -4.29773186828335, 
"MULT_R5_VALYSAR_VOLON" : -2.0010967562526227, 
"MULT_R5_THERYS_VOLON" : -3.779156600872693, 
"MULT_R6_VALYSAR_THERYS" : -0.7567190336416664, 
"MULT_R6_VALYSAR_VOLON" : -2.638499052168656, 
"MULT_R6_THERYS_VOLON" : -0.009267434497449921, 
"MULT_R7_VALYSAR_THERYS" : -4.350631079868885, 
"MULT_R7_VALYSAR_VOLON" : -4.379947642037885, 
"MULT_R7_THERYS_VOLON" : -5.986409329098095, 
"MULT_R5_THERYS_R2_ALL" : -4.458367959395207, 
"MULT_R5_THERYS_R6_ALL" : -4.303514031972958
}, 
"RATE" : {
"WWIR_MULT_20180101_A5" : 1.0, 
"WWIR_MULT_20190101_A5" : 1.0, 
"WOPR_MULT_20180101_A1" : 1.0, 
"WWPR_MULT_20180101_A1" : 1.0, 
"WGPR_MULT_20180101_A1" : 1.0
}
}