{
"SWITCHES" : {
"DCONV_ALTERNATIVE" : 2.0, 
"HUM_MODEL_MODE" : 0.0, 
"PETROMODEL_ALTERNATIVE" : 1.0, 
"FACIESMODEL_ALTERNATIVE" : 1.0, 
"FACIES_VALYSAR_SEISCOND" : 1.0, 
"FACIES_THERYS_ALT2" : 1.0
}, 
"GLOBVAR" : {
"KVKH_CHANNEL" : 0.5680486053452141, 
"KVKH_CREVASSE" : 0.3809944249250168, 
"KVKH_US" : 0.7897249812218113, 
"KVKH_LS" : 0.8083785945619002, 
"FWL_CENTRAL" : 1675.6291343011117, 
"FWL_NORTH_HORST" : 1661.59775286343, 
"GOC_NORTH_HORST" : 1635.4654098942444, 
"FAULT_SEAL_SCALING" : 3.8384430933924296, 
"RELPERM_INT_WO" : 0.272932635934962, 
"RELPERM_INT_GO" : -0.26792392819561095, 
"PERMREF_CHANNEL" : 1050.0, 
"PERMREF_CREAVASSE" : 100.0, 
"PERMREF_USHOREFACE" : 1200.0, 
"PERMREF_LSHOREFACE" : 40.0, 
"PERMREF_OFFSHORE" : 2.0, 
"PERMREF_FLOODPLAIN" : 1.0, 
"POROREF_CHANNEL" : 0.24, 
"POROREF_CREAVASSE" : 0.22, 
"POROREF_USHOREFACE" : 0.31, 
"POROREF_LSHOREFACE" : 0.23, 
"POROREF_OFFSHORE" : 0.1, 
"POROREF_FLOODPLAIN" : 0.13, 
"SWLHEIGHT" : 350.0, 
"SIMGRID_MINPV" : 100.0, 
"ISOTREND_ALT1W_VALYSAR" : 0.9714417630366117, 
"ISOTREND_ALT1W_THERYS" : 0.8727202078260106, 
"ISOTREND_ALT1W_VOLON" : 0.49232585642646265, 
"VALYSAR_APS_PROB_CHANNEL" : 0.30338224313523093, 
"THERYS_APS_PROB_LOWSHOREFACE" : 0.38909985048514106, 
"THERYS_APS_PROB_UPSHOREFACE" : 0.2101242334964905, 
"VOLON_APS_PROB_CHANNEL" : 0.6579367562714089, 
"VALYSAR_CHANNEL_AZIMUTH" : 70.0, 
"VALYSAR_CHANNEL_WIDTH" : 700.0, 
"VALYSAR_CHANNEL_VOLFRAC" : 0.6, 
"VOLON_FLOODPLAIN_AZIMUTH" : 0.0, 
"VOLON_FLOODPLAIN_VARIOGRAM_RANGE_PARALLEL" : 800.0, 
"VOLON_FLOODPLAIN_VARIOGRAM_RANGE_NORMAL" : 200.0, 
"VOLON_FLOODPLAIN_VOLFRAC" : 0.3, 
"VALYSAR_PORO_CHANNEL" : 0.27, 
"VALYSAR_PORO_CREVASSE" : 0.22, 
"THERYS_PORO_US" : 0.31, 
"THERYS_PORO_LS" : 0.23, 
"VOLON_PORO_CHANNEL" : 0.2, 
"VALYSAR_PERMH_CHANNEL" : 1000.0, 
"VALYSAR_PERMH_CREVASSE" : 100.0, 
"THERYS_PERMH_US" : 1200.0, 
"THERYS_PERMH_LS" : 40.0, 
"VOLON_PERMH_CHANNEL" : 1100.0
}, 
"LOG10_GLOBVAR" : {
"FAULT_SEAL_SCALING" : 0.5841551063838331
}, 
"MULTREGT" : {
"MULT_R1_VALYSAR_THERYS" : 7.773789427274642e-06, 
"MULT_R1_VALYSAR_VOLON" : 0.03734916918549034, 
"MULT_R1_THERYS_VOLON" : 0.03437819944210697, 
"MULT_R2_VALYSAR_THERYS" : 0.006856837388277556, 
"MULT_R2_VALYSAR_VOLON" : 0.00026745682003606223, 
"MULT_R2_THERYS_VOLON" : 3.432437541140246e-06, 
"MULT_R3_VALYSAR_THERYS" : 4.622540497005266e-05, 
"MULT_R3_VALYSAR_VOLON" : 8.288098197555353e-06, 
"MULT_R3_THERYS_VOLON" : 1.2471685204673016e-05, 
"MULT_R4_VALYSAR_THERYS" : 0.0014726116863422868, 
"MULT_R4_VALYSAR_VOLON" : 0.005833282086054991, 
"MULT_R4_THERYS_VOLON" : 1.91500910311281e-06, 
"MULT_R5_VALYSAR_THERYS" : 0.0005933680716268435, 
"MULT_R5_VALYSAR_VOLON" : 0.47419565237913597, 
"MULT_R5_THERYS_VOLON" : 0.0033423861731353643, 
"MULT_R6_VALYSAR_THERYS" : 0.6766511673786982, 
"MULT_R6_VALYSAR_VOLON" : 0.6424489127722846, 
"MULT_R6_THERYS_VOLON" : 1.895465688202333e-05, 
"MULT_R7_VALYSAR_THERYS" : 2.4927247412001477e-05, 
"MULT_R7_VALYSAR_VOLON" : 1.793498658788631e-06, 
"MULT_R7_THERYS_VOLON" : 0.012113476642998807, 
"MULT_R5_THERYS_R2_ALL" : 2.9509393803831173e-06, 
"MULT_R5_THERYS_R6_ALL" : 0.001133379797222695
}, 
"LOG10_MULTREGT" : {
"MULT_R1_VALYSAR_THERYS" : -5.109367227508615, 
"MULT_R1_VALYSAR_VOLON" : -1.427719054415386, 
"MULT_R1_THERYS_VOLON" : -1.463716873222987, 
"MULT_R2_VALYSAR_THERYS" : -2.163876149821652, 
"MULT_R2_VALYSAR_VOLON" : -3.5727463233017205, 
"MULT_R2_THERYS_VOLON" : -5.46439735672338, 
"MULT_R3_VALYSAR_THERYS" : -4.335119275398886, 
"MULT_R3_VALYSAR_VOLON" : -5.0815451120385395, 
"MULT_R3_THERYS_VOLON" : -4.904074859621556, 
"MULT_R4_VALYSAR_THERYS" : -2.8319117573743036, 
"MULT_R4_VALYSAR_VOLON" : -2.2340870214347324, 
"MULT_R4_THERYS_VOLON" : -5.717829157245089, 
"MULT_R5_VALYSAR_THERYS" : -3.2266758262182593, 
"MULT_R5_VALYSAR_VOLON" : -0.3240424321300919, 
"MULT_R5_THERYS_VOLON" : -2.475943373960055, 
"MULT_R6_VALYSAR_THERYS" : -0.16963516458821826, 
"MULT_R6_VALYSAR_VOLON" : -0.19216140151139938, 
"MULT_R6_THERYS_VOLON" : -4.722284072782924, 
"MULT_R7_VALYSAR_THERYS" : -4.603325675759327, 
"MULT_R7_VALYSAR_VOLON" : -5.746298943761315, 
"MULT_R7_THERYS_VOLON" : -1.9167311937540785, 
"MULT_R5_THERYS_R2_ALL" : -5.5300397118946565, 
"MULT_R5_THERYS_R6_ALL" : -2.945624533032886
}, 
"RATE" : {
"WWIR_MULT_20180101_A5" : 1.0, 
"WWIR_MULT_20190101_A5" : 1.0, 
"WOPR_MULT_20180101_A1" : 1.0, 
"WWPR_MULT_20180101_A1" : 1.0, 
"WGPR_MULT_20180101_A1" : 1.0
}
}