{
"SWITCHES" : {
"DCONV_ALTERNATIVE" : 2.0, 
"HUM_MODEL_MODE" : 0.0, 
"PETROMODEL_ALTERNATIVE" : 1.0, 
"FACIESMODEL_ALTERNATIVE" : 1.0, 
"FACIES_VALYSAR_SEISCOND" : 1.0, 
"FACIES_THERYS_ALT2" : 1.0
}, 
"GLOBVAR" : {
"KVKH_CHANNEL" : 0.48439767897650343, 
"KVKH_CREVASSE" : 0.4492814323035037, 
"KVKH_US" : 0.7991843948164283, 
"KVKH_LS" : 0.5785927082637831, 
"FWL_CENTRAL" : 1677.6012386114712, 
"FWL_NORTH_HORST" : 1663.4984099870862, 
"GOC_NORTH_HORST" : 1635.291817963255, 
"FAULT_SEAL_SCALING" : 1.7217650578791985, 
"RELPERM_INT_WO" : -0.5438693879017793, 
"RELPERM_INT_GO" : 0.49555989595439964, 
"PERMREF_CHANNEL" : 1050.0, 
"PERMREF_CREAVASSE" : 100.0, 
"PERMREF_USHOREFACE" : 1200.0, 
"PERMREF_LSHOREFACE" : 40.0, 
"PERMREF_OFFSHORE" : 2.0, 
"PERMREF_FLOODPLAIN" : 1.0, 
"POROREF_CHANNEL" : 0.24, 
"POROREF_CREAVASSE" : 0.22, 
"POROREF_USHOREFACE" : 0.31, 
"POROREF_LSHOREFACE" : 0.23, 
"POROREF_OFFSHORE" : 0.1, 
"POROREF_FLOODPLAIN" : 0.13, 
"SWLHEIGHT" : 350.0, 
"SIMGRID_MINPV" : 100.0, 
"ISOTREND_ALT1W_VALYSAR" : 0.8008396519682806, 
"ISOTREND_ALT1W_THERYS" : 0.9373319796693247, 
"ISOTREND_ALT1W_VOLON" : 0.4211911918417524, 
"VALYSAR_APS_PROB_CHANNEL" : 0.28645407011640184, 
"THERYS_APS_PROB_LOWSHOREFACE" : 0.33695852602181975, 
"THERYS_APS_PROB_UPSHOREFACE" : 0.1354119513335593, 
"VOLON_APS_PROB_CHANNEL" : 0.5721213868520693, 
"VALYSAR_CHANNEL_AZIMUTH" : 70.0, 
"VALYSAR_CHANNEL_WIDTH" : 700.0, 
"VALYSAR_CHANNEL_VOLFRAC" : 0.6, 
"VOLON_FLOODPLAIN_AZIMUTH" : 0.0, 
"VOLON_FLOODPLAIN_VARIOGRAM_RANGE_PARALLEL" : 800.0, 
"VOLON_FLOODPLAIN_VARIOGRAM_RANGE_NORMAL" : 200.0, 
"VOLON_FLOODPLAIN_VOLFRAC" : 0.3, 
"VALYSAR_PORO_CHANNEL" : 0.27, 
"VALYSAR_PORO_CREVASSE" : 0.22, 
"THERYS_PORO_US" : 0.31, 
"THERYS_PORO_LS" : 0.23, 
"VOLON_PORO_CHANNEL" : 0.2, 
"VALYSAR_PERMH_CHANNEL" : 1000.0, 
"VALYSAR_PERMH_CREVASSE" : 100.0, 
"THERYS_PERMH_US" : 1200.0, 
"THERYS_PERMH_LS" : 40.0, 
"VOLON_PERMH_CHANNEL" : 1100.0
}, 
"LOG10_GLOBVAR" : {
"FAULT_SEAL_SCALING" : 0.23597388984248843
}, 
"MULTREGT" : {
"MULT_R1_VALYSAR_THERYS" : 0.05577880360045445, 
"MULT_R1_VALYSAR_VOLON" : 5.225698776210764e-05, 
"MULT_R1_THERYS_VOLON" : 0.020183799952026488, 
"MULT_R2_VALYSAR_THERYS" : 0.46600715325207387, 
"MULT_R2_VALYSAR_VOLON" : 0.00010174959055059499, 
"MULT_R2_THERYS_VOLON" : 0.00010231916532768696, 
"MULT_R3_VALYSAR_THERYS" : 0.0018471140511885841, 
"MULT_R3_VALYSAR_VOLON" : 9.868782587322539e-06, 
"MULT_R3_THERYS_VOLON" : 0.0008429468278459345, 
"MULT_R4_VALYSAR_THERYS" : 0.03781188528500848, 
"MULT_R4_VALYSAR_VOLON" : 3.2395647205757646e-05, 
"MULT_R4_THERYS_VOLON" : 2.6879833981295784e-05, 
"MULT_R5_VALYSAR_THERYS" : 2.3388838553700877e-05, 
"MULT_R5_VALYSAR_VOLON" : 0.19602063372644543, 
"MULT_R5_THERYS_VOLON" : 5.42331611084739e-06, 
"MULT_R6_VALYSAR_THERYS" : 1.976654172151268e-06, 
"MULT_R6_VALYSAR_VOLON" : 0.032714955760804854, 
"MULT_R6_THERYS_VOLON" : 0.0006088344234519018, 
"MULT_R7_VALYSAR_THERYS" : 0.06491345052511785, 
"MULT_R7_VALYSAR_VOLON" : 0.0006332937071155506, 
"MULT_R7_THERYS_VOLON" : 4.429325573546652e-05, 
"MULT_R5_THERYS_R2_ALL" : 0.001616761737759746, 
"MULT_R5_THERYS_R6_ALL" : 2.5343823405986347e-06
}, 
"LOG10_MULTREGT" : {
"MULT_R1_VALYSAR_THERYS" : -1.2535308051523117, 
"MULT_R1_VALYSAR_VOLON" : -4.281855627827181, 
"MULT_R1_THERYS_VOLON" : -1.6949970668980103, 
"MULT_R2_VALYSAR_THERYS" : -0.33160741679914185, 
"MULT_R2_VALYSAR_VOLON" : -3.9924673297388598, 
"MULT_R2_THERYS_VOLON" : -3.9900430112879857, 
"MULT_R3_VALYSAR_THERYS" : -2.7335062879530234, 
"MULT_R3_VALYSAR_VOLON" : -5.005736418578372, 
"MULT_R3_THERYS_VOLON" : -3.074199819327104, 
"MULT_R4_VALYSAR_THERYS" : -1.4223716683538377, 
"MULT_R4_VALYSAR_VOLON" : -4.489513339222853, 
"MULT_R4_THERYS_VOLON" : -4.57057341795563, 
"MULT_R5_VALYSAR_THERYS" : -4.630991343913059, 
"MULT_R5_VALYSAR_VOLON" : -0.7076982110828973, 
"MULT_R5_THERYS_VOLON" : -5.26573508094245, 
"MULT_R6_VALYSAR_THERYS" : -5.704069306540681, 
"MULT_R6_VALYSAR_VOLON" : -1.4852536626451942, 
"MULT_R6_THERYS_VOLON" : -3.2155008005663803, 
"MULT_R7_VALYSAR_THERYS" : -1.1876653049932098, 
"MULT_R7_VALYSAR_VOLON" : -3.1983948274291314, 
"MULT_R7_THERYS_VOLON" : -4.353662396121181, 
"MULT_R5_THERYS_R2_ALL" : -2.791353977372784, 
"MULT_R5_THERYS_R6_ALL" : -5.596127866214056
}, 
"RATE" : {
"WWIR_MULT_20180101_A5" : 1.0, 
"WWIR_MULT_20190101_A5" : 1.0, 
"WOPR_MULT_20180101_A1" : 1.0, 
"WWPR_MULT_20180101_A1" : 1.0, 
"WGPR_MULT_20180101_A1" : 1.0
}
}