{
"SWITCHES" : {
"DCONV_ALTERNATIVE" : 2.0, 
"HUM_MODEL_MODE" : 0.0, 
"PETROMODEL_ALTERNATIVE" : 1.0, 
"FACIESMODEL_ALTERNATIVE" : 1.0, 
"FACIES_VALYSAR_SEISCOND" : 1.0, 
"FACIES_THERYS_ALT2" : 1.0
}, 
"GLOBVAR" : {
"KVKH_CHANNEL" : 0.6406693430493621, 
"KVKH_CREVASSE" : 0.21044604014404258, 
"KVKH_US" : 0.6651354868182378, 
"KVKH_LS" : 0.8021757668019445, 
"FWL_CENTRAL" : 1681.2850886390281, 
"FWL_NORTH_HORST" : 1663.8388943920863, 
"GOC_NORTH_HORST" : 1635.3790569550297, 
"FAULT_SEAL_SCALING" : 0.25303708976304323, 
"RELPERM_INT_WO" : -0.5189761866423526, 
"RELPERM_INT_GO" : -0.7044850779072185, 
"PERMREF_CHANNEL" : 1050.0, 
"PERMREF_CREAVASSE" : 100.0, 
"PERMREF_USHOREFACE" : 1200.0, 
"PERMREF_LSHOREFACE" : 40.0, 
"PERMREF_OFFSHORE" : 2.0, 
"PERMREF_FLOODPLAIN" : 1.0, 
"POROREF_CHANNEL" : 0.24, 
"POROREF_CREAVASSE" : 0.22, 
"POROREF_USHOREFACE" : 0.31, 
"POROREF_LSHOREFACE" : 0.23, 
"POROREF_OFFSHORE" : 0.1, 
"POROREF_FLOODPLAIN" : 0.13, 
"SWLHEIGHT" : 350.0, 
"SIMGRID_MINPV" : 100.0, 
"ISOTREND_ALT1W_VALYSAR" : 0.9742818892159184, 
"ISOTREND_ALT1W_THERYS" : 0.9842018832463185, 
"ISOTREND_ALT1W_VOLON" : 0.4308841983543229, 
"VALYSAR_APS_PROB_CHANNEL" : 0.3172461412354145, 
"THERYS_APS_PROB_LOWSHOREFACE" : 0.3626856966839203, 
"THERYS_APS_PROB_UPSHOREFACE" : 0.1901131572149516, 
"VOLON_APS_PROB_CHANNEL" : 0.6343129353692594, 
"VALYSAR_CHANNEL_AZIMUTH" : 70.0, 
"VALYSAR_CHANNEL_WIDTH" : 700.0, 
"VALYSAR_CHANNEL_VOLFRAC" : 0.6, 
"VOLON_FLOODPLAIN_AZIMUTH" : 0.0, 
"VOLON_FLOODPLAIN_VARIOGRAM_RANGE_PARALLEL" : 800.0, 
"VOLON_FLOODPLAIN_VARIOGRAM_RANGE_NORMAL" : 200.0, 
"VOLON_FLOODPLAIN_VOLFRAC" : 0.3, 
"VALYSAR_PORO_CHANNEL" : 0.27, 
"VALYSAR_PORO_CREVASSE" : 0.22, 
"THERYS_PORO_US" : 0.31, 
"THERYS_PORO_LS" : 0.23, 
"VOLON_PORO_CHANNEL" : 0.2, 
"VALYSAR_PERMH_CHANNEL" : 1000.0, 
"VALYSAR_PERMH_CREVASSE" : 100.0, 
"THERYS_PERMH_US" : 1200.0, 
"THERYS_PERMH_LS" : 40.0, 
"VOLON_PERMH_CHANNEL" : 1100.0
}, 
"LOG10_GLOBVAR" : {
"FAULT_SEAL_SCALING" : -0.5968158159829419
}, 
"MULTREGT" : {
"MULT_R1_VALYSAR_THERYS" : 0.005006927938520385, 
"MULT_R1_VALYSAR_VOLON" : 1.100713275742223e-05, 
"MULT_R1_THERYS_VOLON" : 4.3397078718883894e-05, 
"MULT_R2_VALYSAR_THERYS" : 4.084515739306274e-05, 
"MULT_R2_VALYSAR_VOLON" : 3.1875163521039295e-05, 
"MULT_R2_THERYS_VOLON" : 0.0010032865999993156, 
"MULT_R3_VALYSAR_THERYS" : 0.05861164179562171, 
"MULT_R3_VALYSAR_VOLON" : 0.08935818280759741, 
"MULT_R3_THERYS_VOLON" : 0.0016341773180966021, 
"MULT_R4_VALYSAR_THERYS" : 0.019385866655516896, 
"MULT_R4_VALYSAR_VOLON" : 6.242785410811723e-06, 
"MULT_R4_THERYS_VOLON" : 0.00025833629290302536, 
"MULT_R5_VALYSAR_THERYS" : 0.0004028173636675339, 
"MULT_R5_VALYSAR_VOLON" : 2.8940937424704106e-05, 
"MULT_R5_THERYS_VOLON" : 0.0004564873785186674, 
"MULT_R6_VALYSAR_THERYS" : 0.0007246267058897879, 
"MULT_R6_VALYSAR_VOLON" : 0.024549283524100147, 
"MULT_R6_THERYS_VOLON" : 1.2415944294150358e-05, 
"MULT_R7_VALYSAR_THERYS" : 0.00012377496561986968, 
"MULT_R7_VALYSAR_VOLON" : 0.0147615779676545, 
"MULT_R7_THERYS_VOLON" : 0.0002613656296523736, 
"MULT_R5_THERYS_R2_ALL" : 0.004132463755356498, 
"MULT_R5_THERYS_R6_ALL" : 2.4873542658113476e-05
}, 
"LOG10_MULTREGT" : {
"MULT_R1_VALYSAR_THERYS" : -2.3004286590760588, 
"MULT_R1_VALYSAR_VOLON" : -4.958325795451508, 
"MULT_R1_THERYS_VOLON" : -4.362539504104288, 
"MULT_R2_VALYSAR_THERYS" : -4.38885942608723, 
"MULT_R2_VALYSAR_VOLON" : -4.496547578601819, 
"MULT_R2_THERYS_VOLON" : -2.9985749881973547, 
"MULT_R3_VALYSAR_THERYS" : -1.2320161132405882, 
"MULT_R3_VALYSAR_VOLON" : -1.0488656716366003, 
"MULT_R3_THERYS_VOLON" : -2.78670082167581, 
"MULT_R4_VALYSAR_THERYS" : -1.7125147788561337, 
"MULT_R4_VALYSAR_VOLON" : -5.2046215932285795, 
"MULT_R4_THERYS_VOLON" : -3.587814576791067, 
"MULT_R5_VALYSAR_THERYS" : -3.3948918172086255, 
"MULT_R5_VALYSAR_VOLON" : -4.538487405774595, 
"MULT_R5_THERYS_VOLON" : -3.340571225830611, 
"MULT_R6_VALYSAR_THERYS" : -3.1398856642197233, 
"MULT_R6_VALYSAR_VOLON" : -1.6099611783300283, 
"MULT_R6_THERYS_VOLON" : -4.906020244603717, 
"MULT_R7_VALYSAR_THERYS" : -3.9073671856274856, 
"MULT_R7_VALYSAR_VOLON" : -1.8308672152761691, 
"MULT_R7_THERYS_VOLON" : -3.58275152400006, 
"MULT_R5_THERYS_R2_ALL" : -2.3837909468110094, 
"MULT_R5_THERYS_R6_ALL" : -4.6042623551683866
}, 
"RATE" : {
"WWIR_MULT_20180101_A5" : 1.0, 
"WWIR_MULT_20190101_A5" : 1.0, 
"WOPR_MULT_20180101_A1" : 1.0, 
"WWPR_MULT_20180101_A1" : 1.0, 
"WGPR_MULT_20180101_A1" : 1.0
}
}