{
"SWITCHES" : {
"DCONV_ALTERNATIVE" : 2.0, 
"HUM_MODEL_MODE" : 0.0, 
"PETROMODEL_ALTERNATIVE" : 1.0, 
"FACIESMODEL_ALTERNATIVE" : 1.0, 
"FACIES_VALYSAR_SEISCOND" : 1.0, 
"FACIES_THERYS_ALT2" : 1.0
}, 
"GLOBVAR" : {
"KVKH_CHANNEL" : 0.7868007628459983, 
"KVKH_CREVASSE" : 0.15543801525704234, 
"KVKH_US" : 0.6438256996627008, 
"KVKH_LS" : 0.6661831210893456, 
"FWL_CENTRAL" : 1678.281740240837, 
"FWL_NORTH_HORST" : 1662.6002714887363, 
"GOC_NORTH_HORST" : 1643.0475339525976, 
"FAULT_SEAL_SCALING" : 0.11914712958186165, 
"RELPERM_INT_WO" : -0.3010702705407923, 
"RELPERM_INT_GO" : -0.1589895571077361, 
"PERMREF_CHANNEL" : 1050.0, 
"PERMREF_CREAVASSE" : 100.0, 
"PERMREF_USHOREFACE" : 1200.0, 
"PERMREF_LSHOREFACE" : 40.0, 
"PERMREF_OFFSHORE" : 2.0, 
"PERMREF_FLOODPLAIN" : 1.0, 
"POROREF_CHANNEL" : 0.24, 
"POROREF_CREAVASSE" : 0.22, 
"POROREF_USHOREFACE" : 0.31, 
"POROREF_LSHOREFACE" : 0.23, 
"POROREF_OFFSHORE" : 0.1, 
"POROREF_FLOODPLAIN" : 0.13, 
"SWLHEIGHT" : 350.0, 
"SIMGRID_MINPV" : 100.0, 
"ISOTREND_ALT1W_VALYSAR" : 0.9599462436278305, 
"ISOTREND_ALT1W_THERYS" : 0.8670075178027384, 
"ISOTREND_ALT1W_VOLON" : 0.4641477269818982, 
"VALYSAR_APS_PROB_CHANNEL" : 0.2569524257752615, 
"THERYS_APS_PROB_LOWSHOREFACE" : 0.3531925574236246, 
"THERYS_APS_PROB_UPSHOREFACE" : 0.2698922324014561, 
"VOLON_APS_PROB_CHANNEL" : 0.5694319069651183, 
"VALYSAR_CHANNEL_AZIMUTH" : 70.0, 
"VALYSAR_CHANNEL_WIDTH" : 700.0, 
"VALYSAR_CHANNEL_VOLFRAC" : 0.6, 
"VOLON_FLOODPLAIN_AZIMUTH" : 0.0, 
"VOLON_FLOODPLAIN_VARIOGRAM_RANGE_PARALLEL" : 800.0, 
"VOLON_FLOODPLAIN_VARIOGRAM_RANGE_NORMAL" : 200.0, 
"VOLON_FLOODPLAIN_VOLFRAC" : 0.3, 
"VALYSAR_PORO_CHANNEL" : 0.27, 
"VALYSAR_PORO_CREVASSE" : 0.22, 
"THERYS_PORO_US" : 0.31, 
"THERYS_PORO_LS" : 0.23, 
"VOLON_PORO_CHANNEL" : 0.2, 
"VALYSAR_PERMH_CHANNEL" : 1000.0, 
"VALYSAR_PERMH_CREVASSE" : 100.0, 
"THERYS_PERMH_US" : 1200.0, 
"THERYS_PERMH_LS" : 40.0, 
"VOLON_PERMH_CHANNEL" : 1100.0
}, 
"LOG10_GLOBVAR" : {
"FAULT_SEAL_SCALING" : -0.923916415942572
}, 
"MULTREGT" : {
"MULT_R1_VALYSAR_THERYS" : 0.020896218279584045, 
"MULT_R1_VALYSAR_VOLON" : 2.2838377508807326e-05, 
"MULT_R1_THERYS_VOLON" : 0.47090168262538057, 
"MULT_R2_VALYSAR_THERYS" : 0.0003587751960237678, 
"MULT_R2_VALYSAR_VOLON" : 5.42260638005211e-05, 
"MULT_R2_THERYS_VOLON" : 4.198983159440687e-06, 
"MULT_R3_VALYSAR_THERYS" : 0.002170982905070352, 
"MULT_R3_VALYSAR_VOLON" : 0.0011641201980020102, 
"MULT_R3_THERYS_VOLON" : 1.7449150226036472e-06, 
"MULT_R4_VALYSAR_THERYS" : 1.050201675690334e-06, 
"MULT_R4_VALYSAR_VOLON" : 0.15454572153771962, 
"MULT_R4_THERYS_VOLON" : 0.0013213714982154396, 
"MULT_R5_VALYSAR_THERYS" : 0.00024583587742989726, 
"MULT_R5_VALYSAR_VOLON" : 0.0002875608195125498, 
"MULT_R5_THERYS_VOLON" : 8.852798874491747e-06, 
"MULT_R6_VALYSAR_THERYS" : 2.2810531264378073e-06, 
"MULT_R6_VALYSAR_VOLON" : 1.4078314629445557e-05, 
"MULT_R6_THERYS_VOLON" : 0.08076144480490696, 
"MULT_R7_VALYSAR_THERYS" : 4.52455590095354e-06, 
"MULT_R7_VALYSAR_VOLON" : 0.5526576566422835, 
"MULT_R7_THERYS_VOLON" : 1.8357447257783348e-05, 
"MULT_R5_THERYS_R2_ALL" : 6.43362939597326e-06, 
"MULT_R5_THERYS_R6_ALL" : 0.00019077656915098153
}, 
"LOG10_MULTREGT" : {
"MULT_R1_VALYSAR_THERYS" : -1.6799323037892209, 
"MULT_R1_VALYSAR_VOLON" : -4.641334752615371, 
"MULT_R1_THERYS_VOLON" : -0.32706975773393426, 
"MULT_R2_VALYSAR_THERYS" : -3.4451775896033303, 
"MULT_R2_VALYSAR_VOLON" : -4.265791919292296, 
"MULT_R2_THERYS_VOLON" : -5.376855867152164, 
"MULT_R3_VALYSAR_THERYS" : -2.6633435962889442, 
"MULT_R3_VALYSAR_VOLON" : -2.9340021754988754, 
"MULT_R3_THERYS_VOLON" : -5.758225718339729, 
"MULT_R4_VALYSAR_THERYS" : -5.978727293092872, 
"MULT_R4_VALYSAR_VOLON" : -0.8109430134947511, 
"MULT_R4_THERYS_VOLON" : -2.8789750650933548, 
"MULT_R5_VALYSAR_THERYS" : -3.609354735636721, 
"MULT_R5_VALYSAR_VOLON" : -3.5412702873735116, 
"MULT_R5_THERYS_VOLON" : -5.052919402344324, 
"MULT_R6_VALYSAR_THERYS" : -5.641864599751805, 
"MULT_R6_VALYSAR_VOLON" : -4.851449333186956, 
"MULT_R6_THERYS_VOLON" : -1.0927959202238684, 
"MULT_R7_VALYSAR_THERYS" : -5.344424041703057, 
"MULT_R7_VALYSAR_VOLON" : -0.2575438087872562, 
"MULT_R7_THERYS_VOLON" : -4.736187710876463, 
"MULT_R5_THERYS_R2_ALL" : -5.191543959896503, 
"MULT_R5_THERYS_R6_ALL" : -3.7194749656555186
}, 
"RATE" : {
"WWIR_MULT_20180101_A5" : 1.0, 
"WWIR_MULT_20190101_A5" : 1.0, 
"WOPR_MULT_20180101_A1" : 1.0, 
"WWPR_MULT_20180101_A1" : 1.0, 
"WGPR_MULT_20180101_A1" : 1.0
}
}