{
"SWITCHES" : {
"DCONV_ALTERNATIVE" : 2.0, 
"HUM_MODEL_MODE" : 0.0, 
"PETROMODEL_ALTERNATIVE" : 1.0, 
"FACIESMODEL_ALTERNATIVE" : 1.0, 
"FACIES_VALYSAR_SEISCOND" : 1.0, 
"FACIES_THERYS_ALT2" : 1.0
}, 
"GLOBVAR" : {
"KVKH_CHANNEL" : 0.5363097211981496, 
"KVKH_CREVASSE" : 0.2693478610461859, 
"KVKH_US" : 0.6565373471420857, 
"KVKH_LS" : 0.5227238580038088, 
"FWL_CENTRAL" : 1678.1939272066518, 
"FWL_NORTH_HORST" : 1660.7743811239695, 
"GOC_NORTH_HORST" : 1639.399975942884, 
"FAULT_SEAL_SCALING" : 1.0564969063169616, 
"RELPERM_INT_WO" : 0.9596933431457118, 
"RELPERM_INT_GO" : -0.9713797230891817, 
"PERMREF_CHANNEL" : 1050.0, 
"PERMREF_CREAVASSE" : 100.0, 
"PERMREF_USHOREFACE" : 1200.0, 
"PERMREF_LSHOREFACE" : 40.0, 
"PERMREF_OFFSHORE" : 2.0, 
"PERMREF_FLOODPLAIN" : 1.0, 
"POROREF_CHANNEL" : 0.24, 
"POROREF_CREAVASSE" : 0.22, 
"POROREF_USHOREFACE" : 0.31, 
"POROREF_LSHOREFACE" : 0.23, 
"POROREF_OFFSHORE" : 0.1, 
"POROREF_FLOODPLAIN" : 0.13, 
"SWLHEIGHT" : 350.0, 
"SIMGRID_MINPV" : 100.0, 
"ISOTREND_ALT1W_VALYSAR" : 0.9889965432371182, 
"ISOTREND_ALT1W_THERYS" : 0.9187692034724726, 
"ISOTREND_ALT1W_VOLON" : 0.4826122070166231, 
"VALYSAR_APS_PROB_CHANNEL" : 0.3380602425344723, 
"THERYS_APS_PROB_LOWSHOREFACE" : 0.2848799388235593, 
"THERYS_APS_PROB_UPSHOREFACE" : 0.2730608040271949, 
"VOLON_APS_PROB_CHANNEL" : 0.6543119553428323, 
"VALYSAR_CHANNEL_AZIMUTH" : 70.0, 
"VALYSAR_CHANNEL_WIDTH" : 700.0, 
"VALYSAR_CHANNEL_VOLFRAC" : 0.6, 
"VOLON_FLOODPLAIN_AZIMUTH" : 0.0, 
"VOLON_FLOODPLAIN_VARIOGRAM_RANGE_PARALLEL" : 800.0, 
"VOLON_FLOODPLAIN_VARIOGRAM_RANGE_NORMAL" : 200.0, 
"VOLON_FLOODPLAIN_VOLFRAC" : 0.3, 
"VALYSAR_PORO_CHANNEL" : 0.27, 
"VALYSAR_PORO_CREVASSE" : 0.22, 
"THERYS_PORO_US" : 0.31, 
"THERYS_PORO_LS" : 0.23, 
"VOLON_PORO_CHANNEL" : 0.2, 
"VALYSAR_PERMH_CHANNEL" : 1000.0, 
"VALYSAR_PERMH_CREVASSE" : 100.0, 
"THERYS_PERMH_US" : 1200.0, 
"THERYS_PERMH_LS" : 40.0, 
"VOLON_PERMH_CHANNEL" : 1100.0
}, 
"LOG10_GLOBVAR" : {
"FAULT_SEAL_SCALING" : 0.023868229669033077
}, 
"MULTREGT" : {
"MULT_R1_VALYSAR_THERYS" : 0.14342144286481429, 
"MULT_R1_VALYSAR_VOLON" : 0.0001260448917311555, 
"MULT_R1_THERYS_VOLON" : 0.0063111487683347525, 
"MULT_R2_VALYSAR_THERYS" : 3.6138095336462796e-06, 
"MULT_R2_VALYSAR_VOLON" : 0.08883432479956012, 
"MULT_R2_THERYS_VOLON" : 0.0541574563779459, 
"MULT_R3_VALYSAR_THERYS" : 2.422384957429925e-06, 
"MULT_R3_VALYSAR_VOLON" : 0.4218304653302071, 
"MULT_R3_THERYS_VOLON" : 0.00016949742486454896, 
"MULT_R4_VALYSAR_THERYS" : 8.692126480174991e-05, 
"MULT_R4_VALYSAR_VOLON" : 0.6477739949522993, 
"MULT_R4_THERYS_VOLON" : 0.01067744120478086, 
"MULT_R5_VALYSAR_THERYS" : 3.7159214412790817e-06, 
"MULT_R5_VALYSAR_VOLON" : 0.2258895765136386, 
"MULT_R5_THERYS_VOLON" : 0.000668117840355168, 
"MULT_R6_VALYSAR_THERYS" : 9.198892045475499e-06, 
"MULT_R6_VALYSAR_VOLON" : 0.0004894517019894029, 
"MULT_R6_THERYS_VOLON" : 0.03207289914786766, 
"MULT_R7_VALYSAR_THERYS" : 5.591221073534492e-05, 
"MULT_R7_VALYSAR_VOLON" : 2.1501177627525322e-05, 
"MULT_R7_THERYS_VOLON" : 2.7808737497127853e-06, 
"MULT_R5_THERYS_R2_ALL" : 0.0011181920097395413, 
"MULT_R5_THERYS_R6_ALL" : 5.184523969515434e-06
}, 
"LOG10_MULTREGT" : {
"MULT_R1_VALYSAR_THERYS" : -0.8433859126732708, 
"MULT_R1_VALYSAR_VOLON" : -3.899474750447079, 
"MULT_R1_THERYS_VOLON" : -2.1998915823818135, 
"MULT_R2_VALYSAR_THERYS" : -5.44203474072534, 
"MULT_R2_VALYSAR_VOLON" : -1.051419194236151, 
"MULT_R2_THERYS_VOLON" : -1.2663417414234217, 
"MULT_R3_VALYSAR_THERYS" : -5.615756839061404, 
"MULT_R3_VALYSAR_VOLON" : -0.37486205796067035, 
"MULT_R3_THERYS_VOLON" : -3.7708368955471054, 
"MULT_R4_VALYSAR_THERYS" : -4.060873962834437, 
"MULT_R4_VALYSAR_VOLON" : -0.18857649083558592, 
"MULT_R4_THERYS_VOLON" : -1.9715328113326096, 
"MULT_R5_VALYSAR_THERYS" : -5.429933476050742, 
"MULT_R5_VALYSAR_VOLON" : -0.64610380877442, 
"MULT_R5_THERYS_VOLON" : -3.1751469313830167, 
"MULT_R6_VALYSAR_THERYS" : -5.036264477818862, 
"MULT_R6_VALYSAR_VOLON" : -3.3102901569647574, 
"MULT_R6_THERYS_VOLON" : -1.4938617813558253, 
"MULT_R7_VALYSAR_THERYS" : -4.25249333565798, 
"MULT_R7_VALYSAR_VOLON" : -4.667537752962072, 
"MULT_R7_THERYS_VOLON" : -5.555818727442089, 
"MULT_R5_THERYS_R2_ALL" : -2.951483615402712, 
"MULT_R5_THERYS_R6_ALL" : -5.285291113316105
}, 
"RATE" : {
"WWIR_MULT_20180101_A5" : 1.0, 
"WWIR_MULT_20190101_A5" : 1.0, 
"WOPR_MULT_20180101_A1" : 1.0, 
"WWPR_MULT_20180101_A1" : 1.0, 
"WGPR_MULT_20180101_A1" : 1.0
}
}