{
"SWITCHES" : {
"DCONV_ALTERNATIVE" : 2.0, 
"HUM_MODEL_MODE" : 0.0, 
"PETROMODEL_ALTERNATIVE" : 1.0, 
"FACIESMODEL_ALTERNATIVE" : 1.0, 
"FACIES_VALYSAR_SEISCOND" : 1.0, 
"FACIES_THERYS_ALT2" : 1.0
}, 
"GLOBVAR" : {
"KVKH_CHANNEL" : 0.5398382515613167, 
"KVKH_CREVASSE" : 0.17249554255614324, 
"KVKH_US" : 0.5167657954859944, 
"KVKH_LS" : 0.8043779161645307, 
"FWL_CENTRAL" : 1678.4886646177538, 
"FWL_NORTH_HORST" : 1659.0305139580987, 
"GOC_NORTH_HORST" : 1643.5074576778175, 
"FAULT_SEAL_SCALING" : 0.34838970214705894, 
"RELPERM_INT_WO" : 0.33045663425004745, 
"RELPERM_INT_GO" : -0.5943687174674722, 
"PERMREF_CHANNEL" : 1050.0, 
"PERMREF_CREAVASSE" : 100.0, 
"PERMREF_USHOREFACE" : 1200.0, 
"PERMREF_LSHOREFACE" : 40.0, 
"PERMREF_OFFSHORE" : 2.0, 
"PERMREF_FLOODPLAIN" : 1.0, 
"POROREF_CHANNEL" : 0.24, 
"POROREF_CREAVASSE" : 0.22, 
"POROREF_USHOREFACE" : 0.31, 
"POROREF_LSHOREFACE" : 0.23, 
"POROREF_OFFSHORE" : 0.1, 
"POROREF_FLOODPLAIN" : 0.13, 
"SWLHEIGHT" : 350.0, 
"SIMGRID_MINPV" : 100.0, 
"ISOTREND_ALT1W_VALYSAR" : 0.9317291557701521, 
"ISOTREND_ALT1W_THERYS" : 0.820460482887392, 
"ISOTREND_ALT1W_VOLON" : 0.5148551120409988, 
"VALYSAR_APS_PROB_CHANNEL" : 0.28451011538621807, 
"THERYS_APS_PROB_LOWSHOREFACE" : 0.231453514295191, 
"THERYS_APS_PROB_UPSHOREFACE" : 0.19981806145929037, 
"VOLON_APS_PROB_CHANNEL" : 0.5827996262261355, 
"VALYSAR_CHANNEL_AZIMUTH" : 70.0, 
"VALYSAR_CHANNEL_WIDTH" : 700.0, 
"VALYSAR_CHANNEL_VOLFRAC" : 0.6, 
"VOLON_FLOODPLAIN_AZIMUTH" : 0.0, 
"VOLON_FLOODPLAIN_VARIOGRAM_RANGE_PARALLEL" : 800.0, 
"VOLON_FLOODPLAIN_VARIOGRAM_RANGE_NORMAL" : 200.0, 
"VOLON_FLOODPLAIN_VOLFRAC" : 0.3, 
"VALYSAR_PORO_CHANNEL" : 0.27, 
"VALYSAR_PORO_CREVASSE" : 0.22, 
"THERYS_PORO_US" : 0.31, 
"THERYS_PORO_LS" : 0.23, 
"VOLON_PORO_CHANNEL" : 0.2, 
"VALYSAR_PERMH_CHANNEL" : 1000.0, 
"VALYSAR_PERMH_CREVASSE" : 100.0, 
"THERYS_PERMH_US" : 1200.0, 
"THERYS_PERMH_LS" : 40.0, 
"VOLON_PERMH_CHANNEL" : 1100.0
}, 
"LOG10_GLOBVAR" : {
"FAULT_SEAL_SCALING" : -0.4579346905380948
}, 
"MULTREGT" : {
"MULT_R1_VALYSAR_THERYS" : 0.024587403963857998, 
"MULT_R1_VALYSAR_VOLON" : 6.828144502898302e-06, 
"MULT_R1_THERYS_VOLON" : 0.05853976279137262, 
"MULT_R2_VALYSAR_THERYS" : 0.0035006164129266527, 
"MULT_R2_VALYSAR_VOLON" : 1.776722577463975e-06, 
"MULT_R2_THERYS_VOLON" : 0.005251131935323844, 
"MULT_R3_VALYSAR_THERYS" : 0.00018404413001054445, 
"MULT_R3_VALYSAR_VOLON" : 0.00017371959044145118, 
"MULT_R3_THERYS_VOLON" : 0.10180416176031706, 
"MULT_R4_VALYSAR_THERYS" : 0.012348256822481647, 
"MULT_R4_VALYSAR_VOLON" : 1.2245267477365805e-06, 
"MULT_R4_THERYS_VOLON" : 0.0004851967101878472, 
"MULT_R5_VALYSAR_THERYS" : 0.00010635009752428453, 
"MULT_R5_VALYSAR_VOLON" : 0.0009344680048428319, 
"MULT_R5_THERYS_VOLON" : 1.2009141701463648e-05, 
"MULT_R6_VALYSAR_THERYS" : 9.685543785920431e-06, 
"MULT_R6_VALYSAR_VOLON" : 9.891774130276768e-05, 
"MULT_R6_THERYS_VOLON" : 7.797730882930607e-06, 
"MULT_R7_VALYSAR_THERYS" : 0.0002682296863943865, 
"MULT_R7_VALYSAR_VOLON" : 5.2179595918675716e-05, 
"MULT_R7_THERYS_VOLON" : 5.187913852037022e-06, 
"MULT_R5_THERYS_R2_ALL" : 0.001909393846355898, 
"MULT_R5_THERYS_R6_ALL" : 3.4366796525057087e-06
}, 
"LOG10_MULTREGT" : {
"MULT_R1_VALYSAR_THERYS" : -1.6092873233836587, 
"MULT_R1_VALYSAR_VOLON" : -5.165697296557408, 
"MULT_R1_THERYS_VOLON" : -1.2325490417007687, 
"MULT_R2_VALYSAR_THERYS" : -2.4558554753178448, 
"MULT_R2_VALYSAR_VOLON" : -5.750380378881444, 
"MULT_R2_THERYS_VOLON" : -2.2797470698745714, 
"MULT_R3_VALYSAR_THERYS" : -3.7350780295875032, 
"MULT_R3_VALYSAR_VOLON" : -3.760151203194378, 
"MULT_R3_THERYS_VOLON" : -0.9922344676515558, 
"MULT_R4_VALYSAR_THERYS" : -1.9083943465185202, 
"MULT_R4_VALYSAR_VOLON" : -5.912031723999839, 
"MULT_R4_THERYS_VOLON" : -3.3140821524718045, 
"MULT_R5_VALYSAR_THERYS" : -3.973262107507945, 
"MULT_R5_VALYSAR_VOLON" : -3.0294355637962065, 
"MULT_R5_THERYS_VOLON" : -4.920488030701865, 
"MULT_R6_VALYSAR_THERYS" : -5.013875991197335, 
"MULT_R6_VALYSAR_VOLON" : -4.004725808919551, 
"MULT_R6_THERYS_VOLON" : -5.108031757359757, 
"MULT_R7_VALYSAR_THERYS" : -3.5714931581630354, 
"MULT_R7_VALYSAR_VOLON" : -4.28249928842033, 
"MULT_R7_THERYS_VOLON" : -5.285007244210082, 
"MULT_R5_THERYS_R2_ALL" : -2.7191044814244014, 
"MULT_R5_THERYS_R6_ALL" : -5.46386094840775
}, 
"RATE" : {
"WWIR_MULT_20180101_A5" : 1.0, 
"WWIR_MULT_20190101_A5" : 1.0, 
"WOPR_MULT_20180101_A1" : 1.0, 
"WWPR_MULT_20180101_A1" : 1.0, 
"WGPR_MULT_20180101_A1" : 1.0
}
}