{
"SWITCHES" : {
"DCONV_ALTERNATIVE" : 2.0, 
"HUM_MODEL_MODE" : 0.0, 
"PETROMODEL_ALTERNATIVE" : 1.0, 
"FACIESMODEL_ALTERNATIVE" : 1.0, 
"FACIES_VALYSAR_SEISCOND" : 1.0, 
"FACIES_THERYS_ALT2" : 1.0
}, 
"GLOBVAR" : {
"KVKH_CHANNEL" : 0.62566043053885, 
"KVKH_CREVASSE" : 0.1343565259315973, 
"KVKH_US" : 0.6785891419788803, 
"KVKH_LS" : 0.8974637496861585, 
"FWL_CENTRAL" : 1677.7614553721314, 
"FWL_NORTH_HORST" : 1659.7658777812755, 
"GOC_NORTH_HORST" : 1640.9039076058518, 
"FAULT_SEAL_SCALING" : 4.791845737449132, 
"RELPERM_INT_WO" : -0.9950975779130193, 
"RELPERM_INT_GO" : -0.01204681184327172, 
"PERMREF_CHANNEL" : 1050.0, 
"PERMREF_CREAVASSE" : 100.0, 
"PERMREF_USHOREFACE" : 1200.0, 
"PERMREF_LSHOREFACE" : 40.0, 
"PERMREF_OFFSHORE" : 2.0, 
"PERMREF_FLOODPLAIN" : 1.0, 
"POROREF_CHANNEL" : 0.24, 
"POROREF_CREAVASSE" : 0.22, 
"POROREF_USHOREFACE" : 0.31, 
"POROREF_LSHOREFACE" : 0.23, 
"POROREF_OFFSHORE" : 0.1, 
"POROREF_FLOODPLAIN" : 0.13, 
"SWLHEIGHT" : 350.0, 
"SIMGRID_MINPV" : 100.0, 
"ISOTREND_ALT1W_VALYSAR" : 0.8970279358701184, 
"ISOTREND_ALT1W_THERYS" : 0.9753985686869571, 
"ISOTREND_ALT1W_VOLON" : 0.5029119229079766, 
"VALYSAR_APS_PROB_CHANNEL" : 0.2494774924992707, 
"THERYS_APS_PROB_LOWSHOREFACE" : 0.23865706251984964, 
"THERYS_APS_PROB_UPSHOREFACE" : 0.16969307552366583, 
"VOLON_APS_PROB_CHANNEL" : 0.5773608434046813, 
"VALYSAR_CHANNEL_AZIMUTH" : 70.0, 
"VALYSAR_CHANNEL_WIDTH" : 700.0, 
"VALYSAR_CHANNEL_VOLFRAC" : 0.6, 
"VOLON_FLOODPLAIN_AZIMUTH" : 0.0, 
"VOLON_FLOODPLAIN_VARIOGRAM_RANGE_PARALLEL" : 800.0, 
"VOLON_FLOODPLAIN_VARIOGRAM_RANGE_NORMAL" : 200.0, 
"VOLON_FLOODPLAIN_VOLFRAC" : 0.3, 
"VALYSAR_PORO_CHANNEL" : 0.27, 
"VALYSAR_PORO_CREVASSE" : 0.22, 
"THERYS_PORO_US" : 0.31, 
"THERYS_PORO_LS" : 0.23, 
"VOLON_PORO_CHANNEL" : 0.2, 
"VALYSAR_PERMH_CHANNEL" : 1000.0, 
"VALYSAR_PERMH_CREVASSE" : 100.0, 
"THERYS_PERMH_US" : 1200.0, 
"THERYS_PERMH_LS" : 40.0, 
"VOLON_PERMH_CHANNEL" : 1100.0
}, 
"LOG10_GLOBVAR" : {
"FAULT_SEAL_SCALING" : 0.6805028284853918
}, 
"MULTREGT" : {
"MULT_R1_VALYSAR_THERYS" : 0.011092288618186338, 
"MULT_R1_VALYSAR_VOLON" : 0.2828317553060284, 
"MULT_R1_THERYS_VOLON" : 5.804806136310113e-06, 
"MULT_R2_VALYSAR_THERYS" : 7.743909918176081e-06, 
"MULT_R2_VALYSAR_VOLON" : 0.08855113159728378, 
"MULT_R2_THERYS_VOLON" : 0.35127246156932423, 
"MULT_R3_VALYSAR_THERYS" : 0.00020412718989534586, 
"MULT_R3_VALYSAR_VOLON" : 1.4911589316139475e-06, 
"MULT_R3_THERYS_VOLON" : 1.9711946033900646e-05, 
"MULT_R4_VALYSAR_THERYS" : 0.0001539075108748026, 
"MULT_R4_VALYSAR_VOLON" : 0.00877936082238433, 
"MULT_R4_THERYS_VOLON" : 2.1234235098825638e-05, 
"MULT_R5_VALYSAR_THERYS" : 0.0009680371151650863, 
"MULT_R5_VALYSAR_VOLON" : 3.84829611947478e-06, 
"MULT_R5_THERYS_VOLON" : 8.08890475904614e-05, 
"MULT_R6_VALYSAR_THERYS" : 0.11749354573381351, 
"MULT_R6_VALYSAR_VOLON" : 0.02282849416509637, 
"MULT_R6_THERYS_VOLON" : 0.0327105968408475, 
"MULT_R7_VALYSAR_THERYS" : 0.924935266148553, 
"MULT_R7_VALYSAR_VOLON" : 0.0446042769788587, 
"MULT_R7_THERYS_VOLON" : 0.23294268177610802, 
"MULT_R5_THERYS_R2_ALL" : 5.7371779420940566e-05, 
"MULT_R5_THERYS_R6_ALL" : 0.002263229684003073
}, 
"LOG10_MULTREGT" : {
"MULT_R1_VALYSAR_THERYS" : -1.9549788387286002, 
"MULT_R1_VALYSAR_VOLON" : -0.5484718311554057, 
"MULT_R1_THERYS_VOLON" : -5.23621227985937, 
"MULT_R2_VALYSAR_THERYS" : -5.1110397076452445, 
"MULT_R2_VALYSAR_VOLON" : -1.0528058845776223, 
"MULT_R2_THERYS_VOLON" : -0.45435589591612, 
"MULT_R3_VALYSAR_THERYS" : -3.690099143078971, 
"MULT_R3_VALYSAR_VOLON" : -5.8264760658397785, 
"MULT_R3_THERYS_VOLON" : -4.70527049849757, 
"MULT_R4_VALYSAR_THERYS" : -3.8127401855493748, 
"MULT_R4_VALYSAR_VOLON" : -2.0565371015672635, 
"MULT_R4_THERYS_VOLON" : -4.672963378579225, 
"MULT_R5_VALYSAR_THERYS" : -3.014107991242863, 
"MULT_R5_VALYSAR_VOLON" : -5.414731517168042, 
"MULT_R5_THERYS_VOLON" : -4.092110278054383, 
"MULT_R6_VALYSAR_THERYS" : -0.9299859898107816, 
"MULT_R6_VALYSAR_VOLON" : -1.6415227349117758, 
"MULT_R6_THERYS_VOLON" : -1.4853115316218268, 
"MULT_R7_VALYSAR_THERYS" : -0.03388866135637351, 
"MULT_R7_VALYSAR_VOLON" : -1.350623496012948, 
"MULT_R7_THERYS_VOLON" : -0.6327509289769876, 
"MULT_R5_THERYS_R2_ALL" : -4.241301679998838, 
"MULT_R5_THERYS_R6_ALL" : -2.6452713694065824
}, 
"RATE" : {
"WWIR_MULT_20180101_A5" : 1.0, 
"WWIR_MULT_20190101_A5" : 1.0, 
"WOPR_MULT_20180101_A1" : 1.0, 
"WWPR_MULT_20180101_A1" : 1.0, 
"WGPR_MULT_20180101_A1" : 1.0
}
}