{
"SWITCHES" : {
"DCONV_ALTERNATIVE" : 2.0, 
"HUM_MODEL_MODE" : 0.0, 
"PETROMODEL_ALTERNATIVE" : 1.0, 
"FACIESMODEL_ALTERNATIVE" : 1.0, 
"FACIES_VALYSAR_SEISCOND" : 1.0, 
"FACIES_THERYS_ALT2" : 1.0
}, 
"GLOBVAR" : {
"KVKH_CHANNEL" : 0.6219483414017885, 
"KVKH_CREVASSE" : 0.21463053071556637, 
"KVKH_US" : 0.628813396016089, 
"KVKH_LS" : 0.8225892259654761, 
"FWL_CENTRAL" : 1680.6386199320598, 
"FWL_NORTH_HORST" : 1659.9041397611907, 
"GOC_NORTH_HORST" : 1636.8061300599725, 
"FAULT_SEAL_SCALING" : 3.1453192230994764, 
"RELPERM_INT_WO" : 0.8454392871685179, 
"RELPERM_INT_GO" : 0.20958565137792395, 
"PERMREF_CHANNEL" : 1050.0, 
"PERMREF_CREAVASSE" : 100.0, 
"PERMREF_USHOREFACE" : 1200.0, 
"PERMREF_LSHOREFACE" : 40.0, 
"PERMREF_OFFSHORE" : 2.0, 
"PERMREF_FLOODPLAIN" : 1.0, 
"POROREF_CHANNEL" : 0.24, 
"POROREF_CREAVASSE" : 0.22, 
"POROREF_USHOREFACE" : 0.31, 
"POROREF_LSHOREFACE" : 0.23, 
"POROREF_OFFSHORE" : 0.1, 
"POROREF_FLOODPLAIN" : 0.13, 
"SWLHEIGHT" : 350.0, 
"SIMGRID_MINPV" : 100.0, 
"ISOTREND_ALT1W_VALYSAR" : 0.944759481359285, 
"ISOTREND_ALT1W_THERYS" : 0.9964350390729163, 
"ISOTREND_ALT1W_VOLON" : 0.5562004202869641, 
"VALYSAR_APS_PROB_CHANNEL" : 0.2787499085489077, 
"THERYS_APS_PROB_LOWSHOREFACE" : 0.2343582511930458, 
"THERYS_APS_PROB_UPSHOREFACE" : 0.14683468178173847, 
"VOLON_APS_PROB_CHANNEL" : 0.5967402857150474, 
"VALYSAR_CHANNEL_AZIMUTH" : 70.0, 
"VALYSAR_CHANNEL_WIDTH" : 700.0, 
"VALYSAR_CHANNEL_VOLFRAC" : 0.6, 
"VOLON_FLOODPLAIN_AZIMUTH" : 0.0, 
"VOLON_FLOODPLAIN_VARIOGRAM_RANGE_PARALLEL" : 800.0, 
"VOLON_FLOODPLAIN_VARIOGRAM_RANGE_NORMAL" : 200.0, 
"VOLON_FLOODPLAIN_VOLFRAC" : 0.3, 
"VALYSAR_PORO_CHANNEL" : 0.27, 
"VALYSAR_PORO_CREVASSE" : 0.22, 
"THERYS_PORO_US" : 0.31, 
"THERYS_PORO_LS" : 0.23, 
"VOLON_PORO_CHANNEL" : 0.2, 
"VALYSAR_PERMH_CHANNEL" : 1000.0, 
"VALYSAR_PERMH_CREVASSE" : 100.0, 
"THERYS_PERMH_US" : 1200.0, 
"THERYS_PERMH_LS" : 40.0, 
"VOLON_PERMH_CHANNEL" : 1100.0
}, 
"LOG10_GLOBVAR" : {
"FAULT_SEAL_SCALING" : 0.49766472920740285
}, 
"MULTREGT" : {
"MULT_R1_VALYSAR_THERYS" : 5.969903118450314e-06, 
"MULT_R1_VALYSAR_VOLON" : 0.007694049022417048, 
"MULT_R1_THERYS_VOLON" : 0.9176111056203942, 
"MULT_R2_VALYSAR_THERYS" : 1.864319802968143e-06, 
"MULT_R2_VALYSAR_VOLON" : 0.11895005401973677, 
"MULT_R2_THERYS_VOLON" : 3.234791673405923e-05, 
"MULT_R3_VALYSAR_THERYS" : 0.01585988502301513, 
"MULT_R3_VALYSAR_VOLON" : 0.0014714221230319215, 
"MULT_R3_THERYS_VOLON" : 0.23602861633018396, 
"MULT_R4_VALYSAR_THERYS" : 0.011930324763845609, 
"MULT_R4_VALYSAR_VOLON" : 1.8354802546477236e-05, 
"MULT_R4_THERYS_VOLON" : 9.259632980136934e-05, 
"MULT_R5_VALYSAR_THERYS" : 0.0008993794326290555, 
"MULT_R5_VALYSAR_VOLON" : 4.38614640217812e-06, 
"MULT_R5_THERYS_VOLON" : 0.0004811240741149852, 
"MULT_R6_VALYSAR_THERYS" : 0.0005983898621016036, 
"MULT_R6_VALYSAR_VOLON" : 0.0047155776938304274, 
"MULT_R6_THERYS_VOLON" : 0.014405974765007688, 
"MULT_R7_VALYSAR_THERYS" : 0.024606923722753554, 
"MULT_R7_VALYSAR_VOLON" : 0.15612734604763565, 
"MULT_R7_THERYS_VOLON" : 0.00506908460671773, 
"MULT_R5_THERYS_R2_ALL" : 1.4620019496335426e-05, 
"MULT_R5_THERYS_R6_ALL" : 0.008413288292049348
}, 
"LOG10_MULTREGT" : {
"MULT_R1_VALYSAR_THERYS" : -5.2240327166870175, 
"MULT_R1_VALYSAR_VOLON" : -2.1138450509253053, 
"MULT_R1_THERYS_VOLON" : -0.03734133891621689, 
"MULT_R2_VALYSAR_THERYS" : -5.7294795872871385, 
"MULT_R2_VALYSAR_VOLON" : -0.9246353563970531, 
"MULT_R2_THERYS_VOLON" : -4.490153683466242, 
"MULT_R3_VALYSAR_THERYS" : -1.7996999654453425, 
"MULT_R3_VALYSAR_VOLON" : -2.832262718567777, 
"MULT_R3_THERYS_VOLON" : -0.6270353395685595, 
"MULT_R4_VALYSAR_THERYS" : -1.9233477339301328, 
"MULT_R4_VALYSAR_VOLON" : -4.736250283098791, 
"MULT_R4_THERYS_VOLON" : -4.033406226909876, 
"MULT_R5_VALYSAR_THERYS" : -3.046057048275572, 
"MULT_R5_VALYSAR_VOLON" : -5.357916876398359, 
"MULT_R5_THERYS_VOLON" : -3.317742911661737, 
"MULT_R6_VALYSAR_THERYS" : -3.2230157728819435, 
"MULT_R6_VALYSAR_VOLON" : -2.326465095318117, 
"MULT_R6_THERYS_VOLON" : -1.8414573503137028, 
"MULT_R7_VALYSAR_THERYS" : -1.6089426769815238, 
"MULT_R7_VALYSAR_VOLON" : -0.8065210226425488, 
"MULT_R7_THERYS_VOLON" : -2.2950704600245766, 
"MULT_R5_THERYS_R2_ALL" : -4.8350520482300565, 
"MULT_R5_THERYS_R6_ALL" : -2.0750342291753134
}, 
"RATE" : {
"WWIR_MULT_20180101_A5" : 1.0, 
"WWIR_MULT_20190101_A5" : 1.0, 
"WOPR_MULT_20180101_A1" : 1.0, 
"WWPR_MULT_20180101_A1" : 1.0, 
"WGPR_MULT_20180101_A1" : 1.0
}
}