{
"SWITCHES" : {
"DCONV_ALTERNATIVE" : 2.0, 
"HUM_MODEL_MODE" : 0.0, 
"PETROMODEL_ALTERNATIVE" : 1.0, 
"FACIESMODEL_ALTERNATIVE" : 1.0, 
"FACIES_VALYSAR_SEISCOND" : 1.0, 
"FACIES_THERYS_ALT2" : 1.0
}, 
"GLOBVAR" : {
"KVKH_CHANNEL" : 0.4085026091936373, 
"KVKH_CREVASSE" : 0.1501501201402261, 
"KVKH_US" : 0.42077214894369147, 
"KVKH_LS" : 0.6920988756615905, 
"FWL_CENTRAL" : 1680.6341793173435, 
"FWL_NORTH_HORST" : 1655.5799286051656, 
"GOC_NORTH_HORST" : 1638.8688400921694, 
"FAULT_SEAL_SCALING" : 5.936599333294153, 
"RELPERM_INT_WO" : 0.04302165104865652, 
"RELPERM_INT_GO" : -0.31862309406810563, 
"PERMREF_CHANNEL" : 1050.0, 
"PERMREF_CREAVASSE" : 100.0, 
"PERMREF_USHOREFACE" : 1200.0, 
"PERMREF_LSHOREFACE" : 40.0, 
"PERMREF_OFFSHORE" : 2.0, 
"PERMREF_FLOODPLAIN" : 1.0, 
"POROREF_CHANNEL" : 0.24, 
"POROREF_CREAVASSE" : 0.22, 
"POROREF_USHOREFACE" : 0.31, 
"POROREF_LSHOREFACE" : 0.23, 
"POROREF_OFFSHORE" : 0.1, 
"POROREF_FLOODPLAIN" : 0.13, 
"SWLHEIGHT" : 350.0, 
"SIMGRID_MINPV" : 100.0, 
"ISOTREND_ALT1W_VALYSAR" : 0.842183410989905, 
"ISOTREND_ALT1W_THERYS" : 0.9879410229954142, 
"ISOTREND_ALT1W_VOLON" : 0.5923520342892279, 
"VALYSAR_APS_PROB_CHANNEL" : 0.28407043865410314, 
"THERYS_APS_PROB_LOWSHOREFACE" : 0.20151315218135854, 
"THERYS_APS_PROB_UPSHOREFACE" : 0.2584802941114004, 
"VOLON_APS_PROB_CHANNEL" : 0.6253643980371426, 
"VALYSAR_CHANNEL_AZIMUTH" : 70.0, 
"VALYSAR_CHANNEL_WIDTH" : 700.0, 
"VALYSAR_CHANNEL_VOLFRAC" : 0.6, 
"VOLON_FLOODPLAIN_AZIMUTH" : 0.0, 
"VOLON_FLOODPLAIN_VARIOGRAM_RANGE_PARALLEL" : 800.0, 
"VOLON_FLOODPLAIN_VARIOGRAM_RANGE_NORMAL" : 200.0, 
"VOLON_FLOODPLAIN_VOLFRAC" : 0.3, 
"VALYSAR_PORO_CHANNEL" : 0.27, 
"VALYSAR_PORO_CREVASSE" : 0.22, 
"THERYS_PORO_US" : 0.31, 
"THERYS_PORO_LS" : 0.23, 
"VOLON_PORO_CHANNEL" : 0.2, 
"VALYSAR_PERMH_CHANNEL" : 1000.0, 
"VALYSAR_PERMH_CREVASSE" : 100.0, 
"THERYS_PERMH_US" : 1200.0, 
"THERYS_PERMH_LS" : 40.0, 
"VOLON_PERMH_CHANNEL" : 1100.0
}, 
"LOG10_GLOBVAR" : {
"FAULT_SEAL_SCALING" : 0.7735377389696396
}, 
"MULTREGT" : {
"MULT_R1_VALYSAR_THERYS" : 2.1911356266339395e-05, 
"MULT_R1_VALYSAR_VOLON" : 0.0003734371098462945, 
"MULT_R1_THERYS_VOLON" : 0.014994814497457664, 
"MULT_R2_VALYSAR_THERYS" : 0.2823351527302169, 
"MULT_R2_VALYSAR_VOLON" : 0.0001903856682454032, 
"MULT_R2_THERYS_VOLON" : 0.004138847457940249, 
"MULT_R3_VALYSAR_THERYS" : 2.9280821553893045e-05, 
"MULT_R3_VALYSAR_VOLON" : 0.011865956215916428, 
"MULT_R3_THERYS_VOLON" : 0.6661792155625268, 
"MULT_R4_VALYSAR_THERYS" : 0.0007949575598088902, 
"MULT_R4_VALYSAR_VOLON" : 1.4609413074301113e-06, 
"MULT_R4_THERYS_VOLON" : 0.002938734613559034, 
"MULT_R5_VALYSAR_THERYS" : 3.5228156749894406e-06, 
"MULT_R5_VALYSAR_VOLON" : 0.028069329571361216, 
"MULT_R5_THERYS_VOLON" : 7.322558843088837e-05, 
"MULT_R6_VALYSAR_THERYS" : 0.41682737374215756, 
"MULT_R6_VALYSAR_VOLON" : 0.01781547641932157, 
"MULT_R6_THERYS_VOLON" : 0.0023320620785962113, 
"MULT_R7_VALYSAR_THERYS" : 0.8123837823224964, 
"MULT_R7_VALYSAR_VOLON" : 0.026076397120031285, 
"MULT_R7_THERYS_VOLON" : 0.46202731417807186, 
"MULT_R5_THERYS_R2_ALL" : 0.0017305219290860117, 
"MULT_R5_THERYS_R6_ALL" : 2.01915097940797e-05
}, 
"LOG10_MULTREGT" : {
"MULT_R1_VALYSAR_THERYS" : -4.659330739702767, 
"MULT_R1_VALYSAR_VOLON" : -3.427782526770818, 
"MULT_R1_THERYS_VOLON" : -1.8240589025772673, 
"MULT_R2_VALYSAR_THERYS" : -0.549235045741443, 
"MULT_R2_VALYSAR_VOLON" : -3.7203657473181546, 
"MULT_R2_THERYS_VOLON" : -2.3831205797349297, 
"MULT_R3_VALYSAR_THERYS" : -4.5334167421178515, 
"MULT_R3_VALYSAR_VOLON" : -1.9256972584948544, 
"MULT_R3_THERYS_VOLON" : -0.17640892119049592, 
"MULT_R4_VALYSAR_THERYS" : -3.099656056290449, 
"MULT_R4_VALYSAR_VOLON" : -5.835367231273947, 
"MULT_R4_THERYS_VOLON" : -2.531839631712653, 
"MULT_R5_VALYSAR_THERYS" : -5.453110079903968, 
"MULT_R5_VALYSAR_VOLON" : -1.551767960252468, 
"MULT_R5_THERYS_VOLON" : -4.135337129700839, 
"MULT_R6_VALYSAR_THERYS" : -0.38004376793598266, 
"MULT_R6_VALYSAR_VOLON" : -1.7492025593070224, 
"MULT_R6_THERYS_VOLON" : -2.6322598930069607, 
"MULT_R7_VALYSAR_THERYS" : -0.09023875503354187, 
"MULT_R7_VALYSAR_VOLON" : -1.5837524136678616, 
"MULT_R7_THERYS_VOLON" : -0.3353323490192722, 
"MULT_R5_THERYS_R2_ALL" : -2.761822892977362, 
"MULT_R5_THERYS_R6_ALL" : -4.694831206032951
}, 
"RATE" : {
"WWIR_MULT_20180101_A5" : 1.0, 
"WWIR_MULT_20190101_A5" : 1.0, 
"WOPR_MULT_20180101_A1" : 1.0, 
"WWPR_MULT_20180101_A1" : 1.0, 
"WGPR_MULT_20180101_A1" : 1.0
}
}