{
"SWITCHES" : {
"DCONV_ALTERNATIVE" : 2.0, 
"HUM_MODEL_MODE" : 0.0, 
"PETROMODEL_ALTERNATIVE" : 1.0, 
"FACIESMODEL_ALTERNATIVE" : 1.0, 
"FACIES_VALYSAR_SEISCOND" : 1.0, 
"FACIES_THERYS_ALT2" : 1.0
}, 
"GLOBVAR" : {
"KVKH_CHANNEL" : 0.44250808253641466, 
"KVKH_CREVASSE" : 0.20553821064944958, 
"KVKH_US" : 0.5457712229407888, 
"KVKH_LS" : 0.5690604405255588, 
"FWL_CENTRAL" : 1675.0319906387776, 
"FWL_NORTH_HORST" : 1661.9148369921502, 
"GOC_NORTH_HORST" : 1640.1809576404357, 
"FAULT_SEAL_SCALING" : 5.437406615439372, 
"RELPERM_INT_WO" : -0.43261532049467055, 
"RELPERM_INT_GO" : -0.37322369751891027, 
"PERMREF_CHANNEL" : 1050.0, 
"PERMREF_CREAVASSE" : 100.0, 
"PERMREF_USHOREFACE" : 1200.0, 
"PERMREF_LSHOREFACE" : 40.0, 
"PERMREF_OFFSHORE" : 2.0, 
"PERMREF_FLOODPLAIN" : 1.0, 
"POROREF_CHANNEL" : 0.24, 
"POROREF_CREAVASSE" : 0.22, 
"POROREF_USHOREFACE" : 0.31, 
"POROREF_LSHOREFACE" : 0.23, 
"POROREF_OFFSHORE" : 0.1, 
"POROREF_FLOODPLAIN" : 0.13, 
"SWLHEIGHT" : 350.0, 
"SIMGRID_MINPV" : 100.0, 
"ISOTREND_ALT1W_VALYSAR" : 0.8399143354483889, 
"ISOTREND_ALT1W_THERYS" : 0.9898032552773324, 
"ISOTREND_ALT1W_VOLON" : 0.51012332027754, 
"VALYSAR_APS_PROB_CHANNEL" : 0.3894413719363946, 
"THERYS_APS_PROB_LOWSHOREFACE" : 0.347176763254601, 
"THERYS_APS_PROB_UPSHOREFACE" : 0.1795387012804383, 
"VOLON_APS_PROB_CHANNEL" : 0.60185822379273, 
"VALYSAR_CHANNEL_AZIMUTH" : 70.0, 
"VALYSAR_CHANNEL_WIDTH" : 700.0, 
"VALYSAR_CHANNEL_VOLFRAC" : 0.6, 
"VOLON_FLOODPLAIN_AZIMUTH" : 0.0, 
"VOLON_FLOODPLAIN_VARIOGRAM_RANGE_PARALLEL" : 800.0, 
"VOLON_FLOODPLAIN_VARIOGRAM_RANGE_NORMAL" : 200.0, 
"VOLON_FLOODPLAIN_VOLFRAC" : 0.3, 
"VALYSAR_PORO_CHANNEL" : 0.27, 
"VALYSAR_PORO_CREVASSE" : 0.22, 
"THERYS_PORO_US" : 0.31, 
"THERYS_PORO_LS" : 0.23, 
"VOLON_PORO_CHANNEL" : 0.2, 
"VALYSAR_PERMH_CHANNEL" : 1000.0, 
"VALYSAR_PERMH_CREVASSE" : 100.0, 
"THERYS_PERMH_US" : 1200.0, 
"THERYS_PERMH_LS" : 40.0, 
"VOLON_PERMH_CHANNEL" : 1100.0
}, 
"LOG10_GLOBVAR" : {
"FAULT_SEAL_SCALING" : 0.7353918112504838
}, 
"MULTREGT" : {
"MULT_R1_VALYSAR_THERYS" : 0.00021421142927395705, 
"MULT_R1_VALYSAR_VOLON" : 0.001397524330616684, 
"MULT_R1_THERYS_VOLON" : 0.0037677592422969137, 
"MULT_R2_VALYSAR_THERYS" : 0.2213875335501203, 
"MULT_R2_VALYSAR_VOLON" : 0.005440074130070434, 
"MULT_R2_THERYS_VOLON" : 0.007629549968065111, 
"MULT_R3_VALYSAR_THERYS" : 0.36150404278340686, 
"MULT_R3_VALYSAR_VOLON" : 0.02594956199055505, 
"MULT_R3_THERYS_VOLON" : 1.8727848116507176e-06, 
"MULT_R4_VALYSAR_THERYS" : 0.0028088861912357855, 
"MULT_R4_VALYSAR_VOLON" : 0.24279249200329114, 
"MULT_R4_THERYS_VOLON" : 4.8139847153267545e-06, 
"MULT_R5_VALYSAR_THERYS" : 0.0013438066571752024, 
"MULT_R5_VALYSAR_VOLON" : 2.4744686744630044e-05, 
"MULT_R5_THERYS_VOLON" : 0.00010348408366312592, 
"MULT_R6_VALYSAR_THERYS" : 0.028630102698220247, 
"MULT_R6_VALYSAR_VOLON" : 0.00011276710452348523, 
"MULT_R6_THERYS_VOLON" : 0.012271412036910989, 
"MULT_R7_VALYSAR_THERYS" : 0.04028744880328533, 
"MULT_R7_VALYSAR_VOLON" : 0.00033683768659070854, 
"MULT_R7_THERYS_VOLON" : 0.753664347974658, 
"MULT_R5_THERYS_R2_ALL" : 0.00014789162932221815, 
"MULT_R5_THERYS_R6_ALL" : 1.5400254166963947e-06
}, 
"LOG10_MULTREGT" : {
"MULT_R1_VALYSAR_THERYS" : -3.6691573610569606, 
"MULT_R1_VALYSAR_VOLON" : -2.8546406223963974, 
"MULT_R1_THERYS_VOLON" : -2.4239168561664504, 
"MULT_R2_VALYSAR_THERYS" : -0.6548468381222667, 
"MULT_R2_VALYSAR_VOLON" : -2.2643951822758672, 
"MULT_R2_THERYS_VOLON" : -2.1175010783164336, 
"MULT_R3_VALYSAR_THERYS" : -0.44188684152655255, 
"MULT_R3_VALYSAR_VOLON" : -1.585869968323823, 
"MULT_R3_THERYS_VOLON" : -5.727512121440346, 
"MULT_R4_VALYSAR_THERYS" : -2.5514658569250126, 
"MULT_R4_VALYSAR_VOLON" : -0.6147647473000589, 
"MULT_R4_THERYS_VOLON" : -5.317495292968298, 
"MULT_R5_VALYSAR_THERYS" : -2.8716632117599805, 
"MULT_R5_VALYSAR_VOLON" : -4.60651803976916, 
"MULT_R5_THERYS_VOLON" : -3.9851264415966985, 
"MULT_R6_VALYSAR_THERYS" : -1.543177094130327, 
"MULT_R6_VALYSAR_VOLON" : -3.9478175706316727, 
"MULT_R6_THERYS_VOLON" : -1.9111054613516067, 
"MULT_R7_VALYSAR_THERYS" : -1.3948302333744846, 
"MULT_R7_VALYSAR_VOLON" : -3.4725793240525866, 
"MULT_R7_THERYS_VOLON" : -0.12282202850436948, 
"MULT_R5_THERYS_R2_ALL" : -3.8300564064091165, 
"MULT_R5_THERYS_R6_ALL" : -5.812472111475287
}, 
"RATE" : {
"WWIR_MULT_20180101_A5" : 1.0, 
"WWIR_MULT_20190101_A5" : 1.0, 
"WOPR_MULT_20180101_A1" : 1.0, 
"WWPR_MULT_20180101_A1" : 1.0, 
"WGPR_MULT_20180101_A1" : 1.0
}
}