{
"SWITCHES" : {
"DCONV_ALTERNATIVE" : 2.0, 
"HUM_MODEL_MODE" : 0.0, 
"PETROMODEL_ALTERNATIVE" : 1.0, 
"FACIESMODEL_ALTERNATIVE" : 1.0, 
"FACIES_VALYSAR_SEISCOND" : 1.0, 
"FACIES_THERYS_ALT2" : 1.0
}, 
"GLOBVAR" : {
"KVKH_CHANNEL" : 0.6928626826162994, 
"KVKH_CREVASSE" : 0.4799324183790167, 
"KVKH_US" : 0.7209911322514685, 
"KVKH_LS" : 0.6426769857941886, 
"FWL_CENTRAL" : 1673.790569965683, 
"FWL_NORTH_HORST" : 1657.0646286974286, 
"GOC_NORTH_HORST" : 1643.1303243071018, 
"FAULT_SEAL_SCALING" : 0.7220707823730907, 
"RELPERM_INT_WO" : 0.6963333096080571, 
"RELPERM_INT_GO" : 0.02729965383596822, 
"PERMREF_CHANNEL" : 1050.0, 
"PERMREF_CREAVASSE" : 100.0, 
"PERMREF_USHOREFACE" : 1200.0, 
"PERMREF_LSHOREFACE" : 40.0, 
"PERMREF_OFFSHORE" : 2.0, 
"PERMREF_FLOODPLAIN" : 1.0, 
"POROREF_CHANNEL" : 0.24, 
"POROREF_CREAVASSE" : 0.22, 
"POROREF_USHOREFACE" : 0.31, 
"POROREF_LSHOREFACE" : 0.23, 
"POROREF_OFFSHORE" : 0.1, 
"POROREF_FLOODPLAIN" : 0.13, 
"SWLHEIGHT" : 350.0, 
"SIMGRID_MINPV" : 100.0, 
"ISOTREND_ALT1W_VALYSAR" : 0.9715821803438877, 
"ISOTREND_ALT1W_THERYS" : 0.812306491313907, 
"ISOTREND_ALT1W_VOLON" : 0.4220397504462069, 
"VALYSAR_APS_PROB_CHANNEL" : 0.30835931427136837, 
"THERYS_APS_PROB_LOWSHOREFACE" : 0.23403735214498933, 
"THERYS_APS_PROB_UPSHOREFACE" : 0.10411584864722515, 
"VOLON_APS_PROB_CHANNEL" : 0.6141907632763473, 
"VALYSAR_CHANNEL_AZIMUTH" : 70.0, 
"VALYSAR_CHANNEL_WIDTH" : 700.0, 
"VALYSAR_CHANNEL_VOLFRAC" : 0.6, 
"VOLON_FLOODPLAIN_AZIMUTH" : 0.0, 
"VOLON_FLOODPLAIN_VARIOGRAM_RANGE_PARALLEL" : 800.0, 
"VOLON_FLOODPLAIN_VARIOGRAM_RANGE_NORMAL" : 200.0, 
"VOLON_FLOODPLAIN_VOLFRAC" : 0.3, 
"VALYSAR_PORO_CHANNEL" : 0.27, 
"VALYSAR_PORO_CREVASSE" : 0.22, 
"THERYS_PORO_US" : 0.31, 
"THERYS_PORO_LS" : 0.23, 
"VOLON_PORO_CHANNEL" : 0.2, 
"VALYSAR_PERMH_CHANNEL" : 1000.0, 
"VALYSAR_PERMH_CREVASSE" : 100.0, 
"THERYS_PERMH_US" : 1200.0, 
"THERYS_PERMH_LS" : 40.0, 
"VOLON_PERMH_CHANNEL" : 1100.0
}, 
"LOG10_GLOBVAR" : {
"FAULT_SEAL_SCALING" : -0.14142022779420152
}, 
"MULTREGT" : {
"MULT_R1_VALYSAR_THERYS" : 0.6628071791477449, 
"MULT_R1_VALYSAR_VOLON" : 0.0005649090420656689, 
"MULT_R1_THERYS_VOLON" : 0.0618252082911351, 
"MULT_R2_VALYSAR_THERYS" : 0.04076328898194971, 
"MULT_R2_VALYSAR_VOLON" : 0.05415369932925309, 
"MULT_R2_THERYS_VOLON" : 2.9159305780580682e-05, 
"MULT_R3_VALYSAR_THERYS" : 1.3915086470204332e-05, 
"MULT_R3_VALYSAR_VOLON" : 0.00010808284014965032, 
"MULT_R3_THERYS_VOLON" : 2.0077910239871104e-06, 
"MULT_R4_VALYSAR_THERYS" : 0.005758658874701573, 
"MULT_R4_VALYSAR_VOLON" : 0.10098286702187868, 
"MULT_R4_THERYS_VOLON" : 3.208776555620305e-05, 
"MULT_R5_VALYSAR_THERYS" : 8.33152645362303e-06, 
"MULT_R5_VALYSAR_VOLON" : 0.009359010383016753, 
"MULT_R5_THERYS_VOLON" : 0.0008857591439072266, 
"MULT_R6_VALYSAR_THERYS" : 0.3164589665812932, 
"MULT_R6_VALYSAR_VOLON" : 1.4228093235933132e-05, 
"MULT_R6_THERYS_VOLON" : 0.8724271109012496, 
"MULT_R7_VALYSAR_THERYS" : 0.0012787248459430918, 
"MULT_R7_VALYSAR_VOLON" : 0.6284417988547416, 
"MULT_R7_THERYS_VOLON" : 1.3958929349525282e-06, 
"MULT_R5_THERYS_R2_ALL" : 0.00012595765560103453, 
"MULT_R5_THERYS_R6_ALL" : 1.7003287046247618e-06
}, 
"LOG10_MULTREGT" : {
"MULT_R1_VALYSAR_THERYS" : -0.1786127961981371, 
"MULT_R1_VALYSAR_VOLON" : -3.248021473789434, 
"MULT_R1_THERYS_VOLON" : -1.208834411811983, 
"MULT_R2_VALYSAR_THERYS" : -1.389730782244471, 
"MULT_R2_VALYSAR_VOLON" : -1.2663718706470557, 
"MULT_R2_THERYS_VOLON" : -4.535222819834583, 
"MULT_R3_VALYSAR_THERYS" : -4.856514090557684, 
"MULT_R3_VALYSAR_VOLON" : -3.9662432516515085, 
"MULT_R3_THERYS_VOLON" : -5.697281491652616, 
"MULT_R4_VALYSAR_THERYS" : -2.2396786469819183, 
"MULT_R4_VALYSAR_VOLON" : -0.9957523033364537, 
"MULT_R4_THERYS_VOLON" : -4.493660524113523, 
"MULT_R5_VALYSAR_THERYS" : -5.079275422404432, 
"MULT_R5_VALYSAR_VOLON" : -2.0287700709111314, 
"MULT_R5_THERYS_VOLON" : -3.052684355644004, 
"MULT_R6_VALYSAR_THERYS" : -0.49968259447005325, 
"MULT_R6_VALYSAR_VOLON" : -4.846853297568447, 
"MULT_R6_THERYS_VOLON" : -0.059270847068728934, 
"MULT_R7_VALYSAR_THERYS" : -2.8932228962909727, 
"MULT_R7_VALYSAR_VOLON" : -0.20173493692255573, 
"MULT_R7_THERYS_VOLON" : -5.855147890840699, 
"MULT_R5_THERYS_R2_ALL" : -3.8997754313080346, 
"MULT_R5_THERYS_R6_ALL" : -5.769467113442147
}, 
"RATE" : {
"WWIR_MULT_20180101_A5" : 1.0, 
"WWIR_MULT_20190101_A5" : 1.0, 
"WOPR_MULT_20180101_A1" : 1.0, 
"WWPR_MULT_20180101_A1" : 1.0, 
"WGPR_MULT_20180101_A1" : 1.0
}
}