{
"SWITCHES" : {
"DCONV_ALTERNATIVE" : 2.0, 
"HUM_MODEL_MODE" : 0.0, 
"PETROMODEL_ALTERNATIVE" : 1.0, 
"FACIESMODEL_ALTERNATIVE" : 1.0, 
"FACIES_VALYSAR_SEISCOND" : 1.0, 
"FACIES_THERYS_ALT2" : 1.0
}, 
"GLOBVAR" : {
"KVKH_CHANNEL" : 0.6012358025311266, 
"KVKH_CREVASSE" : 0.21267872220853967, 
"KVKH_US" : 0.5879736808745808, 
"KVKH_LS" : 0.7986847150742717, 
"FWL_CENTRAL" : 1674.8074690548376, 
"FWL_NORTH_HORST" : 1659.5172929557498, 
"GOC_NORTH_HORST" : 1635.2804304382657, 
"FAULT_SEAL_SCALING" : 1.7926348640450498, 
"RELPERM_INT_WO" : 0.31949177539210893, 
"RELPERM_INT_GO" : 0.5928459297603255, 
"PERMREF_CHANNEL" : 1050.0, 
"PERMREF_CREAVASSE" : 100.0, 
"PERMREF_USHOREFACE" : 1200.0, 
"PERMREF_LSHOREFACE" : 40.0, 
"PERMREF_OFFSHORE" : 2.0, 
"PERMREF_FLOODPLAIN" : 1.0, 
"POROREF_CHANNEL" : 0.24, 
"POROREF_CREAVASSE" : 0.22, 
"POROREF_USHOREFACE" : 0.31, 
"POROREF_LSHOREFACE" : 0.23, 
"POROREF_OFFSHORE" : 0.1, 
"POROREF_FLOODPLAIN" : 0.13, 
"SWLHEIGHT" : 350.0, 
"SIMGRID_MINPV" : 100.0, 
"ISOTREND_ALT1W_VALYSAR" : 0.9830299239886199, 
"ISOTREND_ALT1W_THERYS" : 0.927531454952878, 
"ISOTREND_ALT1W_VOLON" : 0.5464294971525302, 
"VALYSAR_APS_PROB_CHANNEL" : 0.34634133015636626, 
"THERYS_APS_PROB_LOWSHOREFACE" : 0.2616291653991319, 
"THERYS_APS_PROB_UPSHOREFACE" : 0.26950418697490597, 
"VOLON_APS_PROB_CHANNEL" : 0.5356016712144133, 
"VALYSAR_CHANNEL_AZIMUTH" : 70.0, 
"VALYSAR_CHANNEL_WIDTH" : 700.0, 
"VALYSAR_CHANNEL_VOLFRAC" : 0.6, 
"VOLON_FLOODPLAIN_AZIMUTH" : 0.0, 
"VOLON_FLOODPLAIN_VARIOGRAM_RANGE_PARALLEL" : 800.0, 
"VOLON_FLOODPLAIN_VARIOGRAM_RANGE_NORMAL" : 200.0, 
"VOLON_FLOODPLAIN_VOLFRAC" : 0.3, 
"VALYSAR_PORO_CHANNEL" : 0.27, 
"VALYSAR_PORO_CREVASSE" : 0.22, 
"THERYS_PORO_US" : 0.31, 
"THERYS_PORO_LS" : 0.23, 
"VOLON_PORO_CHANNEL" : 0.2, 
"VALYSAR_PERMH_CHANNEL" : 1000.0, 
"VALYSAR_PERMH_CREVASSE" : 100.0, 
"THERYS_PERMH_US" : 1200.0, 
"THERYS_PERMH_LS" : 40.0, 
"VOLON_PERMH_CHANNEL" : 1100.0
}, 
"LOG10_GLOBVAR" : {
"FAULT_SEAL_SCALING" : 0.25349183854196455
}, 
"MULTREGT" : {
"MULT_R1_VALYSAR_THERYS" : 0.006021204963062334, 
"MULT_R1_VALYSAR_VOLON" : 2.8865235993457275e-06, 
"MULT_R1_THERYS_VOLON" : 4.262938895518937e-05, 
"MULT_R2_VALYSAR_THERYS" : 0.0038381189815989937, 
"MULT_R2_VALYSAR_VOLON" : 9.459667580402192e-06, 
"MULT_R2_THERYS_VOLON" : 3.424791163529637e-06, 
"MULT_R3_VALYSAR_THERYS" : 1.2516303871604359e-05, 
"MULT_R3_VALYSAR_VOLON" : 0.005530532821817525, 
"MULT_R3_THERYS_VOLON" : 0.1434215193403843, 
"MULT_R4_VALYSAR_THERYS" : 0.009858519999389094, 
"MULT_R4_VALYSAR_VOLON" : 0.027962703553897506, 
"MULT_R4_THERYS_VOLON" : 6.837508814886933e-05, 
"MULT_R5_VALYSAR_THERYS" : 0.0008506263748394847, 
"MULT_R5_VALYSAR_VOLON" : 6.227651013382946e-05, 
"MULT_R5_THERYS_VOLON" : 8.45540872538752e-05, 
"MULT_R6_VALYSAR_THERYS" : 0.000140679428958146, 
"MULT_R6_VALYSAR_VOLON" : 6.191280483674431e-05, 
"MULT_R6_THERYS_VOLON" : 0.7591956751806339, 
"MULT_R7_VALYSAR_THERYS" : 0.011989019539700631, 
"MULT_R7_VALYSAR_VOLON" : 0.00010409226518030777, 
"MULT_R7_THERYS_VOLON" : 0.00030423613028351856, 
"MULT_R5_THERYS_R2_ALL" : 2.6835512227207483e-06, 
"MULT_R5_THERYS_R6_ALL" : 2.377420874047729e-06
}, 
"LOG10_MULTREGT" : {
"MULT_R1_VALYSAR_THERYS" : -2.220316589067239, 
"MULT_R1_VALYSAR_VOLON" : -5.539624887490231, 
"MULT_R1_THERYS_VOLON" : -4.370290892435939, 
"MULT_R2_VALYSAR_THERYS" : -2.4158815662730455, 
"MULT_R2_VALYSAR_VOLON" : -5.024124124753976, 
"MULT_R2_THERYS_VOLON" : -5.465365905716631, 
"MULT_R3_VALYSAR_THERYS" : -4.902523901569389, 
"MULT_R3_VALYSAR_VOLON" : -2.257233025941594, 
"MULT_R3_THERYS_VOLON" : -0.8433856810976533, 
"MULT_R4_VALYSAR_THERYS" : -2.0061882781969915, 
"MULT_R4_VALYSAR_VOLON" : -1.5534208414464914, 
"MULT_R4_THERYS_VOLON" : -4.165102100767575, 
"MULT_R5_VALYSAR_THERYS" : -3.070261155516109, 
"MULT_R5_VALYSAR_VOLON" : -4.205675732521487, 
"MULT_R5_THERYS_VOLON" : -4.072865394229446, 
"MULT_R6_VALYSAR_THERYS" : -3.85176940322707, 
"MULT_R6_VALYSAR_VOLON" : -4.208219520691861, 
"MULT_R6_THERYS_VOLON" : -0.11964627456724385, 
"MULT_R7_VALYSAR_THERYS" : -1.9212163319894369, 
"MULT_R7_VALYSAR_VOLON" : -3.9825815405597225, 
"MULT_R7_THERYS_VOLON" : -3.516789211548625, 
"MULT_R5_THERYS_R2_ALL" : -5.571290110631218, 
"MULT_R5_THERYS_R6_ALL" : -5.6238939284541845
}, 
"RATE" : {
"WWIR_MULT_20180101_A5" : 1.0, 
"WWIR_MULT_20190101_A5" : 1.0, 
"WOPR_MULT_20180101_A1" : 1.0, 
"WWPR_MULT_20180101_A1" : 1.0, 
"WGPR_MULT_20180101_A1" : 1.0
}
}