{
"SWITCHES" : {
"DCONV_ALTERNATIVE" : 2.0, 
"HUM_MODEL_MODE" : 0.0, 
"PETROMODEL_ALTERNATIVE" : 1.0, 
"FACIESMODEL_ALTERNATIVE" : 1.0, 
"FACIES_VALYSAR_SEISCOND" : 1.0, 
"FACIES_THERYS_ALT2" : 1.0
}, 
"GLOBVAR" : {
"KVKH_CHANNEL" : 0.7685413076039929, 
"KVKH_CREVASSE" : 0.10055773646325351, 
"KVKH_US" : 0.687806190949638, 
"KVKH_LS" : 0.6126277770017836, 
"FWL_CENTRAL" : 1675.3376230417484, 
"FWL_NORTH_HORST" : 1657.416037271122, 
"GOC_NORTH_HORST" : 1635.5775054368687, 
"FAULT_SEAL_SCALING" : 3.259299994611693, 
"RELPERM_INT_WO" : -0.8398022295675603, 
"RELPERM_INT_GO" : -0.8030930476658069, 
"PERMREF_CHANNEL" : 1050.0, 
"PERMREF_CREAVASSE" : 100.0, 
"PERMREF_USHOREFACE" : 1200.0, 
"PERMREF_LSHOREFACE" : 40.0, 
"PERMREF_OFFSHORE" : 2.0, 
"PERMREF_FLOODPLAIN" : 1.0, 
"POROREF_CHANNEL" : 0.24, 
"POROREF_CREAVASSE" : 0.22, 
"POROREF_USHOREFACE" : 0.31, 
"POROREF_LSHOREFACE" : 0.23, 
"POROREF_OFFSHORE" : 0.1, 
"POROREF_FLOODPLAIN" : 0.13, 
"SWLHEIGHT" : 350.0, 
"SIMGRID_MINPV" : 100.0, 
"ISOTREND_ALT1W_VALYSAR" : 0.8750969496760366, 
"ISOTREND_ALT1W_THERYS" : 0.9190860059650916, 
"ISOTREND_ALT1W_VOLON" : 0.4607191277081871, 
"VALYSAR_APS_PROB_CHANNEL" : 0.3877671877120425, 
"THERYS_APS_PROB_LOWSHOREFACE" : 0.3876277024290641, 
"THERYS_APS_PROB_UPSHOREFACE" : 0.25625750635389277, 
"VOLON_APS_PROB_CHANNEL" : 0.7143314164094896, 
"VALYSAR_CHANNEL_AZIMUTH" : 70.0, 
"VALYSAR_CHANNEL_WIDTH" : 700.0, 
"VALYSAR_CHANNEL_VOLFRAC" : 0.6, 
"VOLON_FLOODPLAIN_AZIMUTH" : 0.0, 
"VOLON_FLOODPLAIN_VARIOGRAM_RANGE_PARALLEL" : 800.0, 
"VOLON_FLOODPLAIN_VARIOGRAM_RANGE_NORMAL" : 200.0, 
"VOLON_FLOODPLAIN_VOLFRAC" : 0.3, 
"VALYSAR_PORO_CHANNEL" : 0.27, 
"VALYSAR_PORO_CREVASSE" : 0.22, 
"THERYS_PORO_US" : 0.31, 
"THERYS_PORO_LS" : 0.23, 
"VOLON_PORO_CHANNEL" : 0.2, 
"VALYSAR_PERMH_CHANNEL" : 1000.0, 
"VALYSAR_PERMH_CREVASSE" : 100.0, 
"THERYS_PERMH_US" : 1200.0, 
"THERYS_PERMH_LS" : 40.0, 
"VOLON_PERMH_CHANNEL" : 1100.0
}, 
"LOG10_GLOBVAR" : {
"FAULT_SEAL_SCALING" : 0.5131243359202962
}, 
"MULTREGT" : {
"MULT_R1_VALYSAR_THERYS" : 8.146178610720868e-06, 
"MULT_R1_VALYSAR_VOLON" : 1.1087430002594176e-05, 
"MULT_R1_THERYS_VOLON" : 0.00026816693476992685, 
"MULT_R2_VALYSAR_THERYS" : 9.581428074813907e-05, 
"MULT_R2_VALYSAR_VOLON" : 0.07754506135036073, 
"MULT_R2_THERYS_VOLON" : 0.0043353767898092746, 
"MULT_R3_VALYSAR_THERYS" : 0.0002532016921310341, 
"MULT_R3_VALYSAR_VOLON" : 0.0301731416307905, 
"MULT_R3_THERYS_VOLON" : 0.0013456787561473991, 
"MULT_R4_VALYSAR_THERYS" : 7.009059128508903e-06, 
"MULT_R4_VALYSAR_VOLON" : 0.020208086560034255, 
"MULT_R4_THERYS_VOLON" : 0.0029857559044010598, 
"MULT_R5_VALYSAR_THERYS" : 6.959687072390957e-06, 
"MULT_R5_VALYSAR_VOLON" : 0.005945416650737894, 
"MULT_R5_THERYS_VOLON" : 1.1553967868491145e-06, 
"MULT_R6_VALYSAR_THERYS" : 1.142323840914457e-06, 
"MULT_R6_VALYSAR_VOLON" : 0.04794729963193843, 
"MULT_R6_THERYS_VOLON" : 0.48173431125625477, 
"MULT_R7_VALYSAR_THERYS" : 0.00010574830251660983, 
"MULT_R7_VALYSAR_VOLON" : 0.013835479758229734, 
"MULT_R7_THERYS_VOLON" : 7.884610659696965e-05, 
"MULT_R5_THERYS_R2_ALL" : 1.242037538000829e-05, 
"MULT_R5_THERYS_R6_ALL" : 0.00012107167955066907
}, 
"LOG10_MULTREGT" : {
"MULT_R1_VALYSAR_THERYS" : -5.089046071932308, 
"MULT_R1_VALYSAR_VOLON" : -4.955169108948993, 
"MULT_R1_THERYS_VOLON" : -3.5715947720930354, 
"MULT_R2_VALYSAR_THERYS" : -4.018569756183506, 
"MULT_R2_VALYSAR_VOLON" : -1.1104458560913084, 
"MULT_R2_THERYS_VOLON" : -2.362973151792412, 
"MULT_R3_VALYSAR_THERYS" : -3.5965333962821893, 
"MULT_R3_VALYSAR_VOLON" : -1.520379468682033, 
"MULT_R3_THERYS_VOLON" : -2.8710586036215697, 
"MULT_R4_VALYSAR_THERYS" : -5.154340276287417, 
"MULT_R4_VALYSAR_VOLON" : -1.6944748065123825, 
"MULT_R4_THERYS_VOLON" : -2.5249457001960134, 
"MULT_R5_VALYSAR_THERYS" : -5.157410287083271, 
"MULT_R5_VALYSAR_VOLON" : -2.2258177049181564, 
"MULT_R5_THERYS_VOLON" : -5.9372688445630315, 
"MULT_R6_VALYSAR_THERYS" : -5.942210759150839, 
"MULT_R6_VALYSAR_VOLON" : -1.3192358470537369, 
"MULT_R6_THERYS_VOLON" : -0.3171924202029386, 
"MULT_R7_VALYSAR_THERYS" : -3.975726595239788, 
"MULT_R7_VALYSAR_VOLON" : -1.8590057766936612, 
"MULT_R7_THERYS_VOLON" : -4.10321974716956, 
"MULT_R5_THERYS_R2_ALL" : -4.905865278313815, 
"MULT_R5_THERYS_R6_ALL" : -3.9169574328541765
}, 
"RATE" : {
"WWIR_MULT_20180101_A5" : 1.0, 
"WWIR_MULT_20190101_A5" : 1.0, 
"WOPR_MULT_20180101_A1" : 1.0, 
"WWPR_MULT_20180101_A1" : 1.0, 
"WGPR_MULT_20180101_A1" : 1.0
}
}