{
"SWITCHES" : {
"DCONV_ALTERNATIVE" : 2.0, 
"HUM_MODEL_MODE" : 0.0, 
"PETROMODEL_ALTERNATIVE" : 1.0, 
"FACIESMODEL_ALTERNATIVE" : 1.0, 
"FACIES_VALYSAR_SEISCOND" : 1.0, 
"FACIES_THERYS_ALT2" : 1.0
}, 
"GLOBVAR" : {
"KVKH_CHANNEL" : 0.6114646339940872, 
"KVKH_CREVASSE" : 0.109874841296635, 
"KVKH_US" : 0.5134191714257761, 
"KVKH_LS" : 0.7074923702870108, 
"FWL_CENTRAL" : 1673.2963127155679, 
"FWL_NORTH_HORST" : 1664.2870427743687, 
"GOC_NORTH_HORST" : 1638.156853291362, 
"FAULT_SEAL_SCALING" : 4.0049299067521495, 
"RELPERM_INT_WO" : 0.7795536283620743, 
"RELPERM_INT_GO" : 0.1120056276581145, 
"PERMREF_CHANNEL" : 1050.0, 
"PERMREF_CREAVASSE" : 100.0, 
"PERMREF_USHOREFACE" : 1200.0, 
"PERMREF_LSHOREFACE" : 40.0, 
"PERMREF_OFFSHORE" : 2.0, 
"PERMREF_FLOODPLAIN" : 1.0, 
"POROREF_CHANNEL" : 0.24, 
"POROREF_CREAVASSE" : 0.22, 
"POROREF_USHOREFACE" : 0.31, 
"POROREF_LSHOREFACE" : 0.23, 
"POROREF_OFFSHORE" : 0.1, 
"POROREF_FLOODPLAIN" : 0.13, 
"SWLHEIGHT" : 350.0, 
"SIMGRID_MINPV" : 100.0, 
"ISOTREND_ALT1W_VALYSAR" : 0.8312647568937557, 
"ISOTREND_ALT1W_THERYS" : 0.9665017504100613, 
"ISOTREND_ALT1W_VOLON" : 0.5991204601119653, 
"VALYSAR_APS_PROB_CHANNEL" : 0.29803260110638163, 
"THERYS_APS_PROB_LOWSHOREFACE" : 0.31228171393477455, 
"THERYS_APS_PROB_UPSHOREFACE" : 0.27145135901365214, 
"VOLON_APS_PROB_CHANNEL" : 0.621637368282393, 
"VALYSAR_CHANNEL_AZIMUTH" : 70.0, 
"VALYSAR_CHANNEL_WIDTH" : 700.0, 
"VALYSAR_CHANNEL_VOLFRAC" : 0.6, 
"VOLON_FLOODPLAIN_AZIMUTH" : 0.0, 
"VOLON_FLOODPLAIN_VARIOGRAM_RANGE_PARALLEL" : 800.0, 
"VOLON_FLOODPLAIN_VARIOGRAM_RANGE_NORMAL" : 200.0, 
"VOLON_FLOODPLAIN_VOLFRAC" : 0.3, 
"VALYSAR_PORO_CHANNEL" : 0.27, 
"VALYSAR_PORO_CREVASSE" : 0.22, 
"THERYS_PORO_US" : 0.31, 
"THERYS_PORO_LS" : 0.23, 
"VOLON_PORO_CHANNEL" : 0.2, 
"VALYSAR_PERMH_CHANNEL" : 1000.0, 
"VALYSAR_PERMH_CREVASSE" : 100.0, 
"THERYS_PERMH_US" : 1200.0, 
"THERYS_PERMH_LS" : 40.0, 
"VOLON_PERMH_CHANNEL" : 1100.0
}, 
"LOG10_GLOBVAR" : {
"FAULT_SEAL_SCALING" : 0.6025949195770243
}, 
"MULTREGT" : {
"MULT_R1_VALYSAR_THERYS" : 1.2339118421042091e-06, 
"MULT_R1_VALYSAR_VOLON" : 0.18623884615037825, 
"MULT_R1_THERYS_VOLON" : 2.352477206618179e-06, 
"MULT_R2_VALYSAR_THERYS" : 4.043242657360329e-05, 
"MULT_R2_VALYSAR_VOLON" : 0.03222528508983715, 
"MULT_R2_THERYS_VOLON" : 0.00015806604365500602, 
"MULT_R3_VALYSAR_THERYS" : 0.02829890297324682, 
"MULT_R3_VALYSAR_VOLON" : 2.6947760396277392e-05, 
"MULT_R3_THERYS_VOLON" : 0.11208174740237556, 
"MULT_R4_VALYSAR_THERYS" : 0.012517375516562148, 
"MULT_R4_VALYSAR_VOLON" : 8.975777095831226e-05, 
"MULT_R4_THERYS_VOLON" : 0.08291665467162736, 
"MULT_R5_VALYSAR_THERYS" : 0.00010281443973436556, 
"MULT_R5_VALYSAR_VOLON" : 2.88031646103782e-05, 
"MULT_R5_THERYS_VOLON" : 0.000201210977080518, 
"MULT_R6_VALYSAR_THERYS" : 0.0042880517919207505, 
"MULT_R6_VALYSAR_VOLON" : 3.0563748481015634e-06, 
"MULT_R6_THERYS_VOLON" : 0.014032736319074986, 
"MULT_R7_VALYSAR_THERYS" : 3.0602866155684616e-06, 
"MULT_R7_VALYSAR_VOLON" : 0.5473452734709121, 
"MULT_R7_THERYS_VOLON" : 1.6851480842455622e-06, 
"MULT_R5_THERYS_R2_ALL" : 1.3549306320912285e-05, 
"MULT_R5_THERYS_R6_ALL" : 1.038577989609375e-05
}, 
"LOG10_MULTREGT" : {
"MULT_R1_VALYSAR_THERYS" : -5.908715867738231, 
"MULT_R1_VALYSAR_VOLON" : -0.7299297277093076, 
"MULT_R1_THERYS_VOLON" : -5.628474575802046, 
"MULT_R2_VALYSAR_THERYS" : -4.393270193469649, 
"MULT_R2_VALYSAR_VOLON" : -1.4918032318521248, 
"MULT_R2_THERYS_VOLON" : -3.8011614168302947, 
"MULT_R3_VALYSAR_THERYS" : -1.5482303998785332, 
"MULT_R3_VALYSAR_VOLON" : -4.569477322794689, 
"MULT_R3_THERYS_VOLON" : -0.9504651068327952, 
"MULT_R4_VALYSAR_THERYS" : -1.902486718901609, 
"MULT_R4_VALYSAR_VOLON" : -4.0469279412096295, 
"MULT_R4_THERYS_VOLON" : -1.0813582281285898, 
"MULT_R5_VALYSAR_THERYS" : -3.9879458867360387, 
"MULT_R5_VALYSAR_VOLON" : -4.540559793583806, 
"MULT_R5_THERYS_VOLON" : -3.696348330000532, 
"MULT_R6_VALYSAR_THERYS" : -2.3677399777906705, 
"MULT_R6_VALYSAR_VOLON" : -5.514793382923992, 
"MULT_R6_THERYS_VOLON" : -1.8528576352863737, 
"MULT_R7_VALYSAR_THERYS" : -5.514237897135851, 
"MULT_R7_VALYSAR_VOLON" : -0.26173862785712426, 
"MULT_R7_THERYS_VOLON" : -5.7733619290093365, 
"MULT_R5_THERYS_R2_ALL" : -4.868082938642833, 
"MULT_R5_THERYS_R6_ALL" : -4.983560885565806
}, 
"RATE" : {
"WWIR_MULT_20180101_A5" : 1.0, 
"WWIR_MULT_20190101_A5" : 1.0, 
"WOPR_MULT_20180101_A1" : 1.0, 
"WWPR_MULT_20180101_A1" : 1.0, 
"WGPR_MULT_20180101_A1" : 1.0
}
}