{
"SWITCHES" : {
"DCONV_ALTERNATIVE" : 2.0, 
"HUM_MODEL_MODE" : 0.0, 
"PETROMODEL_ALTERNATIVE" : 1.0, 
"FACIESMODEL_ALTERNATIVE" : 1.0, 
"FACIES_VALYSAR_SEISCOND" : 1.0, 
"FACIES_THERYS_ALT2" : 1.0
}, 
"GLOBVAR" : {
"KVKH_CHANNEL" : 0.7384718314593868, 
"KVKH_CREVASSE" : 0.21998123982342938, 
"KVKH_US" : 0.7097957940955908, 
"KVKH_LS" : 0.6747127898895819, 
"FWL_CENTRAL" : 1680.2399853296517, 
"FWL_NORTH_HORST" : 1660.8418137374408, 
"GOC_NORTH_HORST" : 1640.050800070347, 
"FAULT_SEAL_SCALING" : 1.198100516846933, 
"RELPERM_INT_WO" : -0.8374896003496277, 
"RELPERM_INT_GO" : -0.3727127770700114, 
"PERMREF_CHANNEL" : 1050.0, 
"PERMREF_CREAVASSE" : 100.0, 
"PERMREF_USHOREFACE" : 1200.0, 
"PERMREF_LSHOREFACE" : 40.0, 
"PERMREF_OFFSHORE" : 2.0, 
"PERMREF_FLOODPLAIN" : 1.0, 
"POROREF_CHANNEL" : 0.24, 
"POROREF_CREAVASSE" : 0.22, 
"POROREF_USHOREFACE" : 0.31, 
"POROREF_LSHOREFACE" : 0.23, 
"POROREF_OFFSHORE" : 0.1, 
"POROREF_FLOODPLAIN" : 0.13, 
"SWLHEIGHT" : 350.0, 
"SIMGRID_MINPV" : 100.0, 
"ISOTREND_ALT1W_VALYSAR" : 0.8910485132170225, 
"ISOTREND_ALT1W_THERYS" : 0.8987539959174362, 
"ISOTREND_ALT1W_VOLON" : 0.5553114323337393, 
"VALYSAR_APS_PROB_CHANNEL" : 0.33392112283075875, 
"THERYS_APS_PROB_LOWSHOREFACE" : 0.2698804863970948, 
"THERYS_APS_PROB_UPSHOREFACE" : 0.15140351242666444, 
"VOLON_APS_PROB_CHANNEL" : 0.5824338212681522, 
"VALYSAR_CHANNEL_AZIMUTH" : 70.0, 
"VALYSAR_CHANNEL_WIDTH" : 700.0, 
"VALYSAR_CHANNEL_VOLFRAC" : 0.6, 
"VOLON_FLOODPLAIN_AZIMUTH" : 0.0, 
"VOLON_FLOODPLAIN_VARIOGRAM_RANGE_PARALLEL" : 800.0, 
"VOLON_FLOODPLAIN_VARIOGRAM_RANGE_NORMAL" : 200.0, 
"VOLON_FLOODPLAIN_VOLFRAC" : 0.3, 
"VALYSAR_PORO_CHANNEL" : 0.27, 
"VALYSAR_PORO_CREVASSE" : 0.22, 
"THERYS_PORO_US" : 0.31, 
"THERYS_PORO_LS" : 0.23, 
"VOLON_PORO_CHANNEL" : 0.2, 
"VALYSAR_PERMH_CHANNEL" : 1000.0, 
"VALYSAR_PERMH_CREVASSE" : 100.0, 
"THERYS_PERMH_US" : 1200.0, 
"THERYS_PERMH_LS" : 40.0, 
"VOLON_PERMH_CHANNEL" : 1100.0
}, 
"LOG10_GLOBVAR" : {
"FAULT_SEAL_SCALING" : 0.07849325551631216
}, 
"MULTREGT" : {
"MULT_R1_VALYSAR_THERYS" : 1.0688356288887211e-05, 
"MULT_R1_VALYSAR_VOLON" : 0.0015659472424153092, 
"MULT_R1_THERYS_VOLON" : 1.0117341606677205e-05, 
"MULT_R2_VALYSAR_THERYS" : 0.00024258840783642483, 
"MULT_R2_VALYSAR_VOLON" : 0.1449433755675103, 
"MULT_R2_THERYS_VOLON" : 0.0003057826819494698, 
"MULT_R3_VALYSAR_THERYS" : 0.002175536950344721, 
"MULT_R3_VALYSAR_VOLON" : 0.020068375341100578, 
"MULT_R3_THERYS_VOLON" : 0.013063160601627658, 
"MULT_R4_VALYSAR_THERYS" : 0.0007042303442196144, 
"MULT_R4_VALYSAR_VOLON" : 1.0988253032512359e-06, 
"MULT_R4_THERYS_VOLON" : 0.2301063334782788, 
"MULT_R5_VALYSAR_THERYS" : 0.00024927003075538354, 
"MULT_R5_VALYSAR_VOLON" : 0.08638558149722875, 
"MULT_R5_THERYS_VOLON" : 0.00014122484744630452, 
"MULT_R6_VALYSAR_THERYS" : 9.889113997103401e-06, 
"MULT_R6_VALYSAR_VOLON" : 2.1392467826680337e-05, 
"MULT_R6_THERYS_VOLON" : 6.447453906182542e-06, 
"MULT_R7_VALYSAR_THERYS" : 0.11656342940535405, 
"MULT_R7_VALYSAR_VOLON" : 0.00014422684526632713, 
"MULT_R7_THERYS_VOLON" : 0.19814775411966806, 
"MULT_R5_THERYS_R2_ALL" : 1.9597895762249636e-06, 
"MULT_R5_THERYS_R6_ALL" : 1.7479367624053281e-06
}, 
"LOG10_MULTREGT" : {
"MULT_R1_VALYSAR_THERYS" : -4.9710890777241925, 
"MULT_R1_VALYSAR_VOLON" : -2.8052228736406994, 
"MULT_R1_THERYS_VOLON" : -4.994933586035434, 
"MULT_R2_VALYSAR_THERYS" : -3.6151299558724035, 
"MULT_R2_VALYSAR_VOLON" : -0.8388016286719957, 
"MULT_R2_THERYS_VOLON" : -3.5145871145638514, 
"MULT_R3_VALYSAR_THERYS" : -2.6624335360464935, 
"MULT_R3_VALYSAR_VOLON" : -1.6974877849093637, 
"MULT_R3_THERYS_VOLON" : -1.8839517337975116, 
"MULT_R4_VALYSAR_THERYS" : -3.152285265770783, 
"MULT_R4_VALYSAR_VOLON" : -5.959071348399765, 
"MULT_R4_THERYS_VOLON" : -0.6380714275859697, 
"MULT_R5_VALYSAR_THERYS" : -3.6033299327274535, 
"MULT_R5_VALYSAR_VOLON" : -1.0635587389880339, 
"MULT_R5_THERYS_VOLON" : -3.850088885724323, 
"MULT_R6_VALYSAR_THERYS" : -5.004842616735039, 
"MULT_R6_VALYSAR_VOLON" : -4.669739112497752, 
"MULT_R6_THERYS_VOLON" : -5.190611754015481, 
"MULT_R7_VALYSAR_THERYS" : -0.9334376836993573, 
"MULT_R7_VALYSAR_VOLON" : -3.840953895886152, 
"MULT_R7_THERYS_VOLON" : -0.7030108457570576, 
"MULT_R5_THERYS_R2_ALL" : -5.707790556597739, 
"MULT_R5_THERYS_R6_ALL" : -5.757474283506653
}, 
"RATE" : {
"WWIR_MULT_20180101_A5" : 1.0, 
"WWIR_MULT_20190101_A5" : 1.0, 
"WOPR_MULT_20180101_A1" : 1.0, 
"WWPR_MULT_20180101_A1" : 1.0, 
"WGPR_MULT_20180101_A1" : 1.0
}
}