{
"SWITCHES" : {
"DCONV_ALTERNATIVE" : 2.0, 
"HUM_MODEL_MODE" : 0.0, 
"PETROMODEL_ALTERNATIVE" : 1.0, 
"FACIESMODEL_ALTERNATIVE" : 1.0, 
"FACIES_VALYSAR_SEISCOND" : 1.0, 
"FACIES_THERYS_ALT2" : 1.0
}, 
"GLOBVAR" : {
"KVKH_CHANNEL" : 0.653072895796873, 
"KVKH_CREVASSE" : 0.13686117636362238, 
"KVKH_US" : 0.7494064615163758, 
"KVKH_LS" : 0.5853793304497874, 
"FWL_CENTRAL" : 1672.7279036448826, 
"FWL_NORTH_HORST" : 1656.6504826953446, 
"GOC_NORTH_HORST" : 1636.806049084167, 
"FAULT_SEAL_SCALING" : 4.807785829339097, 
"RELPERM_INT_WO" : -0.5362050308232169, 
"RELPERM_INT_GO" : 0.5237853352289283, 
"PERMREF_CHANNEL" : 1050.0, 
"PERMREF_CREAVASSE" : 100.0, 
"PERMREF_USHOREFACE" : 1200.0, 
"PERMREF_LSHOREFACE" : 40.0, 
"PERMREF_OFFSHORE" : 2.0, 
"PERMREF_FLOODPLAIN" : 1.0, 
"POROREF_CHANNEL" : 0.24, 
"POROREF_CREAVASSE" : 0.22, 
"POROREF_USHOREFACE" : 0.31, 
"POROREF_LSHOREFACE" : 0.23, 
"POROREF_OFFSHORE" : 0.1, 
"POROREF_FLOODPLAIN" : 0.13, 
"SWLHEIGHT" : 350.0, 
"SIMGRID_MINPV" : 100.0, 
"ISOTREND_ALT1W_VALYSAR" : 0.9620269604911866, 
"ISOTREND_ALT1W_THERYS" : 0.8367863697643853, 
"ISOTREND_ALT1W_VOLON" : 0.5997530753672402, 
"VALYSAR_APS_PROB_CHANNEL" : 0.37347024332836126, 
"THERYS_APS_PROB_LOWSHOREFACE" : 0.291385378495203, 
"THERYS_APS_PROB_UPSHOREFACE" : 0.24247150359222852, 
"VOLON_APS_PROB_CHANNEL" : 0.6026933709307903, 
"VALYSAR_CHANNEL_AZIMUTH" : 70.0, 
"VALYSAR_CHANNEL_WIDTH" : 700.0, 
"VALYSAR_CHANNEL_VOLFRAC" : 0.6, 
"VOLON_FLOODPLAIN_AZIMUTH" : 0.0, 
"VOLON_FLOODPLAIN_VARIOGRAM_RANGE_PARALLEL" : 800.0, 
"VOLON_FLOODPLAIN_VARIOGRAM_RANGE_NORMAL" : 200.0, 
"VOLON_FLOODPLAIN_VOLFRAC" : 0.3, 
"VALYSAR_PORO_CHANNEL" : 0.27, 
"VALYSAR_PORO_CREVASSE" : 0.22, 
"THERYS_PORO_US" : 0.31, 
"THERYS_PORO_LS" : 0.23, 
"VOLON_PORO_CHANNEL" : 0.2, 
"VALYSAR_PERMH_CHANNEL" : 1000.0, 
"VALYSAR_PERMH_CREVASSE" : 100.0, 
"THERYS_PERMH_US" : 1200.0, 
"THERYS_PERMH_LS" : 40.0, 
"VOLON_PERMH_CHANNEL" : 1100.0
}, 
"LOG10_GLOBVAR" : {
"FAULT_SEAL_SCALING" : 0.6819451130695798
}, 
"MULTREGT" : {
"MULT_R1_VALYSAR_THERYS" : 0.15169193514247586, 
"MULT_R1_VALYSAR_VOLON" : 0.4206897849010539, 
"MULT_R1_THERYS_VOLON" : 1.9258864605658096e-06, 
"MULT_R2_VALYSAR_THERYS" : 0.0005045547901501438, 
"MULT_R2_VALYSAR_VOLON" : 0.00039202828302408864, 
"MULT_R2_THERYS_VOLON" : 0.015858195084363324, 
"MULT_R3_VALYSAR_THERYS" : 0.0001348831562562613, 
"MULT_R3_VALYSAR_VOLON" : 3.3200829282524284e-05, 
"MULT_R3_THERYS_VOLON" : 3.5927614771526756e-06, 
"MULT_R4_VALYSAR_THERYS" : 0.019788957854655766, 
"MULT_R4_VALYSAR_VOLON" : 0.00010216013615035141, 
"MULT_R4_THERYS_VOLON" : 0.00974498183810229, 
"MULT_R5_VALYSAR_THERYS" : 8.721051922637129e-06, 
"MULT_R5_VALYSAR_VOLON" : 7.798140030247073e-05, 
"MULT_R5_THERYS_VOLON" : 0.00035855787381484927, 
"MULT_R6_VALYSAR_THERYS" : 5.595811872984146e-06, 
"MULT_R6_VALYSAR_VOLON" : 0.014026079721346878, 
"MULT_R6_THERYS_VOLON" : 7.226352397436213e-05, 
"MULT_R7_VALYSAR_THERYS" : 6.616756446902834e-05, 
"MULT_R7_VALYSAR_VOLON" : 0.004147923534174088, 
"MULT_R7_THERYS_VOLON" : 0.007074002283573371, 
"MULT_R5_THERYS_R2_ALL" : 1.9676135899770742e-05, 
"MULT_R5_THERYS_R6_ALL" : 0.00903823769647348
}, 
"LOG10_MULTREGT" : {
"MULT_R1_VALYSAR_THERYS" : -0.8190375083116613, 
"MULT_R1_VALYSAR_VOLON" : -0.3760380333002495, 
"MULT_R1_THERYS_VOLON" : -5.7153693200168965, 
"MULT_R2_VALYSAR_THERYS" : -3.297091666358968, 
"MULT_R2_VALYSAR_VOLON" : -3.406682599514757, 
"MULT_R2_THERYS_VOLON" : -1.799746243847405, 
"MULT_R3_VALYSAR_THERYS" : -3.870042280140448, 
"MULT_R3_VALYSAR_VOLON" : -4.47885106845481, 
"MULT_R3_THERYS_VOLON" : -5.4445716145779715, 
"MULT_R4_VALYSAR_THERYS" : -1.7035770764297689, 
"MULT_R4_VALYSAR_VOLON" : -3.990718536953461, 
"MULT_R4_THERYS_VOLON" : -2.0112189659480326, 
"MULT_R5_VALYSAR_THERYS" : -5.059431127837662, 
"MULT_R5_VALYSAR_VOLON" : -4.108008970505101, 
"MULT_R5_THERYS_VOLON" : -3.445440736091299, 
"MULT_R6_VALYSAR_THERYS" : -5.2521368945909055, 
"MULT_R6_VALYSAR_VOLON" : -1.853063696989878, 
"MULT_R6_THERYS_VOLON" : -4.1410808636190515, 
"MULT_R7_VALYSAR_THERYS" : -4.179354850804918, 
"MULT_R7_VALYSAR_VOLON" : -2.382169258308151, 
"MULT_R7_THERYS_VOLON" : -2.1503348043257406, 
"MULT_R5_THERYS_R2_ALL" : -4.706060186503197, 
"MULT_R5_THERYS_R6_ALL" : -2.04391624135076
}, 
"RATE" : {
"WWIR_MULT_20180101_A5" : 1.0, 
"WWIR_MULT_20190101_A5" : 1.0, 
"WOPR_MULT_20180101_A1" : 1.0, 
"WWPR_MULT_20180101_A1" : 1.0, 
"WGPR_MULT_20180101_A1" : 1.0
}
}