{
"SWITCHES" : {
"DCONV_ALTERNATIVE" : 2.0, 
"HUM_MODEL_MODE" : 0.0, 
"PETROMODEL_ALTERNATIVE" : 1.0, 
"FACIESMODEL_ALTERNATIVE" : 1.0, 
"FACIES_VALYSAR_SEISCOND" : 1.0, 
"FACIES_THERYS_ALT2" : 1.0
}, 
"GLOBVAR" : {
"KVKH_CHANNEL" : 0.6670996893475793, 
"KVKH_CREVASSE" : 0.3658169993756747, 
"KVKH_US" : 0.7664161420375413, 
"KVKH_LS" : 0.7834633930295304, 
"FWL_CENTRAL" : 1677.1116637572811, 
"FWL_NORTH_HORST" : 1661.0746716179997, 
"GOC_NORTH_HORST" : 1644.0446000400673, 
"FAULT_SEAL_SCALING" : 0.2680930447794279, 
"RELPERM_INT_WO" : 0.1782472384851601, 
"RELPERM_INT_GO" : -0.026685069059329214, 
"PERMREF_CHANNEL" : 1050.0, 
"PERMREF_CREAVASSE" : 100.0, 
"PERMREF_USHOREFACE" : 1200.0, 
"PERMREF_LSHOREFACE" : 40.0, 
"PERMREF_OFFSHORE" : 2.0, 
"PERMREF_FLOODPLAIN" : 1.0, 
"POROREF_CHANNEL" : 0.24, 
"POROREF_CREAVASSE" : 0.22, 
"POROREF_USHOREFACE" : 0.31, 
"POROREF_LSHOREFACE" : 0.23, 
"POROREF_OFFSHORE" : 0.1, 
"POROREF_FLOODPLAIN" : 0.13, 
"SWLHEIGHT" : 350.0, 
"SIMGRID_MINPV" : 100.0, 
"ISOTREND_ALT1W_VALYSAR" : 0.9650121558558904, 
"ISOTREND_ALT1W_THERYS" : 0.867455621131742, 
"ISOTREND_ALT1W_VOLON" : 0.44434623222292474, 
"VALYSAR_APS_PROB_CHANNEL" : 0.3829092831185491, 
"THERYS_APS_PROB_LOWSHOREFACE" : 0.3589209413120466, 
"THERYS_APS_PROB_UPSHOREFACE" : 0.23911956574920498, 
"VOLON_APS_PROB_CHANNEL" : 0.5365535018042739, 
"VALYSAR_CHANNEL_AZIMUTH" : 70.0, 
"VALYSAR_CHANNEL_WIDTH" : 700.0, 
"VALYSAR_CHANNEL_VOLFRAC" : 0.6, 
"VOLON_FLOODPLAIN_AZIMUTH" : 0.0, 
"VOLON_FLOODPLAIN_VARIOGRAM_RANGE_PARALLEL" : 800.0, 
"VOLON_FLOODPLAIN_VARIOGRAM_RANGE_NORMAL" : 200.0, 
"VOLON_FLOODPLAIN_VOLFRAC" : 0.3, 
"VALYSAR_PORO_CHANNEL" : 0.27, 
"VALYSAR_PORO_CREVASSE" : 0.22, 
"THERYS_PORO_US" : 0.31, 
"THERYS_PORO_LS" : 0.23, 
"VOLON_PORO_CHANNEL" : 0.2, 
"VALYSAR_PERMH_CHANNEL" : 1000.0, 
"VALYSAR_PERMH_CREVASSE" : 100.0, 
"THERYS_PERMH_US" : 1200.0, 
"THERYS_PERMH_LS" : 40.0, 
"VOLON_PERMH_CHANNEL" : 1100.0
}, 
"LOG10_GLOBVAR" : {
"FAULT_SEAL_SCALING" : -0.5717144529067023
}, 
"MULTREGT" : {
"MULT_R1_VALYSAR_THERYS" : 1.5190876796996122e-05, 
"MULT_R1_VALYSAR_VOLON" : 0.0471540714383915, 
"MULT_R1_THERYS_VOLON" : 7.223697147907161e-06, 
"MULT_R2_VALYSAR_THERYS" : 0.00036338080557021514, 
"MULT_R2_VALYSAR_VOLON" : 0.10818068722903994, 
"MULT_R2_THERYS_VOLON" : 0.17980234633105047, 
"MULT_R3_VALYSAR_THERYS" : 0.16366036978395157, 
"MULT_R3_VALYSAR_VOLON" : 6.493860968361305e-05, 
"MULT_R3_THERYS_VOLON" : 4.0550553495548205e-05, 
"MULT_R4_VALYSAR_THERYS" : 0.003168817434492936, 
"MULT_R4_VALYSAR_VOLON" : 3.616384829547585e-05, 
"MULT_R4_THERYS_VOLON" : 0.0362266834391146, 
"MULT_R5_VALYSAR_THERYS" : 1.698762687295013e-05, 
"MULT_R5_VALYSAR_VOLON" : 3.0967672792767364e-06, 
"MULT_R5_THERYS_VOLON" : 0.00022966683089796808, 
"MULT_R6_VALYSAR_THERYS" : 0.001441861992713236, 
"MULT_R6_VALYSAR_VOLON" : 0.002095198874546983, 
"MULT_R6_THERYS_VOLON" : 0.151359681778035, 
"MULT_R7_VALYSAR_THERYS" : 0.13043078608048267, 
"MULT_R7_VALYSAR_VOLON" : 0.0004014238485910933, 
"MULT_R7_THERYS_VOLON" : 0.14562708919904135, 
"MULT_R5_THERYS_R2_ALL" : 0.0020284972500538008, 
"MULT_R5_THERYS_R6_ALL" : 1.754244610517252e-05
}, 
"LOG10_MULTREGT" : {
"MULT_R1_VALYSAR_THERYS" : -4.818417158519855, 
"MULT_R1_VALYSAR_VOLON" : -1.3264808028866022, 
"MULT_R1_THERYS_VOLON" : -5.141240470024262, 
"MULT_R2_VALYSAR_THERYS" : -3.439638016640249, 
"MULT_R2_VALYSAR_VOLON" : -0.9658502639844345, 
"MULT_R2_THERYS_VOLON" : -0.7452046452391682, 
"MULT_R3_VALYSAR_THERYS" : -0.7860564718880886, 
"MULT_R3_VALYSAR_VOLON" : -4.187497013726626, 
"MULT_R3_THERYS_VOLON" : -4.392003213501609, 
"MULT_R4_VALYSAR_THERYS" : -2.4991027811556292, 
"MULT_R4_VALYSAR_VOLON" : -4.441725361256318, 
"MULT_R4_THERYS_VOLON" : -1.4409714239014895, 
"MULT_R5_VALYSAR_THERYS" : -4.769867286697042, 
"MULT_R5_VALYSAR_VOLON" : -5.509091430459648, 
"MULT_R5_THERYS_VOLON" : -3.638901722254464, 
"MULT_R6_VALYSAR_THERYS" : -2.8410763059628996, 
"MULT_R6_VALYSAR_VOLON" : -2.678774747867554, 
"MULT_R6_THERYS_VOLON" : -0.8199897940117109, 
"MULT_R7_VALYSAR_THERYS" : -0.8846198883062759, 
"MULT_R7_VALYSAR_VOLON" : -3.396396829646632, 
"MULT_R7_THERYS_VOLON" : -0.8367578310986998, 
"MULT_R5_THERYS_R2_ALL" : -2.6928255767135467, 
"MULT_R5_THERYS_R6_ALL" : -4.755909849059493
}, 
"RATE" : {
"WWIR_MULT_20180101_A5" : 1.0, 
"WWIR_MULT_20190101_A5" : 1.0, 
"WOPR_MULT_20180101_A1" : 1.0, 
"WWPR_MULT_20180101_A1" : 1.0, 
"WGPR_MULT_20180101_A1" : 1.0
}
}