{
"SWITCHES" : {
"DCONV_ALTERNATIVE" : 2.0, 
"HUM_MODEL_MODE" : 0.0, 
"PETROMODEL_ALTERNATIVE" : 1.0, 
"FACIESMODEL_ALTERNATIVE" : 1.0, 
"FACIES_VALYSAR_SEISCOND" : 1.0, 
"FACIES_THERYS_ALT2" : 1.0
}, 
"GLOBVAR" : {
"KVKH_CHANNEL" : 0.49739164486636805, 
"KVKH_CREVASSE" : 0.30594042300678703, 
"KVKH_US" : 0.6940448327887614, 
"KVKH_LS" : 0.5830640223444326, 
"FWL_CENTRAL" : 1678.7982923659695, 
"FWL_NORTH_HORST" : 1655.474384722317, 
"GOC_NORTH_HORST" : 1643.256572043407, 
"FAULT_SEAL_SCALING" : 1.2304234331544637, 
"RELPERM_INT_WO" : -0.6939579766065611, 
"RELPERM_INT_GO" : -0.35274355710563154, 
"PERMREF_CHANNEL" : 1050.0, 
"PERMREF_CREAVASSE" : 100.0, 
"PERMREF_USHOREFACE" : 1200.0, 
"PERMREF_LSHOREFACE" : 40.0, 
"PERMREF_OFFSHORE" : 2.0, 
"PERMREF_FLOODPLAIN" : 1.0, 
"POROREF_CHANNEL" : 0.24, 
"POROREF_CREAVASSE" : 0.22, 
"POROREF_USHOREFACE" : 0.31, 
"POROREF_LSHOREFACE" : 0.23, 
"POROREF_OFFSHORE" : 0.1, 
"POROREF_FLOODPLAIN" : 0.13, 
"SWLHEIGHT" : 350.0, 
"SIMGRID_MINPV" : 100.0, 
"ISOTREND_ALT1W_VALYSAR" : 0.8846820084522847, 
"ISOTREND_ALT1W_THERYS" : 0.8216760561527623, 
"ISOTREND_ALT1W_VOLON" : 0.5513787893345435, 
"VALYSAR_APS_PROB_CHANNEL" : 0.3758924622811751, 
"THERYS_APS_PROB_LOWSHOREFACE" : 0.35112441071051737, 
"THERYS_APS_PROB_UPSHOREFACE" : 0.299808174775364, 
"VOLON_APS_PROB_CHANNEL" : 0.6888343573478368, 
"VALYSAR_CHANNEL_AZIMUTH" : 70.0, 
"VALYSAR_CHANNEL_WIDTH" : 700.0, 
"VALYSAR_CHANNEL_VOLFRAC" : 0.6, 
"VOLON_FLOODPLAIN_AZIMUTH" : 0.0, 
"VOLON_FLOODPLAIN_VARIOGRAM_RANGE_PARALLEL" : 800.0, 
"VOLON_FLOODPLAIN_VARIOGRAM_RANGE_NORMAL" : 200.0, 
"VOLON_FLOODPLAIN_VOLFRAC" : 0.3, 
"VALYSAR_PORO_CHANNEL" : 0.27, 
"VALYSAR_PORO_CREVASSE" : 0.22, 
"THERYS_PORO_US" : 0.31, 
"THERYS_PORO_LS" : 0.23, 
"VOLON_PORO_CHANNEL" : 0.2, 
"VALYSAR_PERMH_CHANNEL" : 1000.0, 
"VALYSAR_PERMH_CREVASSE" : 100.0, 
"THERYS_PERMH_US" : 1200.0, 
"THERYS_PERMH_LS" : 40.0, 
"VOLON_PERMH_CHANNEL" : 1100.0
}, 
"LOG10_GLOBVAR" : {
"FAULT_SEAL_SCALING" : 0.0900545935828176
}, 
"MULTREGT" : {
"MULT_R1_VALYSAR_THERYS" : 6.638066927300784e-06, 
"MULT_R1_VALYSAR_VOLON" : 0.04940185032910838, 
"MULT_R1_THERYS_VOLON" : 0.011852437070982158, 
"MULT_R2_VALYSAR_THERYS" : 0.0004862743008585666, 
"MULT_R2_VALYSAR_VOLON" : 0.02455077392303102, 
"MULT_R2_THERYS_VOLON" : 0.0003560819304431778, 
"MULT_R3_VALYSAR_THERYS" : 4.333471802891887e-05, 
"MULT_R3_VALYSAR_VOLON" : 0.7382608987799695, 
"MULT_R3_THERYS_VOLON" : 0.19245971890650318, 
"MULT_R4_VALYSAR_THERYS" : 3.614237059610784e-05, 
"MULT_R4_VALYSAR_VOLON" : 0.000585881450214762, 
"MULT_R4_THERYS_VOLON" : 1.7939614808295398e-05, 
"MULT_R5_VALYSAR_THERYS" : 1.9813357965186686e-06, 
"MULT_R5_VALYSAR_VOLON" : 0.007388143631763657, 
"MULT_R5_THERYS_VOLON" : 0.005317464842652959, 
"MULT_R6_VALYSAR_THERYS" : 0.00017089769852557214, 
"MULT_R6_VALYSAR_VOLON" : 0.06745288754860793, 
"MULT_R6_THERYS_VOLON" : 0.009403169074083772, 
"MULT_R7_VALYSAR_THERYS" : 0.18308455118626507, 
"MULT_R7_VALYSAR_VOLON" : 0.0564641696098085, 
"MULT_R7_THERYS_VOLON" : 3.05814127897313e-06, 
"MULT_R5_THERYS_R2_ALL" : 0.0046230877616883, 
"MULT_R5_THERYS_R6_ALL" : 4.259601422198104e-05
}, 
"LOG10_MULTREGT" : {
"MULT_R1_VALYSAR_THERYS" : -5.177958373197241, 
"MULT_R1_VALYSAR_VOLON" : -1.3062567844230688, 
"MULT_R1_THERYS_VOLON" : -1.926192341834591, 
"MULT_R2_VALYSAR_THERYS" : -3.313118681882024, 
"MULT_R2_VALYSAR_VOLON" : -1.6099348129013356, 
"MULT_R2_THERYS_VOLON" : -3.4484500642587084, 
"MULT_R3_VALYSAR_THERYS" : -4.363164024965657, 
"MULT_R3_VALYSAR_VOLON" : -0.13179013292358577, 
"MULT_R3_THERYS_VOLON" : -0.7156601528422447, 
"MULT_R4_VALYSAR_THERYS" : -4.441983365249248, 
"MULT_R4_VALYSAR_VOLON" : -3.2321902521152017, 
"MULT_R4_THERYS_VOLON" : -4.746186886176415, 
"MULT_R5_VALYSAR_THERYS" : -5.70304191405439, 
"MULT_R5_VALYSAR_VOLON" : -2.13146467009752, 
"MULT_R5_THERYS_VOLON" : -2.2742953728295197, 
"MULT_R6_VALYSAR_THERYS" : -3.7672637858712728, 
"MULT_R6_VALYSAR_VOLON" : -1.1709994541524265, 
"MULT_R6_THERYS_VOLON" : -2.0267257549707574, 
"MULT_R7_VALYSAR_THERYS" : -0.7373483002511076, 
"MULT_R7_VALYSAR_VOLON" : -1.2482270544273393, 
"MULT_R7_THERYS_VOLON" : -5.5145424550711315, 
"MULT_R5_THERYS_R2_ALL" : -2.3350678621199585, 
"MULT_R5_THERYS_R6_ALL" : -4.3706310366339824
}, 
"RATE" : {
"WWIR_MULT_20180101_A5" : 1.0, 
"WWIR_MULT_20190101_A5" : 1.0, 
"WOPR_MULT_20180101_A1" : 1.0, 
"WWPR_MULT_20180101_A1" : 1.0, 
"WGPR_MULT_20180101_A1" : 1.0
}
}