{
"SWITCHES" : {
"DCONV_ALTERNATIVE" : 2.0, 
"HUM_MODEL_MODE" : 0.0, 
"PETROMODEL_ALTERNATIVE" : 1.0, 
"FACIESMODEL_ALTERNATIVE" : 1.0, 
"FACIES_VALYSAR_SEISCOND" : 1.0, 
"FACIES_THERYS_ALT2" : 1.0
}, 
"GLOBVAR" : {
"KVKH_CHANNEL" : 0.777765470904354, 
"KVKH_CREVASSE" : 0.1383537936083488, 
"KVKH_US" : 0.7228350265373529, 
"KVKH_LS" : 0.61161703843744, 
"FWL_CENTRAL" : 1681.3722523131562, 
"FWL_NORTH_HORST" : 1659.6498282957134, 
"GOC_NORTH_HORST" : 1638.584855472472, 
"FAULT_SEAL_SCALING" : 1.5264148740146275, 
"RELPERM_INT_WO" : 0.4459441500783283, 
"RELPERM_INT_GO" : -0.29643993860293283, 
"PERMREF_CHANNEL" : 1050.0, 
"PERMREF_CREAVASSE" : 100.0, 
"PERMREF_USHOREFACE" : 1200.0, 
"PERMREF_LSHOREFACE" : 40.0, 
"PERMREF_OFFSHORE" : 2.0, 
"PERMREF_FLOODPLAIN" : 1.0, 
"POROREF_CHANNEL" : 0.24, 
"POROREF_CREAVASSE" : 0.22, 
"POROREF_USHOREFACE" : 0.31, 
"POROREF_LSHOREFACE" : 0.23, 
"POROREF_OFFSHORE" : 0.1, 
"POROREF_FLOODPLAIN" : 0.13, 
"SWLHEIGHT" : 350.0, 
"SIMGRID_MINPV" : 100.0, 
"ISOTREND_ALT1W_VALYSAR" : 0.8209832832972419, 
"ISOTREND_ALT1W_THERYS" : 0.8149776438535982, 
"ISOTREND_ALT1W_VOLON" : 0.5392893042869054, 
"VALYSAR_APS_PROB_CHANNEL" : 0.3935114693890148, 
"THERYS_APS_PROB_LOWSHOREFACE" : 0.31398040187459547, 
"THERYS_APS_PROB_UPSHOREFACE" : 0.1378140630446319, 
"VOLON_APS_PROB_CHANNEL" : 0.6983188808889222, 
"VALYSAR_CHANNEL_AZIMUTH" : 70.0, 
"VALYSAR_CHANNEL_WIDTH" : 700.0, 
"VALYSAR_CHANNEL_VOLFRAC" : 0.6, 
"VOLON_FLOODPLAIN_AZIMUTH" : 0.0, 
"VOLON_FLOODPLAIN_VARIOGRAM_RANGE_PARALLEL" : 800.0, 
"VOLON_FLOODPLAIN_VARIOGRAM_RANGE_NORMAL" : 200.0, 
"VOLON_FLOODPLAIN_VOLFRAC" : 0.3, 
"VALYSAR_PORO_CHANNEL" : 0.27, 
"VALYSAR_PORO_CREVASSE" : 0.22, 
"THERYS_PORO_US" : 0.31, 
"THERYS_PORO_LS" : 0.23, 
"VOLON_PORO_CHANNEL" : 0.2, 
"VALYSAR_PERMH_CHANNEL" : 1000.0, 
"VALYSAR_PERMH_CREVASSE" : 100.0, 
"THERYS_PERMH_US" : 1200.0, 
"THERYS_PERMH_LS" : 40.0, 
"VOLON_PERMH_CHANNEL" : 1100.0
}, 
"LOG10_GLOBVAR" : {
"FAULT_SEAL_SCALING" : 0.18367258932477576
}, 
"MULTREGT" : {
"MULT_R1_VALYSAR_THERYS" : 0.0022494639171135073, 
"MULT_R1_VALYSAR_VOLON" : 2.2724265412986356e-05, 
"MULT_R1_THERYS_VOLON" : 0.008097270360756064, 
"MULT_R2_VALYSAR_THERYS" : 0.001641217242362067, 
"MULT_R2_VALYSAR_VOLON" : 1.6713951429151932e-05, 
"MULT_R2_THERYS_VOLON" : 0.00040887647264252437, 
"MULT_R3_VALYSAR_THERYS" : 0.007928871864130547, 
"MULT_R3_VALYSAR_VOLON" : 0.03206733817385149, 
"MULT_R3_THERYS_VOLON" : 7.975915232935302e-05, 
"MULT_R4_VALYSAR_THERYS" : 5.940079903695324e-05, 
"MULT_R4_VALYSAR_VOLON" : 3.746696873620514e-05, 
"MULT_R4_THERYS_VOLON" : 6.02513400376807e-06, 
"MULT_R5_VALYSAR_THERYS" : 2.7821692184074484e-06, 
"MULT_R5_VALYSAR_VOLON" : 0.0005214041859335653, 
"MULT_R5_THERYS_VOLON" : 0.00448093080800849, 
"MULT_R6_VALYSAR_THERYS" : 5.282647592979126e-06, 
"MULT_R6_VALYSAR_VOLON" : 4.3713389887205576e-05, 
"MULT_R6_THERYS_VOLON" : 0.0008697716512171758, 
"MULT_R7_VALYSAR_THERYS" : 0.04868619058112296, 
"MULT_R7_VALYSAR_VOLON" : 8.771972422439055e-06, 
"MULT_R7_THERYS_VOLON" : 2.1004765050636507e-05, 
"MULT_R5_THERYS_R2_ALL" : 0.0010075008226981483, 
"MULT_R5_THERYS_R6_ALL" : 2.3804237711891818e-05
}, 
"LOG10_MULTREGT" : {
"MULT_R1_VALYSAR_THERYS" : -2.647920968812785, 
"MULT_R1_VALYSAR_VOLON" : -4.6435101469285645, 
"MULT_R1_THERYS_VOLON" : -2.0916613597698563, 
"MULT_R2_VALYSAR_THERYS" : -2.7848339290537933, 
"MULT_R2_VALYSAR_VOLON" : -4.776920864229509, 
"MULT_R2_THERYS_VOLON" : -3.3884078786740655, 
"MULT_R3_VALYSAR_THERYS" : -2.1007886005810517, 
"MULT_R3_VALYSAR_VOLON" : -1.49393708822827, 
"MULT_R3_THERYS_VOLON" : -4.098219470301224, 
"MULT_R4_VALYSAR_THERYS" : -4.226207713015344, 
"MULT_R4_VALYSAR_VOLON" : -4.426351442064782, 
"MULT_R4_THERYS_VOLON" : -5.220033289591293, 
"MULT_R5_VALYSAR_THERYS" : -5.555616458676968, 
"MULT_R5_VALYSAR_VOLON" : -3.2828254865536666, 
"MULT_R5_THERYS_VOLON" : -2.3486317621641954, 
"MULT_R6_VALYSAR_THERYS" : -5.277148360263162, 
"MULT_R6_VALYSAR_VOLON" : -4.359385513523554, 
"MULT_R6_THERYS_VOLON" : -3.0605947515575385, 
"MULT_R7_VALYSAR_THERYS" : -1.3125942052101123, 
"MULT_R7_VALYSAR_VOLON" : -5.056902742338948, 
"MULT_R7_THERYS_VOLON" : -4.6776821719114094, 
"MULT_R5_THERYS_R2_ALL" : -2.9967545905534827, 
"MULT_R5_THERYS_R6_ALL" : -4.623345721470281
}, 
"RATE" : {
"WWIR_MULT_20180101_A5" : 1.0, 
"WWIR_MULT_20190101_A5" : 1.0, 
"WOPR_MULT_20180101_A1" : 1.0, 
"WWPR_MULT_20180101_A1" : 1.0, 
"WGPR_MULT_20180101_A1" : 1.0
}
}