{
"SWITCHES" : {
"DCONV_ALTERNATIVE" : 2.0, 
"HUM_MODEL_MODE" : 0.0, 
"PETROMODEL_ALTERNATIVE" : 1.0, 
"FACIESMODEL_ALTERNATIVE" : 1.0, 
"FACIES_VALYSAR_SEISCOND" : 1.0, 
"FACIES_THERYS_ALT2" : 1.0
}, 
"GLOBVAR" : {
"KVKH_CHANNEL" : 0.6278697533716553, 
"KVKH_CREVASSE" : 0.20255312327155617, 
"KVKH_US" : 0.7777230570446046, 
"KVKH_LS" : 0.5497418304820397, 
"FWL_CENTRAL" : 1674.9892549988829, 
"FWL_NORTH_HORST" : 1658.6952753733958, 
"GOC_NORTH_HORST" : 1640.451036912119, 
"FAULT_SEAL_SCALING" : 8.846376363157509, 
"RELPERM_INT_WO" : -0.4097121191335438, 
"RELPERM_INT_GO" : 0.7188190898625315, 
"PERMREF_CHANNEL" : 1050.0, 
"PERMREF_CREAVASSE" : 100.0, 
"PERMREF_USHOREFACE" : 1200.0, 
"PERMREF_LSHOREFACE" : 40.0, 
"PERMREF_OFFSHORE" : 2.0, 
"PERMREF_FLOODPLAIN" : 1.0, 
"POROREF_CHANNEL" : 0.24, 
"POROREF_CREAVASSE" : 0.22, 
"POROREF_USHOREFACE" : 0.31, 
"POROREF_LSHOREFACE" : 0.23, 
"POROREF_OFFSHORE" : 0.1, 
"POROREF_FLOODPLAIN" : 0.13, 
"SWLHEIGHT" : 350.0, 
"SIMGRID_MINPV" : 100.0, 
"ISOTREND_ALT1W_VALYSAR" : 0.9759356982119285, 
"ISOTREND_ALT1W_THERYS" : 0.9475217268556219, 
"ISOTREND_ALT1W_VOLON" : 0.4910299460642531, 
"VALYSAR_APS_PROB_CHANNEL" : 0.3248462245799324, 
"THERYS_APS_PROB_LOWSHOREFACE" : 0.2680753648916201, 
"THERYS_APS_PROB_UPSHOREFACE" : 0.2590196299920188, 
"VOLON_APS_PROB_CHANNEL" : 0.6497763720905939, 
"VALYSAR_CHANNEL_AZIMUTH" : 70.0, 
"VALYSAR_CHANNEL_WIDTH" : 700.0, 
"VALYSAR_CHANNEL_VOLFRAC" : 0.6, 
"VOLON_FLOODPLAIN_AZIMUTH" : 0.0, 
"VOLON_FLOODPLAIN_VARIOGRAM_RANGE_PARALLEL" : 800.0, 
"VOLON_FLOODPLAIN_VARIOGRAM_RANGE_NORMAL" : 200.0, 
"VOLON_FLOODPLAIN_VOLFRAC" : 0.3, 
"VALYSAR_PORO_CHANNEL" : 0.27, 
"VALYSAR_PORO_CREVASSE" : 0.22, 
"THERYS_PORO_US" : 0.31, 
"THERYS_PORO_LS" : 0.23, 
"VOLON_PORO_CHANNEL" : 0.2, 
"VALYSAR_PERMH_CHANNEL" : 1000.0, 
"VALYSAR_PERMH_CREVASSE" : 100.0, 
"THERYS_PERMH_US" : 1200.0, 
"THERYS_PERMH_LS" : 40.0, 
"VOLON_PERMH_CHANNEL" : 1100.0
}, 
"LOG10_GLOBVAR" : {
"FAULT_SEAL_SCALING" : 0.9467654121945007
}, 
"MULTREGT" : {
"MULT_R1_VALYSAR_THERYS" : 0.0006413207110788831, 
"MULT_R1_VALYSAR_VOLON" : 0.08989676042425843, 
"MULT_R1_THERYS_VOLON" : 0.1195345681576998, 
"MULT_R2_VALYSAR_THERYS" : 1.6644661440312103e-06, 
"MULT_R2_VALYSAR_VOLON" : 0.0002881035654595739, 
"MULT_R2_THERYS_VOLON" : 0.00934106124172464, 
"MULT_R3_VALYSAR_THERYS" : 0.0029672645887598038, 
"MULT_R3_VALYSAR_VOLON" : 0.007757199303494884, 
"MULT_R3_THERYS_VOLON" : 0.02585707712717037, 
"MULT_R4_VALYSAR_THERYS" : 0.00017472103715731246, 
"MULT_R4_VALYSAR_VOLON" : 0.31440869418372697, 
"MULT_R4_THERYS_VOLON" : 0.0036142760483928284, 
"MULT_R5_VALYSAR_THERYS" : 0.00012411814486288673, 
"MULT_R5_VALYSAR_VOLON" : 2.4131430252280638e-05, 
"MULT_R5_THERYS_VOLON" : 2.1431328399273946e-05, 
"MULT_R6_VALYSAR_THERYS" : 0.01838269470711234, 
"MULT_R6_VALYSAR_VOLON" : 5.178485185349197e-06, 
"MULT_R6_THERYS_VOLON" : 0.001179782019626184, 
"MULT_R7_VALYSAR_THERYS" : 0.0013379029539733402, 
"MULT_R7_VALYSAR_VOLON" : 0.001070292245848081, 
"MULT_R7_THERYS_VOLON" : 0.0008356872376473229, 
"MULT_R5_THERYS_R2_ALL" : 0.0037061776211890127, 
"MULT_R5_THERYS_R6_ALL" : 0.0008120466785827799
}, 
"LOG10_MULTREGT" : {
"MULT_R1_VALYSAR_THERYS" : -3.1929247345689102, 
"MULT_R1_VALYSAR_VOLON" : -1.0462559584916706, 
"MULT_R1_THERYS_VOLON" : -0.9225064830910567, 
"MULT_R2_VALYSAR_THERYS" : -5.778725034157035, 
"MULT_R2_VALYSAR_VOLON" : -3.5404513670238673, 
"MULT_R2_THERYS_VOLON" : -2.0296037805961427, 
"MULT_R3_VALYSAR_THERYS" : -2.5276437262429794, 
"MULT_R3_VALYSAR_VOLON" : -2.110295050209017, 
"MULT_R3_THERYS_VOLON" : -1.5874205691417815, 
"MULT_R4_VALYSAR_THERYS" : -3.7576548009627606, 
"MULT_R4_VALYSAR_VOLON" : -0.5025054531421361, 
"MULT_R4_THERYS_VOLON" : -2.4419786802987904, 
"MULT_R5_VALYSAR_THERYS" : -3.906164724240244, 
"MULT_R5_VALYSAR_VOLON" : -4.617416937011011, 
"MULT_R5_THERYS_VOLON" : -4.668950908818447, 
"MULT_R6_VALYSAR_THERYS" : -1.7355908253411723, 
"MULT_R6_VALYSAR_VOLON" : -5.285797261848535, 
"MULT_R6_THERYS_VOLON" : -2.928198226946863, 
"MULT_R7_VALYSAR_THERYS" : -2.8735753873771652, 
"MULT_R7_VALYSAR_VOLON" : -2.9704976209787195, 
"MULT_R7_THERYS_VOLON" : -3.0779562301909285, 
"MULT_R5_THERYS_R2_ALL" : -2.4310737706475214, 
"MULT_R5_THERYS_R6_ALL" : -3.0904190056501273
}, 
"RATE" : {
"WWIR_MULT_20180101_A5" : 1.0, 
"WWIR_MULT_20190101_A5" : 1.0, 
"WOPR_MULT_20180101_A1" : 1.0, 
"WWPR_MULT_20180101_A1" : 1.0, 
"WGPR_MULT_20180101_A1" : 1.0
}
}