{
"SWITCHES" : {
"DCONV_ALTERNATIVE" : 2.0, 
"HUM_MODEL_MODE" : 0.0, 
"PETROMODEL_ALTERNATIVE" : 1.0, 
"FACIESMODEL_ALTERNATIVE" : 1.0, 
"FACIES_VALYSAR_SEISCOND" : 1.0, 
"FACIES_THERYS_ALT2" : 1.0
}, 
"GLOBVAR" : {
"KVKH_CHANNEL" : 0.6087528039439376, 
"KVKH_CREVASSE" : 0.30096288238137714, 
"KVKH_US" : 0.4095998238732789, 
"KVKH_LS" : 0.8078680520473733, 
"FWL_CENTRAL" : 1675.9186936092385, 
"FWL_NORTH_HORST" : 1657.8922153644, 
"GOC_NORTH_HORST" : 1635.512553694654, 
"FAULT_SEAL_SCALING" : 0.44382558236081854, 
"RELPERM_INT_WO" : 0.12503954265262984, 
"RELPERM_INT_GO" : -0.2188259422755474, 
"PERMREF_CHANNEL" : 1050.0, 
"PERMREF_CREAVASSE" : 100.0, 
"PERMREF_USHOREFACE" : 1200.0, 
"PERMREF_LSHOREFACE" : 40.0, 
"PERMREF_OFFSHORE" : 2.0, 
"PERMREF_FLOODPLAIN" : 1.0, 
"POROREF_CHANNEL" : 0.24, 
"POROREF_CREAVASSE" : 0.22, 
"POROREF_USHOREFACE" : 0.31, 
"POROREF_LSHOREFACE" : 0.23, 
"POROREF_OFFSHORE" : 0.1, 
"POROREF_FLOODPLAIN" : 0.13, 
"SWLHEIGHT" : 350.0, 
"SIMGRID_MINPV" : 100.0, 
"ISOTREND_ALT1W_VALYSAR" : 0.9346673872779323, 
"ISOTREND_ALT1W_THERYS" : 0.9134136482293091, 
"ISOTREND_ALT1W_VOLON" : 0.46074971198704323, 
"VALYSAR_APS_PROB_CHANNEL" : 0.24666541128390082, 
"THERYS_APS_PROB_LOWSHOREFACE" : 0.2245780749808018, 
"THERYS_APS_PROB_UPSHOREFACE" : 0.1502936238574733, 
"VOLON_APS_PROB_CHANNEL" : 0.5467927684856588, 
"VALYSAR_CHANNEL_AZIMUTH" : 70.0, 
"VALYSAR_CHANNEL_WIDTH" : 700.0, 
"VALYSAR_CHANNEL_VOLFRAC" : 0.6, 
"VOLON_FLOODPLAIN_AZIMUTH" : 0.0, 
"VOLON_FLOODPLAIN_VARIOGRAM_RANGE_PARALLEL" : 800.0, 
"VOLON_FLOODPLAIN_VARIOGRAM_RANGE_NORMAL" : 200.0, 
"VOLON_FLOODPLAIN_VOLFRAC" : 0.3, 
"VALYSAR_PORO_CHANNEL" : 0.27, 
"VALYSAR_PORO_CREVASSE" : 0.22, 
"THERYS_PORO_US" : 0.31, 
"THERYS_PORO_LS" : 0.23, 
"VOLON_PORO_CHANNEL" : 0.2, 
"VALYSAR_PERMH_CHANNEL" : 1000.0, 
"VALYSAR_PERMH_CREVASSE" : 100.0, 
"THERYS_PERMH_US" : 1200.0, 
"THERYS_PERMH_LS" : 40.0, 
"VOLON_PERMH_CHANNEL" : 1100.0
}, 
"LOG10_GLOBVAR" : {
"FAULT_SEAL_SCALING" : -0.35278766839979686
}, 
"MULTREGT" : {
"MULT_R1_VALYSAR_THERYS" : 0.0038857378856463356, 
"MULT_R1_VALYSAR_VOLON" : 1.12544760261274e-06, 
"MULT_R1_THERYS_VOLON" : 0.03738611094277645, 
"MULT_R2_VALYSAR_THERYS" : 0.016476764634071404, 
"MULT_R2_VALYSAR_VOLON" : 1.6693988377122153e-06, 
"MULT_R2_THERYS_VOLON" : 0.0010175424049541039, 
"MULT_R3_VALYSAR_THERYS" : 3.852197717869622e-06, 
"MULT_R3_VALYSAR_VOLON" : 4.505212447662276e-06, 
"MULT_R3_THERYS_VOLON" : 0.0028017767563103223, 
"MULT_R4_VALYSAR_THERYS" : 0.00013077550534161474, 
"MULT_R4_VALYSAR_VOLON" : 5.172581198839776e-05, 
"MULT_R4_THERYS_VOLON" : 0.005327671291069309, 
"MULT_R5_VALYSAR_THERYS" : 0.002585623579117968, 
"MULT_R5_VALYSAR_VOLON" : 0.005662262463925893, 
"MULT_R5_THERYS_VOLON" : 0.0027489504309197417, 
"MULT_R6_VALYSAR_THERYS" : 0.01684174253905125, 
"MULT_R6_VALYSAR_VOLON" : 0.005556528867833973, 
"MULT_R6_THERYS_VOLON" : 0.40092551837012785, 
"MULT_R7_VALYSAR_THERYS" : 0.7536282112805607, 
"MULT_R7_VALYSAR_VOLON" : 0.002050896374399719, 
"MULT_R7_THERYS_VOLON" : 0.9377368282475638, 
"MULT_R5_THERYS_R2_ALL" : 0.00047423461746279186, 
"MULT_R5_THERYS_R6_ALL" : 0.0002632419130645314
}, 
"LOG10_MULTREGT" : {
"MULT_R1_VALYSAR_THERYS" : -2.4105264982953534, 
"MULT_R1_VALYSAR_VOLON" : -5.948674719611366, 
"MULT_R1_THERYS_VOLON" : -1.427289709596706, 
"MULT_R2_VALYSAR_THERYS" : -1.7831280620268322, 
"MULT_R2_VALYSAR_VOLON" : -5.7774398932040985, 
"MULT_R2_THERYS_VOLON" : -2.9924474829834997, 
"MULT_R3_VALYSAR_THERYS" : -5.414291430380294, 
"MULT_R3_VALYSAR_VOLON" : -5.346284724624548, 
"MULT_R3_THERYS_VOLON" : -2.552566471964248, 
"MULT_R4_VALYSAR_THERYS" : -3.8834735931001765, 
"MULT_R4_VALYSAR_VOLON" : -4.286292683082476, 
"MULT_R4_THERYS_VOLON" : -2.2734625782969493, 
"MULT_R5_VALYSAR_THERYS" : -2.5874347004189167, 
"MULT_R5_VALYSAR_VOLON" : -2.247010003569847, 
"MULT_R5_THERYS_VOLON" : -2.5608330912849855, 
"MULT_R6_VALYSAR_THERYS" : -1.7736129760226484, 
"MULT_R6_VALYSAR_VOLON" : -2.255196425020279, 
"MULT_R6_THERYS_VOLON" : -0.39693630060995855, 
"MULT_R7_VALYSAR_THERYS" : -0.12284285255308824, 
"MULT_R7_VALYSAR_VOLON" : -2.688056282665922, 
"MULT_R7_THERYS_VOLON" : -0.027919027374067446, 
"MULT_R5_THERYS_R2_ALL" : -3.3240067472276453, 
"MULT_R5_THERYS_R6_ALL" : -3.5796449617014345
}, 
"RATE" : {
"WWIR_MULT_20180101_A5" : 1.0, 
"WWIR_MULT_20190101_A5" : 1.0, 
"WOPR_MULT_20180101_A1" : 1.0, 
"WWPR_MULT_20180101_A1" : 1.0, 
"WGPR_MULT_20180101_A1" : 1.0
}
}