{
"SWITCHES" : {
"DCONV_ALTERNATIVE" : 2.0, 
"HUM_MODEL_MODE" : 0.0, 
"PETROMODEL_ALTERNATIVE" : 1.0, 
"FACIESMODEL_ALTERNATIVE" : 1.0, 
"FACIES_VALYSAR_SEISCOND" : 1.0, 
"FACIES_THERYS_ALT2" : 1.0
}, 
"GLOBVAR" : {
"KVKH_CHANNEL" : 0.5352435265820776, 
"KVKH_CREVASSE" : 0.38190363806438754, 
"KVKH_US" : 0.42347831988243784, 
"KVKH_LS" : 0.6890626293583648, 
"FWL_CENTRAL" : 1677.632854677281, 
"FWL_NORTH_HORST" : 1662.4630077913982, 
"GOC_NORTH_HORST" : 1637.0612318745907, 
"FAULT_SEAL_SCALING" : 0.31171502211282714, 
"RELPERM_INT_WO" : -0.018505166934295936, 
"RELPERM_INT_GO" : -0.5690040359477001, 
"PERMREF_CHANNEL" : 1050.0, 
"PERMREF_CREAVASSE" : 100.0, 
"PERMREF_USHOREFACE" : 1200.0, 
"PERMREF_LSHOREFACE" : 40.0, 
"PERMREF_OFFSHORE" : 2.0, 
"PERMREF_FLOODPLAIN" : 1.0, 
"POROREF_CHANNEL" : 0.24, 
"POROREF_CREAVASSE" : 0.22, 
"POROREF_USHOREFACE" : 0.31, 
"POROREF_LSHOREFACE" : 0.23, 
"POROREF_OFFSHORE" : 0.1, 
"POROREF_FLOODPLAIN" : 0.13, 
"SWLHEIGHT" : 350.0, 
"SIMGRID_MINPV" : 100.0, 
"ISOTREND_ALT1W_VALYSAR" : 0.829703782663373, 
"ISOTREND_ALT1W_THERYS" : 0.9255026656782745, 
"ISOTREND_ALT1W_VOLON" : 0.4363752362119674, 
"VALYSAR_APS_PROB_CHANNEL" : 0.43027440111099446, 
"THERYS_APS_PROB_LOWSHOREFACE" : 0.2554015991731379, 
"THERYS_APS_PROB_UPSHOREFACE" : 0.2676743302952366, 
"VOLON_APS_PROB_CHANNEL" : 0.677918030545823, 
"VALYSAR_CHANNEL_AZIMUTH" : 70.0, 
"VALYSAR_CHANNEL_WIDTH" : 700.0, 
"VALYSAR_CHANNEL_VOLFRAC" : 0.6, 
"VOLON_FLOODPLAIN_AZIMUTH" : 0.0, 
"VOLON_FLOODPLAIN_VARIOGRAM_RANGE_PARALLEL" : 800.0, 
"VOLON_FLOODPLAIN_VARIOGRAM_RANGE_NORMAL" : 200.0, 
"VOLON_FLOODPLAIN_VOLFRAC" : 0.3, 
"VALYSAR_PORO_CHANNEL" : 0.27, 
"VALYSAR_PORO_CREVASSE" : 0.22, 
"THERYS_PORO_US" : 0.31, 
"THERYS_PORO_LS" : 0.23, 
"VOLON_PORO_CHANNEL" : 0.2, 
"VALYSAR_PERMH_CHANNEL" : 1000.0, 
"VALYSAR_PERMH_CREVASSE" : 100.0, 
"THERYS_PERMH_US" : 1200.0, 
"THERYS_PERMH_LS" : 40.0, 
"VOLON_PERMH_CHANNEL" : 1100.0
}, 
"LOG10_GLOBVAR" : {
"FAULT_SEAL_SCALING" : -0.5062422677792954
}, 
"MULTREGT" : {
"MULT_R1_VALYSAR_THERYS" : 0.00026010546773847935, 
"MULT_R1_VALYSAR_VOLON" : 0.00023054480679749416, 
"MULT_R1_THERYS_VOLON" : 0.00028306512872627225, 
"MULT_R2_VALYSAR_THERYS" : 0.000317748051214048, 
"MULT_R2_VALYSAR_VOLON" : 0.12514721158456454, 
"MULT_R2_THERYS_VOLON" : 1.315645511338582e-05, 
"MULT_R3_VALYSAR_THERYS" : 0.005915068119984153, 
"MULT_R3_VALYSAR_VOLON" : 2.010485048235478e-05, 
"MULT_R3_THERYS_VOLON" : 9.915693920493917e-06, 
"MULT_R4_VALYSAR_THERYS" : 1.5257187486850875e-05, 
"MULT_R4_VALYSAR_VOLON" : 7.129147284748628e-06, 
"MULT_R4_THERYS_VOLON" : 1.6965782838220044e-05, 
"MULT_R5_VALYSAR_THERYS" : 0.0012981070804340107, 
"MULT_R5_VALYSAR_VOLON" : 0.09782671668256346, 
"MULT_R5_THERYS_VOLON" : 6.002849380539679e-05, 
"MULT_R6_VALYSAR_THERYS" : 4.086012074478427e-05, 
"MULT_R6_VALYSAR_VOLON" : 0.029738202803421727, 
"MULT_R6_THERYS_VOLON" : 0.00897023870338181, 
"MULT_R7_VALYSAR_THERYS" : 0.020827366589570736, 
"MULT_R7_VALYSAR_VOLON" : 0.04165657787933595, 
"MULT_R7_THERYS_VOLON" : 3.4279068888080964e-05, 
"MULT_R5_THERYS_R2_ALL" : 9.182861364158107e-06, 
"MULT_R5_THERYS_R6_ALL" : 0.003762454343085195
}, 
"LOG10_MULTREGT" : {
"MULT_R1_VALYSAR_THERYS" : -3.584850518301277, 
"MULT_R1_VALYSAR_VOLON" : -3.6372446561580567, 
"MULT_R1_THERYS_VOLON" : -3.548113628814165, 
"MULT_R2_VALYSAR_THERYS" : -3.497917104344625, 
"MULT_R2_VALYSAR_VOLON" : -0.9025788224994485, 
"MULT_R2_THERYS_VOLON" : -4.880861111640172, 
"MULT_R3_VALYSAR_THERYS" : -2.228040249520772, 
"MULT_R3_VALYSAR_VOLON" : -4.696699152351158, 
"MULT_R3_THERYS_VOLON" : -5.003676887581114, 
"MULT_R4_VALYSAR_THERYS" : -4.8165255169392, 
"MULT_R4_VALYSAR_VOLON" : -5.146962412879541, 
"MULT_R4_THERYS_VOLON" : -4.770426096261993, 
"MULT_R5_VALYSAR_THERYS" : -2.886689481246366, 
"MULT_R5_VALYSAR_VOLON" : -1.0095425222749903, 
"MULT_R5_THERYS_VOLON" : -4.221642553532536, 
"MULT_R6_VALYSAR_THERYS" : -4.388700354328239, 
"MULT_R6_VALYSAR_VOLON" : -1.5266852811449685, 
"MULT_R6_THERYS_VOLON" : -2.0471959999679266, 
"MULT_R7_VALYSAR_THERYS" : -1.681365638737712, 
"MULT_R7_VALYSAR_VOLON" : -1.380316410556437, 
"MULT_R7_THERYS_VOLON" : -4.464970983197509, 
"MULT_R5_THERYS_R2_ALL" : -5.037021972280587, 
"MULT_R5_THERYS_R6_ALL" : -2.4245287614755666
}, 
"RATE" : {
"WWIR_MULT_20180101_A5" : 1.0, 
"WWIR_MULT_20190101_A5" : 1.0, 
"WOPR_MULT_20180101_A1" : 1.0, 
"WWPR_MULT_20180101_A1" : 1.0, 
"WGPR_MULT_20180101_A1" : 1.0
}
}