{
"SWITCHES" : {
"DCONV_ALTERNATIVE" : 2.0, 
"HUM_MODEL_MODE" : 0.0, 
"PETROMODEL_ALTERNATIVE" : 1.0, 
"FACIESMODEL_ALTERNATIVE" : 1.0, 
"FACIES_VALYSAR_SEISCOND" : 1.0, 
"FACIES_THERYS_ALT2" : 1.0
}, 
"GLOBVAR" : {
"KVKH_CHANNEL" : 0.6863961094775608, 
"KVKH_CREVASSE" : 0.433466201522153, 
"KVKH_US" : 0.42892012433769217, 
"KVKH_LS" : 0.7657835467328216, 
"FWL_CENTRAL" : 1672.659577070215, 
"FWL_NORTH_HORST" : 1657.8216418749842, 
"GOC_NORTH_HORST" : 1643.2970524755458, 
"FAULT_SEAL_SCALING" : 4.115042546854801, 
"RELPERM_INT_WO" : -0.2808740178393223, 
"RELPERM_INT_GO" : 0.68444474584809, 
"PERMREF_CHANNEL" : 1050.0, 
"PERMREF_CREAVASSE" : 100.0, 
"PERMREF_USHOREFACE" : 1200.0, 
"PERMREF_LSHOREFACE" : 40.0, 
"PERMREF_OFFSHORE" : 2.0, 
"PERMREF_FLOODPLAIN" : 1.0, 
"POROREF_CHANNEL" : 0.24, 
"POROREF_CREAVASSE" : 0.22, 
"POROREF_USHOREFACE" : 0.31, 
"POROREF_LSHOREFACE" : 0.23, 
"POROREF_OFFSHORE" : 0.1, 
"POROREF_FLOODPLAIN" : 0.13, 
"SWLHEIGHT" : 350.0, 
"SIMGRID_MINPV" : 100.0, 
"ISOTREND_ALT1W_VALYSAR" : 0.8973588402022926, 
"ISOTREND_ALT1W_THERYS" : 0.861582487658552, 
"ISOTREND_ALT1W_VOLON" : 0.41062234063997083, 
"VALYSAR_APS_PROB_CHANNEL" : 0.3554398232155809, 
"THERYS_APS_PROB_LOWSHOREFACE" : 0.35723559270246896, 
"THERYS_APS_PROB_UPSHOREFACE" : 0.29142652175150374, 
"VOLON_APS_PROB_CHANNEL" : 0.710968751015584, 
"VALYSAR_CHANNEL_AZIMUTH" : 70.0, 
"VALYSAR_CHANNEL_WIDTH" : 700.0, 
"VALYSAR_CHANNEL_VOLFRAC" : 0.6, 
"VOLON_FLOODPLAIN_AZIMUTH" : 0.0, 
"VOLON_FLOODPLAIN_VARIOGRAM_RANGE_PARALLEL" : 800.0, 
"VOLON_FLOODPLAIN_VARIOGRAM_RANGE_NORMAL" : 200.0, 
"VOLON_FLOODPLAIN_VOLFRAC" : 0.3, 
"VALYSAR_PORO_CHANNEL" : 0.27, 
"VALYSAR_PORO_CREVASSE" : 0.22, 
"THERYS_PORO_US" : 0.31, 
"THERYS_PORO_LS" : 0.23, 
"VOLON_PORO_CHANNEL" : 0.2, 
"VALYSAR_PERMH_CHANNEL" : 1000.0, 
"VALYSAR_PERMH_CREVASSE" : 100.0, 
"THERYS_PERMH_US" : 1200.0, 
"THERYS_PERMH_LS" : 40.0, 
"VOLON_PERMH_CHANNEL" : 1100.0
}, 
"LOG10_GLOBVAR" : {
"FAULT_SEAL_SCALING" : 0.6143743298930607
}, 
"MULTREGT" : {
"MULT_R1_VALYSAR_THERYS" : 0.0038479641830713013, 
"MULT_R1_VALYSAR_VOLON" : 0.0004081819841752221, 
"MULT_R1_THERYS_VOLON" : 0.0006444792268952095, 
"MULT_R2_VALYSAR_THERYS" : 0.13903706282749217, 
"MULT_R2_VALYSAR_VOLON" : 2.47183738051537e-05, 
"MULT_R2_THERYS_VOLON" : 0.0004734520214986746, 
"MULT_R3_VALYSAR_THERYS" : 8.43986358890359e-05, 
"MULT_R3_VALYSAR_VOLON" : 0.00045463729195038203, 
"MULT_R3_THERYS_VOLON" : 0.002054750574431948, 
"MULT_R4_VALYSAR_THERYS" : 3.4064942138313277e-06, 
"MULT_R4_VALYSAR_VOLON" : 0.006615928504836016, 
"MULT_R4_THERYS_VOLON" : 7.081965256006683e-05, 
"MULT_R5_VALYSAR_THERYS" : 1.8620213441309164e-06, 
"MULT_R5_VALYSAR_VOLON" : 1.8954542852700538e-06, 
"MULT_R5_THERYS_VOLON" : 9.080296481399894e-06, 
"MULT_R6_VALYSAR_THERYS" : 0.0001015841397842026, 
"MULT_R6_VALYSAR_VOLON" : 2.5926945324915517e-05, 
"MULT_R6_THERYS_VOLON" : 0.0026939260470139337, 
"MULT_R7_VALYSAR_THERYS" : 6.492088424827348e-06, 
"MULT_R7_VALYSAR_VOLON" : 3.7558643797857515e-05, 
"MULT_R7_THERYS_VOLON" : 5.751953419737849e-05, 
"MULT_R5_THERYS_R2_ALL" : 0.0035105560282736297, 
"MULT_R5_THERYS_R6_ALL" : 0.00046570738216206745
}, 
"LOG10_MULTREGT" : {
"MULT_R1_VALYSAR_THERYS" : -2.414768979037261, 
"MULT_R1_VALYSAR_VOLON" : -3.389146167542418, 
"MULT_R1_THERYS_VOLON" : -3.1907910764334257, 
"MULT_R2_VALYSAR_THERYS" : -0.8568694153148996, 
"MULT_R2_VALYSAR_VOLON" : -4.606980104403584, 
"MULT_R2_THERYS_VOLON" : -3.3247240248003394, 
"MULT_R3_VALYSAR_THERYS" : -4.073664572694866, 
"MULT_R3_VALYSAR_VOLON" : -3.3423349438331753, 
"MULT_R3_THERYS_VOLON" : -2.6872408894678643, 
"MULT_R4_VALYSAR_THERYS" : -5.467692344403509, 
"MULT_R4_VALYSAR_VOLON" : -2.179409196642174, 
"MULT_R4_THERYS_VOLON" : -4.149846208213546, 
"MULT_R5_VALYSAR_THERYS" : -5.730015345059751, 
"MULT_R5_VALYSAR_VOLON" : -5.722286685463012, 
"MULT_R5_THERYS_VOLON" : -5.041899971067696, 
"MULT_R6_VALYSAR_THERYS" : -3.993174092661181, 
"MULT_R6_VALYSAR_VOLON" : -4.58624864816242, 
"MULT_R6_THERYS_VOLON" : -2.5696143305932124, 
"MULT_R7_VALYSAR_THERYS" : -5.187615573541885, 
"MULT_R7_VALYSAR_VOLON" : -4.425290098028413, 
"MULT_R7_THERYS_VOLON" : -4.2401846395988745, 
"MULT_R5_THERYS_R2_ALL" : -2.454624091258877, 
"MULT_R5_THERYS_R6_ALL" : -3.331886877792327
}, 
"RATE" : {
"WWIR_MULT_20180101_A5" : 1.0, 
"WWIR_MULT_20190101_A5" : 1.0, 
"WOPR_MULT_20180101_A1" : 1.0, 
"WWPR_MULT_20180101_A1" : 1.0, 
"WGPR_MULT_20180101_A1" : 1.0
}
}