{
"SWITCHES" : {
"DCONV_ALTERNATIVE" : 2.0, 
"HUM_MODEL_MODE" : 0.0, 
"PETROMODEL_ALTERNATIVE" : 1.0, 
"FACIESMODEL_ALTERNATIVE" : 1.0, 
"FACIES_VALYSAR_SEISCOND" : 1.0, 
"FACIES_THERYS_ALT2" : 1.0
}, 
"GLOBVAR" : {
"KVKH_CHANNEL" : 0.4749396194730165, 
"KVKH_CREVASSE" : 0.4070212827348244, 
"KVKH_US" : 0.48157684255903394, 
"KVKH_LS" : 0.7489872117113512, 
"FWL_CENTRAL" : 1676.2164380279833, 
"FWL_NORTH_HORST" : 1659.702906426725, 
"GOC_NORTH_HORST" : 1644.5026481654234, 
"FAULT_SEAL_SCALING" : 4.407781660864577, 
"RELPERM_INT_WO" : 0.39886092424725006, 
"RELPERM_INT_GO" : 0.5125492203176005, 
"PERMREF_CHANNEL" : 1050.0, 
"PERMREF_CREAVASSE" : 100.0, 
"PERMREF_USHOREFACE" : 1200.0, 
"PERMREF_LSHOREFACE" : 40.0, 
"PERMREF_OFFSHORE" : 2.0, 
"PERMREF_FLOODPLAIN" : 1.0, 
"POROREF_CHANNEL" : 0.24, 
"POROREF_CREAVASSE" : 0.22, 
"POROREF_USHOREFACE" : 0.31, 
"POROREF_LSHOREFACE" : 0.23, 
"POROREF_OFFSHORE" : 0.1, 
"POROREF_FLOODPLAIN" : 0.13, 
"SWLHEIGHT" : 350.0, 
"SIMGRID_MINPV" : 100.0, 
"ISOTREND_ALT1W_VALYSAR" : 0.8402951337186092, 
"ISOTREND_ALT1W_THERYS" : 0.8208958872231973, 
"ISOTREND_ALT1W_VOLON" : 0.5410790000660783, 
"VALYSAR_APS_PROB_CHANNEL" : 0.24173253063220498, 
"THERYS_APS_PROB_LOWSHOREFACE" : 0.31467026735466025, 
"THERYS_APS_PROB_UPSHOREFACE" : 0.11072782109205118, 
"VOLON_APS_PROB_CHANNEL" : 0.6316963710724947, 
"VALYSAR_CHANNEL_AZIMUTH" : 70.0, 
"VALYSAR_CHANNEL_WIDTH" : 700.0, 
"VALYSAR_CHANNEL_VOLFRAC" : 0.6, 
"VOLON_FLOODPLAIN_AZIMUTH" : 0.0, 
"VOLON_FLOODPLAIN_VARIOGRAM_RANGE_PARALLEL" : 800.0, 
"VOLON_FLOODPLAIN_VARIOGRAM_RANGE_NORMAL" : 200.0, 
"VOLON_FLOODPLAIN_VOLFRAC" : 0.3, 
"VALYSAR_PORO_CHANNEL" : 0.27, 
"VALYSAR_PORO_CREVASSE" : 0.22, 
"THERYS_PORO_US" : 0.31, 
"THERYS_PORO_LS" : 0.23, 
"VOLON_PORO_CHANNEL" : 0.2, 
"VALYSAR_PERMH_CHANNEL" : 1000.0, 
"VALYSAR_PERMH_CREVASSE" : 100.0, 
"THERYS_PERMH_US" : 1200.0, 
"THERYS_PERMH_LS" : 40.0, 
"VOLON_PERMH_CHANNEL" : 1100.0
}, 
"LOG10_GLOBVAR" : {
"FAULT_SEAL_SCALING" : 0.6442200736317967
}, 
"MULTREGT" : {
"MULT_R1_VALYSAR_THERYS" : 0.000552020242812051, 
"MULT_R1_VALYSAR_VOLON" : 0.6935726274164243, 
"MULT_R1_THERYS_VOLON" : 0.004970164377183049, 
"MULT_R2_VALYSAR_THERYS" : 0.01151902061361575, 
"MULT_R2_VALYSAR_VOLON" : 6.223879907440546e-05, 
"MULT_R2_THERYS_VOLON" : 4.7285089108647814e-05, 
"MULT_R3_VALYSAR_THERYS" : 0.013635014619603902, 
"MULT_R3_VALYSAR_VOLON" : 0.00013006289470068907, 
"MULT_R3_THERYS_VOLON" : 0.011500261631554392, 
"MULT_R4_VALYSAR_THERYS" : 0.0009157833970110212, 
"MULT_R4_VALYSAR_VOLON" : 0.00014071902063235266, 
"MULT_R4_THERYS_VOLON" : 0.03298524626760401, 
"MULT_R5_VALYSAR_THERYS" : 0.000831055345766855, 
"MULT_R5_VALYSAR_VOLON" : 0.6075318481055949, 
"MULT_R5_THERYS_VOLON" : 0.003596064265388404, 
"MULT_R6_VALYSAR_THERYS" : 0.03865088459985792, 
"MULT_R6_VALYSAR_VOLON" : 0.15675634297936092, 
"MULT_R6_THERYS_VOLON" : 0.07176771514574568, 
"MULT_R7_VALYSAR_THERYS" : 0.1139132092743408, 
"MULT_R7_VALYSAR_VOLON" : 0.02336251788208626, 
"MULT_R7_THERYS_VOLON" : 0.0011027086513549832, 
"MULT_R5_THERYS_R2_ALL" : 0.0009014081379577414, 
"MULT_R5_THERYS_R6_ALL" : 0.0006783198066296279
}, 
"LOG10_MULTREGT" : {
"MULT_R1_VALYSAR_THERYS" : -3.2580449962193896, 
"MULT_R1_VALYSAR_VOLON" : -0.1589080550886236, 
"MULT_R1_THERYS_VOLON" : -2.303629247700665, 
"MULT_R2_VALYSAR_THERYS" : -1.9385844445398757, 
"MULT_R2_VALYSAR_VOLON" : -4.205938795844696, 
"MULT_R2_THERYS_VOLON" : -4.325275788199914, 
"MULT_R3_VALYSAR_THERYS" : -1.8653443920670598, 
"MULT_R3_VALYSAR_VOLON" : -3.885846584492765, 
"MULT_R3_THERYS_VOLON" : -1.939292279311791, 
"MULT_R4_VALYSAR_THERYS" : -3.038207234418126, 
"MULT_R4_VALYSAR_VOLON" : -3.8516471961162932, 
"MULT_R4_THERYS_VOLON" : -1.4816802691320432, 
"MULT_R5_VALYSAR_THERYS" : -3.0803700525567437, 
"MULT_R5_VALYSAR_VOLON" : -0.21643095049676872, 
"MULT_R5_THERYS_VOLON" : -2.444172555577805, 
"MULT_R6_VALYSAR_THERYS" : -1.4128405619671145, 
"MULT_R6_VALYSAR_VOLON" : -0.8047748768755484, 
"MULT_R6_THERYS_VOLON" : -1.144070880093311, 
"MULT_R7_VALYSAR_THERYS" : -0.9434259125992918, 
"MULT_R7_VALYSAR_VOLON" : -1.6314803531962718, 
"MULT_R7_THERYS_VOLON" : -2.9575392181335856, 
"MULT_R5_THERYS_R2_ALL" : -3.045078525415044, 
"MULT_R5_THERYS_R6_ALL" : -3.1685655015486214
}, 
"RATE" : {
"WWIR_MULT_20180101_A5" : 1.0, 
"WWIR_MULT_20190101_A5" : 1.0, 
"WOPR_MULT_20180101_A1" : 1.0, 
"WWPR_MULT_20180101_A1" : 1.0, 
"WGPR_MULT_20180101_A1" : 1.0
}
}