{
"SWITCHES" : {
"DCONV_ALTERNATIVE" : 2.0, 
"HUM_MODEL_MODE" : 0.0, 
"PETROMODEL_ALTERNATIVE" : 1.0, 
"FACIESMODEL_ALTERNATIVE" : 1.0, 
"FACIES_VALYSAR_SEISCOND" : 1.0, 
"FACIES_THERYS_ALT2" : 1.0
}, 
"GLOBVAR" : {
"KVKH_CHANNEL" : 0.6918004951583582, 
"KVKH_CREVASSE" : 0.15376282260492868, 
"KVKH_US" : 0.425869899278531, 
"KVKH_LS" : 0.857339890081722, 
"FWL_CENTRAL" : 1681.932455598889, 
"FWL_NORTH_HORST" : 1658.239592047014, 
"GOC_NORTH_HORST" : 1639.931864751759, 
"FAULT_SEAL_SCALING" : 8.329194448816805, 
"RELPERM_INT_WO" : 0.6792701359611704, 
"RELPERM_INT_GO" : 0.21615682821937243, 
"PERMREF_CHANNEL" : 1050.0, 
"PERMREF_CREAVASSE" : 100.0, 
"PERMREF_USHOREFACE" : 1200.0, 
"PERMREF_LSHOREFACE" : 40.0, 
"PERMREF_OFFSHORE" : 2.0, 
"PERMREF_FLOODPLAIN" : 1.0, 
"POROREF_CHANNEL" : 0.24, 
"POROREF_CREAVASSE" : 0.22, 
"POROREF_USHOREFACE" : 0.31, 
"POROREF_LSHOREFACE" : 0.23, 
"POROREF_OFFSHORE" : 0.1, 
"POROREF_FLOODPLAIN" : 0.13, 
"SWLHEIGHT" : 350.0, 
"SIMGRID_MINPV" : 100.0, 
"ISOTREND_ALT1W_VALYSAR" : 0.8130411545031491, 
"ISOTREND_ALT1W_THERYS" : 0.9074713907082875, 
"ISOTREND_ALT1W_VOLON" : 0.42693703672557115, 
"VALYSAR_APS_PROB_CHANNEL" : 0.3600536231307319, 
"THERYS_APS_PROB_LOWSHOREFACE" : 0.25559924734241213, 
"THERYS_APS_PROB_UPSHOREFACE" : 0.28654083622776194, 
"VOLON_APS_PROB_CHANNEL" : 0.6387801824540176, 
"VALYSAR_CHANNEL_AZIMUTH" : 70.0, 
"VALYSAR_CHANNEL_WIDTH" : 700.0, 
"VALYSAR_CHANNEL_VOLFRAC" : 0.6, 
"VOLON_FLOODPLAIN_AZIMUTH" : 0.0, 
"VOLON_FLOODPLAIN_VARIOGRAM_RANGE_PARALLEL" : 800.0, 
"VOLON_FLOODPLAIN_VARIOGRAM_RANGE_NORMAL" : 200.0, 
"VOLON_FLOODPLAIN_VOLFRAC" : 0.3, 
"VALYSAR_PORO_CHANNEL" : 0.27, 
"VALYSAR_PORO_CREVASSE" : 0.22, 
"THERYS_PORO_US" : 0.31, 
"THERYS_PORO_LS" : 0.23, 
"VOLON_PORO_CHANNEL" : 0.2, 
"VALYSAR_PERMH_CHANNEL" : 1000.0, 
"VALYSAR_PERMH_CREVASSE" : 100.0, 
"THERYS_PERMH_US" : 1200.0, 
"THERYS_PERMH_LS" : 40.0, 
"VOLON_PERMH_CHANNEL" : 1100.0
}, 
"LOG10_GLOBVAR" : {
"FAULT_SEAL_SCALING" : 0.9206030010045352
}, 
"MULTREGT" : {
"MULT_R1_VALYSAR_THERYS" : 0.009807740029069268, 
"MULT_R1_VALYSAR_VOLON" : 0.0001442778615467399, 
"MULT_R1_THERYS_VOLON" : 0.3452049670360863, 
"MULT_R2_VALYSAR_THERYS" : 1.2998961620052472e-05, 
"MULT_R2_VALYSAR_VOLON" : 0.014854609049483098, 
"MULT_R2_THERYS_VOLON" : 0.00032713392689376146, 
"MULT_R3_VALYSAR_THERYS" : 0.0572718898674231, 
"MULT_R3_VALYSAR_VOLON" : 1.6908799919741737e-05, 
"MULT_R3_THERYS_VOLON" : 1.425056158277427e-06, 
"MULT_R4_VALYSAR_THERYS" : 4.33467957426269e-05, 
"MULT_R4_VALYSAR_VOLON" : 0.15976365351193697, 
"MULT_R4_THERYS_VOLON" : 0.10256448018411668, 
"MULT_R5_VALYSAR_THERYS" : 9.846714564321991e-06, 
"MULT_R5_VALYSAR_VOLON" : 0.085085600118649, 
"MULT_R5_THERYS_VOLON" : 1.2758482394769018e-05, 
"MULT_R6_VALYSAR_THERYS" : 0.003254527383824497, 
"MULT_R6_VALYSAR_VOLON" : 5.958338395852071e-05, 
"MULT_R6_THERYS_VOLON" : 0.00012245583483384693, 
"MULT_R7_VALYSAR_THERYS" : 0.1831704565895116, 
"MULT_R7_VALYSAR_VOLON" : 1.256703026698842e-05, 
"MULT_R7_THERYS_VOLON" : 1.598450645420947e-05, 
"MULT_R5_THERYS_R2_ALL" : 2.9193619029931827e-05, 
"MULT_R5_THERYS_R6_ALL" : 1.3187393813405816e-05
}, 
"LOG10_MULTREGT" : {
"MULT_R1_VALYSAR_THERYS" : -2.008431054391424, 
"MULT_R1_VALYSAR_VOLON" : -3.840800303318834, 
"MULT_R1_THERYS_VOLON" : -0.4619229639972558, 
"MULT_R2_VALYSAR_THERYS" : -4.886091338515678, 
"MULT_R2_VALYSAR_VOLON" : -1.8281387736742816, 
"MULT_R2_THERYS_VOLON" : -3.485274413078684, 
"MULT_R3_VALYSAR_THERYS" : -1.242058485728098, 
"MULT_R3_VALYSAR_VOLON" : -4.7718872147989995, 
"MULT_R3_THERYS_VOLON" : -5.8461680207435895, 
"MULT_R4_VALYSAR_THERYS" : -4.363043000672861, 
"MULT_R4_VALYSAR_VOLON" : -0.7965220164777947, 
"MULT_R4_THERYS_VOLON" : -0.9890030167181685, 
"MULT_R5_VALYSAR_THERYS" : -5.006708651187521, 
"MULT_R5_VALYSAR_VOLON" : -1.0701439336660157, 
"MULT_R5_THERYS_VOLON" : -4.894200981318209, 
"MULT_R6_VALYSAR_THERYS" : -2.4875120699221163, 
"MULT_R6_VALYSAR_VOLON" : -4.224874835246877, 
"MULT_R6_THERYS_VOLON" : -3.9120205165762605, 
"MULT_R7_VALYSAR_THERYS" : -0.7371445720153827, 
"MULT_R7_VALYSAR_VOLON" : -4.900767338943926, 
"MULT_R7_THERYS_VOLON" : -4.796300768683658, 
"MULT_R5_THERYS_R2_ALL" : -4.5347120637202885, 
"MULT_R5_THERYS_R6_ALL" : -4.87984102433928
}, 
"RATE" : {
"WWIR_MULT_20180101_A5" : 1.0, 
"WWIR_MULT_20190101_A5" : 1.0, 
"WOPR_MULT_20180101_A1" : 1.0, 
"WWPR_MULT_20180101_A1" : 1.0, 
"WGPR_MULT_20180101_A1" : 1.0
}
}