{
"SWITCHES" : {
"DCONV_ALTERNATIVE" : 2.0, 
"HUM_MODEL_MODE" : 0.0, 
"PETROMODEL_ALTERNATIVE" : 1.0, 
"FACIESMODEL_ALTERNATIVE" : 1.0, 
"FACIES_VALYSAR_SEISCOND" : 1.0, 
"FACIES_THERYS_ALT2" : 1.0
}, 
"GLOBVAR" : {
"KVKH_CHANNEL" : 0.6990718122286198, 
"KVKH_CREVASSE" : 0.48887925601924953, 
"KVKH_US" : 0.6124122044680207, 
"KVKH_LS" : 0.5110037455316142, 
"FWL_CENTRAL" : 1673.039385429785, 
"FWL_NORTH_HORST" : 1657.7323990604198, 
"GOC_NORTH_HORST" : 1638.596258147079, 
"FAULT_SEAL_SCALING" : 0.9213256003443944, 
"RELPERM_INT_WO" : 0.02573796564572417, 
"RELPERM_INT_GO" : 0.27937921287040735, 
"PERMREF_CHANNEL" : 1050.0, 
"PERMREF_CREAVASSE" : 100.0, 
"PERMREF_USHOREFACE" : 1200.0, 
"PERMREF_LSHOREFACE" : 40.0, 
"PERMREF_OFFSHORE" : 2.0, 
"PERMREF_FLOODPLAIN" : 1.0, 
"POROREF_CHANNEL" : 0.24, 
"POROREF_CREAVASSE" : 0.22, 
"POROREF_USHOREFACE" : 0.31, 
"POROREF_LSHOREFACE" : 0.23, 
"POROREF_OFFSHORE" : 0.1, 
"POROREF_FLOODPLAIN" : 0.13, 
"SWLHEIGHT" : 350.0, 
"SIMGRID_MINPV" : 100.0, 
"ISOTREND_ALT1W_VALYSAR" : 0.8565168207941334, 
"ISOTREND_ALT1W_THERYS" : 0.9267380603916873, 
"ISOTREND_ALT1W_VOLON" : 0.5246037083148527, 
"VALYSAR_APS_PROB_CHANNEL" : 0.3357845386806943, 
"THERYS_APS_PROB_LOWSHOREFACE" : 0.31168803964554, 
"THERYS_APS_PROB_UPSHOREFACE" : 0.24909840374774964, 
"VOLON_APS_PROB_CHANNEL" : 0.7199330032732792, 
"VALYSAR_CHANNEL_AZIMUTH" : 70.0, 
"VALYSAR_CHANNEL_WIDTH" : 700.0, 
"VALYSAR_CHANNEL_VOLFRAC" : 0.6, 
"VOLON_FLOODPLAIN_AZIMUTH" : 0.0, 
"VOLON_FLOODPLAIN_VARIOGRAM_RANGE_PARALLEL" : 800.0, 
"VOLON_FLOODPLAIN_VARIOGRAM_RANGE_NORMAL" : 200.0, 
"VOLON_FLOODPLAIN_VOLFRAC" : 0.3, 
"VALYSAR_PORO_CHANNEL" : 0.27, 
"VALYSAR_PORO_CREVASSE" : 0.22, 
"THERYS_PORO_US" : 0.31, 
"THERYS_PORO_LS" : 0.23, 
"VOLON_PORO_CHANNEL" : 0.2, 
"VALYSAR_PERMH_CHANNEL" : 1000.0, 
"VALYSAR_PERMH_CREVASSE" : 100.0, 
"THERYS_PERMH_US" : 1200.0, 
"THERYS_PERMH_LS" : 40.0, 
"VOLON_PERMH_CHANNEL" : 1100.0
}, 
"LOG10_GLOBVAR" : {
"FAULT_SEAL_SCALING" : -0.035586861178701516
}, 
"MULTREGT" : {
"MULT_R1_VALYSAR_THERYS" : 0.004044136110313419, 
"MULT_R1_VALYSAR_VOLON" : 0.05719832763854829, 
"MULT_R1_THERYS_VOLON" : 4.1509846181183864e-05, 
"MULT_R2_VALYSAR_THERYS" : 8.13142968907909e-05, 
"MULT_R2_VALYSAR_VOLON" : 4.431008840140681e-05, 
"MULT_R2_THERYS_VOLON" : 0.006071690434973626, 
"MULT_R3_VALYSAR_THERYS" : 0.0006364866153960367, 
"MULT_R3_VALYSAR_VOLON" : 0.12388961969475527, 
"MULT_R3_THERYS_VOLON" : 0.622958744982886, 
"MULT_R4_VALYSAR_THERYS" : 0.4078986863293659, 
"MULT_R4_VALYSAR_VOLON" : 0.001718052710903081, 
"MULT_R4_THERYS_VOLON" : 0.0020394234331505157, 
"MULT_R5_VALYSAR_THERYS" : 1.0229524453503442e-05, 
"MULT_R5_VALYSAR_VOLON" : 2.471498065370902e-05, 
"MULT_R5_THERYS_VOLON" : 0.006226773866594081, 
"MULT_R6_VALYSAR_THERYS" : 0.39661848426180585, 
"MULT_R6_VALYSAR_VOLON" : 0.0014037342158518071, 
"MULT_R6_THERYS_VOLON" : 0.48486462436857564, 
"MULT_R7_VALYSAR_THERYS" : 3.7927624939236413e-06, 
"MULT_R7_VALYSAR_VOLON" : 2.386654343626078e-05, 
"MULT_R7_THERYS_VOLON" : 0.46621570645011295, 
"MULT_R5_THERYS_R2_ALL" : 3.438170531425005e-05, 
"MULT_R5_THERYS_R6_ALL" : 5.065914459868924e-06
}, 
"LOG10_MULTREGT" : {
"MULT_R1_VALYSAR_THERYS" : -2.3931742361267103, 
"MULT_R1_VALYSAR_VOLON" : -1.2426166688987212, 
"MULT_R1_THERYS_VOLON" : -4.3818488759394, 
"MULT_R2_VALYSAR_THERYS" : -4.089833088909003, 
"MULT_R2_VALYSAR_VOLON" : -4.35349738352278, 
"MULT_R2_THERYS_VOLON" : -2.216690379044387, 
"MULT_R3_VALYSAR_THERYS" : -3.196210724643102, 
"MULT_R3_VALYSAR_VOLON" : -0.9069650802110457, 
"MULT_R3_THERYS_VOLON" : -0.205540713243776, 
"MULT_R4_VALYSAR_THERYS" : -0.3894476933610768, 
"MULT_R4_VALYSAR_VOLON" : -2.7649635158812784, 
"MULT_R4_THERYS_VOLON" : -2.6904925949237075, 
"MULT_R5_VALYSAR_THERYS" : -4.990144555146075, 
"MULT_R5_VALYSAR_VOLON" : -4.60703972515832, 
"MULT_R5_THERYS_VOLON" : -2.205736905962176, 
"MULT_R6_VALYSAR_THERYS" : -0.40162704952093436, 
"MULT_R6_VALYSAR_VOLON" : -2.8527151140836478, 
"MULT_R6_THERYS_VOLON" : -0.3143795007720085, 
"MULT_R7_VALYSAR_THERYS" : -5.421044352342795, 
"MULT_R7_VALYSAR_VOLON" : -4.62221047480385, 
"MULT_R7_THERYS_VOLON" : -0.3314130995204782, 
"MULT_R5_THERYS_R2_ALL" : -4.463672586340022, 
"MULT_R5_THERYS_R6_ALL" : -5.295342147731525
}, 
"RATE" : {
"WWIR_MULT_20180101_A5" : 1.0, 
"WWIR_MULT_20190101_A5" : 1.0, 
"WOPR_MULT_20180101_A1" : 1.0, 
"WWPR_MULT_20180101_A1" : 1.0, 
"WGPR_MULT_20180101_A1" : 1.0
}
}