{
"SWITCHES" : {
"DCONV_ALTERNATIVE" : 2.0, 
"HUM_MODEL_MODE" : 0.0, 
"PETROMODEL_ALTERNATIVE" : 1.0, 
"FACIESMODEL_ALTERNATIVE" : 1.0, 
"FACIES_VALYSAR_SEISCOND" : 1.0, 
"FACIES_THERYS_ALT2" : 1.0
}, 
"GLOBVAR" : {
"KVKH_CHANNEL" : 0.43302787791430813, 
"KVKH_CREVASSE" : 0.33849894920587276, 
"KVKH_US" : 0.7149087530546918, 
"KVKH_LS" : 0.6545070387210024, 
"FWL_CENTRAL" : 1679.5496602110281, 
"FWL_NORTH_HORST" : 1663.9901142132273, 
"GOC_NORTH_HORST" : 1643.575095204148, 
"FAULT_SEAL_SCALING" : 2.9903691115482816, 
"RELPERM_INT_WO" : 0.19988890302637352, 
"RELPERM_INT_GO" : 0.7272598890656341, 
"PERMREF_CHANNEL" : 1050.0, 
"PERMREF_CREAVASSE" : 100.0, 
"PERMREF_USHOREFACE" : 1200.0, 
"PERMREF_LSHOREFACE" : 40.0, 
"PERMREF_OFFSHORE" : 2.0, 
"PERMREF_FLOODPLAIN" : 1.0, 
"POROREF_CHANNEL" : 0.24, 
"POROREF_CREAVASSE" : 0.22, 
"POROREF_USHOREFACE" : 0.31, 
"POROREF_LSHOREFACE" : 0.23, 
"POROREF_OFFSHORE" : 0.1, 
"POROREF_FLOODPLAIN" : 0.13, 
"SWLHEIGHT" : 350.0, 
"SIMGRID_MINPV" : 100.0, 
"ISOTREND_ALT1W_VALYSAR" : 0.9988462538199276, 
"ISOTREND_ALT1W_THERYS" : 0.8355762466696723, 
"ISOTREND_ALT1W_VOLON" : 0.5732525549635934, 
"VALYSAR_APS_PROB_CHANNEL" : 0.3282796926152262, 
"THERYS_APS_PROB_LOWSHOREFACE" : 0.27935395063642493, 
"THERYS_APS_PROB_UPSHOREFACE" : 0.19358179012954377, 
"VOLON_APS_PROB_CHANNEL" : 0.5965390005048485, 
"VALYSAR_CHANNEL_AZIMUTH" : 70.0, 
"VALYSAR_CHANNEL_WIDTH" : 700.0, 
"VALYSAR_CHANNEL_VOLFRAC" : 0.6, 
"VOLON_FLOODPLAIN_AZIMUTH" : 0.0, 
"VOLON_FLOODPLAIN_VARIOGRAM_RANGE_PARALLEL" : 800.0, 
"VOLON_FLOODPLAIN_VARIOGRAM_RANGE_NORMAL" : 200.0, 
"VOLON_FLOODPLAIN_VOLFRAC" : 0.3, 
"VALYSAR_PORO_CHANNEL" : 0.27, 
"VALYSAR_PORO_CREVASSE" : 0.22, 
"THERYS_PORO_US" : 0.31, 
"THERYS_PORO_LS" : 0.23, 
"VOLON_PORO_CHANNEL" : 0.2, 
"VALYSAR_PERMH_CHANNEL" : 1000.0, 
"VALYSAR_PERMH_CREVASSE" : 100.0, 
"THERYS_PERMH_US" : 1200.0, 
"THERYS_PERMH_LS" : 40.0, 
"VOLON_PERMH_CHANNEL" : 1100.0
}, 
"LOG10_GLOBVAR" : {
"FAULT_SEAL_SCALING" : 0.47572479809527785
}, 
"MULTREGT" : {
"MULT_R1_VALYSAR_THERYS" : 0.014878660297762752, 
"MULT_R1_VALYSAR_VOLON" : 3.590808290845328e-05, 
"MULT_R1_THERYS_VOLON" : 1.4979946772889165e-05, 
"MULT_R2_VALYSAR_THERYS" : 0.00213614101078899, 
"MULT_R2_VALYSAR_VOLON" : 0.00012685149946981963, 
"MULT_R2_THERYS_VOLON" : 0.00043800696256617315, 
"MULT_R3_VALYSAR_THERYS" : 2.4573527611232566e-05, 
"MULT_R3_VALYSAR_VOLON" : 1.7693686657656023e-05, 
"MULT_R3_THERYS_VOLON" : 3.531908963392134e-06, 
"MULT_R4_VALYSAR_THERYS" : 0.03832581130586799, 
"MULT_R4_VALYSAR_VOLON" : 0.019330095920559454, 
"MULT_R4_THERYS_VOLON" : 0.618328311333837, 
"MULT_R5_VALYSAR_THERYS" : 0.0002549419041119396, 
"MULT_R5_VALYSAR_VOLON" : 0.0005413914664859925, 
"MULT_R5_THERYS_VOLON" : 1.2001560012075286e-05, 
"MULT_R6_VALYSAR_THERYS" : 0.00046493532265374864, 
"MULT_R6_VALYSAR_VOLON" : 2.56953652657998e-05, 
"MULT_R6_THERYS_VOLON" : 0.00011208737049479397, 
"MULT_R7_VALYSAR_THERYS" : 0.002060428140232439, 
"MULT_R7_VALYSAR_VOLON" : 5.382004709209768e-06, 
"MULT_R7_THERYS_VOLON" : 0.001072539874700089, 
"MULT_R5_THERYS_R2_ALL" : 4.507348610659679e-05, 
"MULT_R5_THERYS_R6_ALL" : 0.0012196527625981967
}, 
"LOG10_MULTREGT" : {
"MULT_R1_VALYSAR_THERYS" : -1.827436171712355, 
"MULT_R1_VALYSAR_VOLON" : -4.4448077807415105, 
"MULT_R1_THERYS_VOLON" : -4.824489729779516, 
"MULT_R2_VALYSAR_THERYS" : -2.670370082080648, 
"MULT_R2_VALYSAR_VOLON" : -3.896704394759794, 
"MULT_R2_THERYS_VOLON" : -3.358518985888513, 
"MULT_R3_VALYSAR_THERYS" : -4.609532494634126, 
"MULT_R3_VALYSAR_VOLON" : -4.752181668036407, 
"MULT_R3_THERYS_VOLON" : -5.451990499093897, 
"MULT_R4_VALYSAR_THERYS" : -1.4165086429463272, 
"MULT_R4_VALYSAR_VOLON" : -1.7137659908930032, 
"MULT_R4_THERYS_VOLON" : -0.20878086804977247, 
"MULT_R5_VALYSAR_THERYS" : -3.593558774852957, 
"MULT_R5_VALYSAR_VOLON" : -3.266488593942779, 
"MULT_R5_THERYS_VOLON" : -4.920762298902235, 
"MULT_R6_VALYSAR_THERYS" : -3.3326074577944067, 
"MULT_R6_VALYSAR_VOLON" : -4.590145204334372, 
"MULT_R6_THERYS_VOLON" : -3.9504433190144552, 
"MULT_R7_VALYSAR_THERYS" : -2.6860425273877446, 
"MULT_R7_VALYSAR_VOLON" : -5.269055926568005, 
"MULT_R7_THERYS_VOLON" : -2.9695865527187144, 
"MULT_R5_THERYS_R2_ALL" : -4.3460788511078885, 
"MULT_R5_THERYS_R6_ALL" : -2.913763796171534
}, 
"RATE" : {
"WWIR_MULT_20180101_A5" : 1.0, 
"WWIR_MULT_20190101_A5" : 1.0, 
"WOPR_MULT_20180101_A1" : 1.0, 
"WWPR_MULT_20180101_A1" : 1.0, 
"WGPR_MULT_20180101_A1" : 1.0
}
}