{
"SWITCHES" : {
"DCONV_ALTERNATIVE" : 2.0, 
"HUM_MODEL_MODE" : 0.0, 
"PETROMODEL_ALTERNATIVE" : 1.0, 
"FACIESMODEL_ALTERNATIVE" : 1.0, 
"FACIES_VALYSAR_SEISCOND" : 1.0, 
"FACIES_THERYS_ALT2" : 1.0
}, 
"GLOBVAR" : {
"KVKH_CHANNEL" : 0.6320040243210306, 
"KVKH_CREVASSE" : 0.4147358182224037, 
"KVKH_US" : 0.6059051283718335, 
"KVKH_LS" : 0.7300742018361218, 
"FWL_CENTRAL" : 1672.2294510203922, 
"FWL_NORTH_HORST" : 1662.1606883760353, 
"GOC_NORTH_HORST" : 1637.0161710911589, 
"FAULT_SEAL_SCALING" : 6.813353809552184, 
"RELPERM_INT_WO" : -0.10224675226265345, 
"RELPERM_INT_GO" : -0.5999142548299442, 
"PERMREF_CHANNEL" : 1050.0, 
"PERMREF_CREAVASSE" : 100.0, 
"PERMREF_USHOREFACE" : 1200.0, 
"PERMREF_LSHOREFACE" : 40.0, 
"PERMREF_OFFSHORE" : 2.0, 
"PERMREF_FLOODPLAIN" : 1.0, 
"POROREF_CHANNEL" : 0.24, 
"POROREF_CREAVASSE" : 0.22, 
"POROREF_USHOREFACE" : 0.31, 
"POROREF_LSHOREFACE" : 0.23, 
"POROREF_OFFSHORE" : 0.1, 
"POROREF_FLOODPLAIN" : 0.13, 
"SWLHEIGHT" : 350.0, 
"SIMGRID_MINPV" : 100.0, 
"ISOTREND_ALT1W_VALYSAR" : 0.8484897422079274, 
"ISOTREND_ALT1W_THERYS" : 0.835474218728165, 
"ISOTREND_ALT1W_VOLON" : 0.4787029840850533, 
"VALYSAR_APS_PROB_CHANNEL" : 0.4011205213745581, 
"THERYS_APS_PROB_LOWSHOREFACE" : 0.3712225422510222, 
"THERYS_APS_PROB_UPSHOREFACE" : 0.1962692830874625, 
"VOLON_APS_PROB_CHANNEL" : 0.6108666412335425, 
"VALYSAR_CHANNEL_AZIMUTH" : 70.0, 
"VALYSAR_CHANNEL_WIDTH" : 700.0, 
"VALYSAR_CHANNEL_VOLFRAC" : 0.6, 
"VOLON_FLOODPLAIN_AZIMUTH" : 0.0, 
"VOLON_FLOODPLAIN_VARIOGRAM_RANGE_PARALLEL" : 800.0, 
"VOLON_FLOODPLAIN_VARIOGRAM_RANGE_NORMAL" : 200.0, 
"VOLON_FLOODPLAIN_VOLFRAC" : 0.3, 
"VALYSAR_PORO_CHANNEL" : 0.27, 
"VALYSAR_PORO_CREVASSE" : 0.22, 
"THERYS_PORO_US" : 0.31, 
"THERYS_PORO_LS" : 0.23, 
"VOLON_PORO_CHANNEL" : 0.2, 
"VALYSAR_PERMH_CHANNEL" : 1000.0, 
"VALYSAR_PERMH_CREVASSE" : 100.0, 
"THERYS_PERMH_US" : 1200.0, 
"THERYS_PERMH_LS" : 40.0, 
"VOLON_PERMH_CHANNEL" : 1100.0
}, 
"LOG10_GLOBVAR" : {
"FAULT_SEAL_SCALING" : 0.8333609419331537
}, 
"MULTREGT" : {
"MULT_R1_VALYSAR_THERYS" : 0.30222633034277635, 
"MULT_R1_VALYSAR_VOLON" : 0.00014287521463088616, 
"MULT_R1_THERYS_VOLON" : 0.25062881843884355, 
"MULT_R2_VALYSAR_THERYS" : 0.08366166110749397, 
"MULT_R2_VALYSAR_VOLON" : 0.4590531206318565, 
"MULT_R2_THERYS_VOLON" : 0.12462149999630455, 
"MULT_R3_VALYSAR_THERYS" : 3.2783245635926924e-05, 
"MULT_R3_VALYSAR_VOLON" : 6.961397208161195e-06, 
"MULT_R3_THERYS_VOLON" : 2.5750718174740305e-05, 
"MULT_R4_VALYSAR_THERYS" : 0.21621124895399693, 
"MULT_R4_VALYSAR_VOLON" : 0.0033957514864242986, 
"MULT_R4_THERYS_VOLON" : 0.005368875032464188, 
"MULT_R5_VALYSAR_THERYS" : 0.0021935462824877526, 
"MULT_R5_VALYSAR_VOLON" : 0.00014348152497040465, 
"MULT_R5_THERYS_VOLON" : 1.1358566949853594e-06, 
"MULT_R6_VALYSAR_THERYS" : 0.000747796028662984, 
"MULT_R6_VALYSAR_VOLON" : 0.0033362868713586688, 
"MULT_R6_THERYS_VOLON" : 2.2876172358264385e-06, 
"MULT_R7_VALYSAR_THERYS" : 0.36999266039358647, 
"MULT_R7_VALYSAR_VOLON" : 0.0008692312021477784, 
"MULT_R7_THERYS_VOLON" : 0.005669765772069405, 
"MULT_R5_THERYS_R2_ALL" : 3.280807745682111e-06, 
"MULT_R5_THERYS_R6_ALL" : 0.001239963020285216
}, 
"LOG10_MULTREGT" : {
"MULT_R1_VALYSAR_THERYS" : -0.5196677020603994, 
"MULT_R1_VALYSAR_VOLON" : -3.8450431041876363, 
"MULT_R1_THERYS_VOLON" : -0.6009689933203848, 
"MULT_R2_VALYSAR_THERYS" : -1.0774735167257852, 
"MULT_R2_VALYSAR_VOLON" : -0.33813705593891746, 
"MULT_R2_THERYS_VOLON" : -0.9044070257004401, 
"MULT_R3_VALYSAR_THERYS" : -4.484348052229959, 
"MULT_R3_VALYSAR_VOLON" : -5.157303585260757, 
"MULT_R3_THERYS_VOLON" : -4.589210654196485, 
"MULT_R4_VALYSAR_THERYS" : -0.6651217144920558, 
"MULT_R4_VALYSAR_VOLON" : -2.469064100531676, 
"MULT_R4_THERYS_VOLON" : -2.270116704686948, 
"MULT_R5_VALYSAR_THERYS" : -2.6588531978138628, 
"MULT_R5_VALYSAR_VOLON" : -3.8432040161422076, 
"MULT_R5_THERYS_VOLON" : -5.944676457800133, 
"MULT_R6_VALYSAR_THERYS" : -3.1262168455930475, 
"MULT_R6_VALYSAR_VOLON" : -2.47673661352242, 
"MULT_R6_THERYS_VOLON" : -5.640616639964098, 
"MULT_R7_VALYSAR_THERYS" : -0.4318068910199793, 
"MULT_R7_VALYSAR_VOLON" : -3.0608646925247904, 
"MULT_R7_THERYS_VOLON" : -2.2464348822003792, 
"MULT_R5_THERYS_R2_ALL" : -5.48401921839046, 
"MULT_R5_THERYS_R6_ALL" : -2.9065912667132103
}, 
"RATE" : {
"WWIR_MULT_20180101_A5" : 1.0, 
"WWIR_MULT_20190101_A5" : 1.0, 
"WOPR_MULT_20180101_A1" : 1.0, 
"WWPR_MULT_20180101_A1" : 1.0, 
"WGPR_MULT_20180101_A1" : 1.0
}
}