{
"SWITCHES" : {
"DCONV_ALTERNATIVE" : 2.0, 
"HUM_MODEL_MODE" : 0.0, 
"PETROMODEL_ALTERNATIVE" : 1.0, 
"FACIESMODEL_ALTERNATIVE" : 1.0, 
"FACIES_VALYSAR_SEISCOND" : 1.0, 
"FACIES_THERYS_ALT2" : 1.0
}, 
"GLOBVAR" : {
"KVKH_CHANNEL" : 0.5667817538883689, 
"KVKH_CREVASSE" : 0.25679195130496735, 
"KVKH_US" : 0.5450549717866179, 
"KVKH_LS" : 0.6016578727886649, 
"FWL_CENTRAL" : 1675.659033049493, 
"FWL_NORTH_HORST" : 1660.7449895290379, 
"GOC_NORTH_HORST" : 1636.0642253117214, 
"FAULT_SEAL_SCALING" : 2.4525310164606897, 
"RELPERM_INT_WO" : 0.19058976367815972, 
"RELPERM_INT_GO" : 0.464022099091534, 
"PERMREF_CHANNEL" : 1050.0, 
"PERMREF_CREAVASSE" : 100.0, 
"PERMREF_USHOREFACE" : 1200.0, 
"PERMREF_LSHOREFACE" : 40.0, 
"PERMREF_OFFSHORE" : 2.0, 
"PERMREF_FLOODPLAIN" : 1.0, 
"POROREF_CHANNEL" : 0.24, 
"POROREF_CREAVASSE" : 0.22, 
"POROREF_USHOREFACE" : 0.31, 
"POROREF_LSHOREFACE" : 0.23, 
"POROREF_OFFSHORE" : 0.1, 
"POROREF_FLOODPLAIN" : 0.13, 
"SWLHEIGHT" : 350.0, 
"SIMGRID_MINPV" : 100.0, 
"ISOTREND_ALT1W_VALYSAR" : 0.9300364108377186, 
"ISOTREND_ALT1W_THERYS" : 0.9867148056574166, 
"ISOTREND_ALT1W_VOLON" : 0.5505294669790578, 
"VALYSAR_APS_PROB_CHANNEL" : 0.24526253785632232, 
"THERYS_APS_PROB_LOWSHOREFACE" : 0.29783205455061557, 
"THERYS_APS_PROB_UPSHOREFACE" : 0.15449952011375656, 
"VOLON_APS_PROB_CHANNEL" : 0.7190860869138005, 
"VALYSAR_CHANNEL_AZIMUTH" : 70.0, 
"VALYSAR_CHANNEL_WIDTH" : 700.0, 
"VALYSAR_CHANNEL_VOLFRAC" : 0.6, 
"VOLON_FLOODPLAIN_AZIMUTH" : 0.0, 
"VOLON_FLOODPLAIN_VARIOGRAM_RANGE_PARALLEL" : 800.0, 
"VOLON_FLOODPLAIN_VARIOGRAM_RANGE_NORMAL" : 200.0, 
"VOLON_FLOODPLAIN_VOLFRAC" : 0.3, 
"VALYSAR_PORO_CHANNEL" : 0.27, 
"VALYSAR_PORO_CREVASSE" : 0.22, 
"THERYS_PORO_US" : 0.31, 
"THERYS_PORO_LS" : 0.23, 
"VOLON_PORO_CHANNEL" : 0.2, 
"VALYSAR_PERMH_CHANNEL" : 1000.0, 
"VALYSAR_PERMH_CREVASSE" : 100.0, 
"THERYS_PERMH_US" : 1200.0, 
"THERYS_PERMH_LS" : 40.0, 
"VOLON_PERMH_CHANNEL" : 1100.0
}, 
"LOG10_GLOBVAR" : {
"FAULT_SEAL_SCALING" : 0.38961450848523704
}, 
"MULTREGT" : {
"MULT_R1_VALYSAR_THERYS" : 0.09741107942711842, 
"MULT_R1_VALYSAR_VOLON" : 0.008395667786809037, 
"MULT_R1_THERYS_VOLON" : 0.2761334343129194, 
"MULT_R2_VALYSAR_THERYS" : 0.6332201059608056, 
"MULT_R2_VALYSAR_VOLON" : 0.021747381056896584, 
"MULT_R2_THERYS_VOLON" : 0.013716487077907824, 
"MULT_R3_VALYSAR_THERYS" : 8.898641516148812e-05, 
"MULT_R3_VALYSAR_VOLON" : 0.005097846546388673, 
"MULT_R3_THERYS_VOLON" : 8.436965459770072e-06, 
"MULT_R4_VALYSAR_THERYS" : 0.06509108301082965, 
"MULT_R4_VALYSAR_VOLON" : 1.426152210886688e-05, 
"MULT_R4_THERYS_VOLON" : 2.919343507582346e-05, 
"MULT_R5_VALYSAR_THERYS" : 1.2075931546532562e-06, 
"MULT_R5_VALYSAR_VOLON" : 0.31868135732807096, 
"MULT_R5_THERYS_VOLON" : 5.72181150562654e-05, 
"MULT_R6_VALYSAR_THERYS" : 0.0018941059043695821, 
"MULT_R6_VALYSAR_VOLON" : 3.5663512336829198e-06, 
"MULT_R6_THERYS_VOLON" : 0.0014035269200845526, 
"MULT_R7_VALYSAR_THERYS" : 0.016888511280522333, 
"MULT_R7_VALYSAR_VOLON" : 1.7578105217141823e-05, 
"MULT_R7_THERYS_VOLON" : 0.0016533064929145041, 
"MULT_R5_THERYS_R2_ALL" : 0.0023355984926021586, 
"MULT_R5_THERYS_R6_ALL" : 1.7325721614414572e-05
}, 
"LOG10_MULTREGT" : {
"MULT_R1_VALYSAR_THERYS" : -1.0113916441438773, 
"MULT_R1_VALYSAR_VOLON" : -2.07594475460728, 
"MULT_R1_THERYS_VOLON" : -0.558881005680518, 
"MULT_R2_VALYSAR_THERYS" : -0.19844530390253973, 
"MULT_R2_VALYSAR_VOLON" : -1.6625930357677858, 
"MULT_R2_THERYS_VOLON" : -1.8627571013136017, 
"MULT_R3_VALYSAR_THERYS" : -4.050676288531709, 
"MULT_R3_VALYSAR_VOLON" : -2.2926132416520915, 
"MULT_R3_THERYS_VOLON" : -5.073813728854387, 
"MULT_R4_VALYSAR_THERYS" : -1.186478502437004, 
"MULT_R4_VALYSAR_VOLON" : -4.845834120472621, 
"MULT_R4_THERYS_VOLON" : -4.534714800294531, 
"MULT_R5_VALYSAR_THERYS" : -5.918079357477975, 
"MULT_R5_VALYSAR_VOLON" : -0.49664334175488256, 
"MULT_R5_THERYS_VOLON" : -4.242466453314161, 
"MULT_R6_VALYSAR_THERYS" : -2.7225957421239375, 
"MULT_R6_VALYSAR_VOLON" : -5.447775887369672, 
"MULT_R6_THERYS_VOLON" : -2.852779253045892, 
"MULT_R7_VALYSAR_THERYS" : -1.7724086317285608, 
"MULT_R7_VALYSAR_VOLON" : -4.75502794030257, 
"MULT_R7_THERYS_VOLON" : -2.7816466286772923, 
"MULT_R5_THERYS_R2_ALL" : -2.6316018137147967, 
"MULT_R5_THERYS_R6_ALL" : -4.761308668021678
}, 
"RATE" : {
"WWIR_MULT_20180101_A5" : 1.0, 
"WWIR_MULT_20190101_A5" : 1.0, 
"WOPR_MULT_20180101_A1" : 1.0, 
"WWPR_MULT_20180101_A1" : 1.0, 
"WGPR_MULT_20180101_A1" : 1.0
}
}