{
"SWITCHES" : {
"DCONV_ALTERNATIVE" : 2.0, 
"HUM_MODEL_MODE" : 0.0, 
"PETROMODEL_ALTERNATIVE" : 1.0, 
"FACIESMODEL_ALTERNATIVE" : 1.0, 
"FACIES_VALYSAR_SEISCOND" : 1.0, 
"FACIES_THERYS_ALT2" : 1.0
}, 
"GLOBVAR" : {
"KVKH_CHANNEL" : 0.6729341951601504, 
"KVKH_CREVASSE" : 0.16182523420229677, 
"KVKH_US" : 0.4907342885344659, 
"KVKH_LS" : 0.7041203779571187, 
"FWL_CENTRAL" : 1672.1137152642796, 
"FWL_NORTH_HORST" : 1659.7703007890643, 
"GOC_NORTH_HORST" : 1637.9582743499222, 
"FAULT_SEAL_SCALING" : 1.6995992571318146, 
"RELPERM_INT_WO" : -0.39086895880893424, 
"RELPERM_INT_GO" : 0.2726682601649759, 
"PERMREF_CHANNEL" : 1050.0, 
"PERMREF_CREAVASSE" : 100.0, 
"PERMREF_USHOREFACE" : 1200.0, 
"PERMREF_LSHOREFACE" : 40.0, 
"PERMREF_OFFSHORE" : 2.0, 
"PERMREF_FLOODPLAIN" : 1.0, 
"POROREF_CHANNEL" : 0.24, 
"POROREF_CREAVASSE" : 0.22, 
"POROREF_USHOREFACE" : 0.31, 
"POROREF_LSHOREFACE" : 0.23, 
"POROREF_OFFSHORE" : 0.1, 
"POROREF_FLOODPLAIN" : 0.13, 
"SWLHEIGHT" : 350.0, 
"SIMGRID_MINPV" : 100.0, 
"ISOTREND_ALT1W_VALYSAR" : 0.9385786312768513, 
"ISOTREND_ALT1W_THERYS" : 0.8964326057286117, 
"ISOTREND_ALT1W_VOLON" : 0.47563070458312107, 
"VALYSAR_APS_PROB_CHANNEL" : 0.2861562157001604, 
"THERYS_APS_PROB_LOWSHOREFACE" : 0.3255839560284105, 
"THERYS_APS_PROB_UPSHOREFACE" : 0.2943825781705854, 
"VOLON_APS_PROB_CHANNEL" : 0.5702562045514377, 
"VALYSAR_CHANNEL_AZIMUTH" : 70.0, 
"VALYSAR_CHANNEL_WIDTH" : 700.0, 
"VALYSAR_CHANNEL_VOLFRAC" : 0.6, 
"VOLON_FLOODPLAIN_AZIMUTH" : 0.0, 
"VOLON_FLOODPLAIN_VARIOGRAM_RANGE_PARALLEL" : 800.0, 
"VOLON_FLOODPLAIN_VARIOGRAM_RANGE_NORMAL" : 200.0, 
"VOLON_FLOODPLAIN_VOLFRAC" : 0.3, 
"VALYSAR_PORO_CHANNEL" : 0.27, 
"VALYSAR_PORO_CREVASSE" : 0.22, 
"THERYS_PORO_US" : 0.31, 
"THERYS_PORO_LS" : 0.23, 
"VOLON_PORO_CHANNEL" : 0.2, 
"VALYSAR_PERMH_CHANNEL" : 1000.0, 
"VALYSAR_PERMH_CREVASSE" : 100.0, 
"THERYS_PERMH_US" : 1200.0, 
"THERYS_PERMH_LS" : 40.0, 
"VOLON_PERMH_CHANNEL" : 1100.0
}, 
"LOG10_GLOBVAR" : {
"FAULT_SEAL_SCALING" : 0.23034653259421
}, 
"MULTREGT" : {
"MULT_R1_VALYSAR_THERYS" : 0.0014572419416821153, 
"MULT_R1_VALYSAR_VOLON" : 0.009773604622487402, 
"MULT_R1_THERYS_VOLON" : 1.0408330390907691e-05, 
"MULT_R2_VALYSAR_THERYS" : 0.516065186911966, 
"MULT_R2_VALYSAR_VOLON" : 0.001676441587557339, 
"MULT_R2_THERYS_VOLON" : 0.12711653576593346, 
"MULT_R3_VALYSAR_THERYS" : 4.7748706051956475e-06, 
"MULT_R3_VALYSAR_VOLON" : 0.0016147300625261808, 
"MULT_R3_THERYS_VOLON" : 0.0008893834823863513, 
"MULT_R4_VALYSAR_THERYS" : 4.12859816215341e-06, 
"MULT_R4_VALYSAR_VOLON" : 0.0001378743741539654, 
"MULT_R4_THERYS_VOLON" : 0.37348125978756597, 
"MULT_R5_VALYSAR_THERYS" : 0.00012983893847992147, 
"MULT_R5_VALYSAR_VOLON" : 0.0030620775063916403, 
"MULT_R5_THERYS_VOLON" : 0.003268360062847364, 
"MULT_R6_VALYSAR_THERYS" : 5.5614691631495226e-06, 
"MULT_R6_VALYSAR_VOLON" : 0.0001883445604480602, 
"MULT_R6_THERYS_VOLON" : 5.993990108663115e-05, 
"MULT_R7_VALYSAR_THERYS" : 0.009648525818061597, 
"MULT_R7_VALYSAR_VOLON" : 2.1560261164813143e-06, 
"MULT_R7_THERYS_VOLON" : 0.05223341245942926, 
"MULT_R5_THERYS_R2_ALL" : 0.0012050489712093478, 
"MULT_R5_THERYS_R6_ALL" : 0.003016613993022513
}, 
"LOG10_MULTREGT" : {
"MULT_R1_VALYSAR_THERYS" : -2.8364683375818003, 
"MULT_R1_VALYSAR_VOLON" : -2.0099452337286667, 
"MULT_R1_THERYS_VOLON" : -4.982618930448131, 
"MULT_R2_VALYSAR_THERYS" : -0.2872954368842784, 
"MULT_R2_VALYSAR_VOLON" : -2.775611574142987, 
"MULT_R2_THERYS_VOLON" : -0.8957979512179167, 
"MULT_R3_VALYSAR_THERYS" : -5.3210383929202205, 
"MULT_R3_VALYSAR_VOLON" : -2.7919000690937263, 
"MULT_R3_THERYS_VOLON" : -3.050910940521303, 
"MULT_R4_VALYSAR_THERYS" : -5.384197385096226, 
"MULT_R4_VALYSAR_VOLON" : -3.860516445917818, 
"MULT_R4_THERYS_VOLON" : -0.42773118494640405, 
"MULT_R5_VALYSAR_THERYS" : -3.8865950438148884, 
"MULT_R5_VALYSAR_VOLON" : -2.5139838207663683, 
"MULT_R5_THERYS_VOLON" : -2.4856701049260645, 
"MULT_R6_VALYSAR_THERYS" : -5.254810466481746, 
"MULT_R6_VALYSAR_VOLON" : -3.7250469180755514, 
"MULT_R6_THERYS_VOLON" : -4.2222839780664785, 
"MULT_R7_VALYSAR_THERYS" : -2.0155390367068224, 
"MULT_R7_VALYSAR_VOLON" : -5.666345982736214, 
"MULT_R7_THERYS_VOLON" : -1.2820516003569917, 
"MULT_R5_THERYS_R2_ALL" : -2.918995303716632, 
"MULT_R5_THERYS_R6_ALL" : -2.5204802587429835
}, 
"RATE" : {
"WWIR_MULT_20180101_A5" : 1.0, 
"WWIR_MULT_20190101_A5" : 1.0, 
"WOPR_MULT_20180101_A1" : 1.0, 
"WWPR_MULT_20180101_A1" : 1.0, 
"WGPR_MULT_20180101_A1" : 1.0
}
}