{
"SWITCHES" : {
"DCONV_ALTERNATIVE" : 2.0, 
"HUM_MODEL_MODE" : 0.0, 
"PETROMODEL_ALTERNATIVE" : 1.0, 
"FACIESMODEL_ALTERNATIVE" : 1.0, 
"FACIES_VALYSAR_SEISCOND" : 1.0, 
"FACIES_THERYS_ALT2" : 1.0
}, 
"GLOBVAR" : {
"KVKH_CHANNEL" : 0.6337369222026411, 
"KVKH_CREVASSE" : 0.11050299158401065, 
"KVKH_US" : 0.4261399653582457, 
"KVKH_LS" : 0.727478455614398, 
"FWL_CENTRAL" : 1677.073642389437, 
"FWL_NORTH_HORST" : 1662.4366800414798, 
"GOC_NORTH_HORST" : 1635.5086502531428, 
"FAULT_SEAL_SCALING" : 0.5781337512212879, 
"RELPERM_INT_WO" : -0.8199797323953342, 
"RELPERM_INT_GO" : 0.18963829664287424, 
"PERMREF_CHANNEL" : 1050.0, 
"PERMREF_CREAVASSE" : 100.0, 
"PERMREF_USHOREFACE" : 1200.0, 
"PERMREF_LSHOREFACE" : 40.0, 
"PERMREF_OFFSHORE" : 2.0, 
"PERMREF_FLOODPLAIN" : 1.0, 
"POROREF_CHANNEL" : 0.24, 
"POROREF_CREAVASSE" : 0.22, 
"POROREF_USHOREFACE" : 0.31, 
"POROREF_LSHOREFACE" : 0.23, 
"POROREF_OFFSHORE" : 0.1, 
"POROREF_FLOODPLAIN" : 0.13, 
"SWLHEIGHT" : 350.0, 
"SIMGRID_MINPV" : 100.0, 
"ISOTREND_ALT1W_VALYSAR" : 0.8120146149568246, 
"ISOTREND_ALT1W_THERYS" : 0.9428745849568066, 
"ISOTREND_ALT1W_VOLON" : 0.5694666501376222, 
"VALYSAR_APS_PROB_CHANNEL" : 0.3129796566909504, 
"THERYS_APS_PROB_LOWSHOREFACE" : 0.2397518289941681, 
"THERYS_APS_PROB_UPSHOREFACE" : 0.22777778500172574, 
"VOLON_APS_PROB_CHANNEL" : 0.5891387160806666, 
"VALYSAR_CHANNEL_AZIMUTH" : 70.0, 
"VALYSAR_CHANNEL_WIDTH" : 700.0, 
"VALYSAR_CHANNEL_VOLFRAC" : 0.6, 
"VOLON_FLOODPLAIN_AZIMUTH" : 0.0, 
"VOLON_FLOODPLAIN_VARIOGRAM_RANGE_PARALLEL" : 800.0, 
"VOLON_FLOODPLAIN_VARIOGRAM_RANGE_NORMAL" : 200.0, 
"VOLON_FLOODPLAIN_VOLFRAC" : 0.3, 
"VALYSAR_PORO_CHANNEL" : 0.27, 
"VALYSAR_PORO_CREVASSE" : 0.22, 
"THERYS_PORO_US" : 0.31, 
"THERYS_PORO_LS" : 0.23, 
"VOLON_PORO_CHANNEL" : 0.2, 
"VALYSAR_PERMH_CHANNEL" : 1000.0, 
"VALYSAR_PERMH_CREVASSE" : 100.0, 
"THERYS_PERMH_US" : 1200.0, 
"THERYS_PERMH_LS" : 40.0, 
"VOLON_PERMH_CHANNEL" : 1100.0
}, 
"LOG10_GLOBVAR" : {
"FAULT_SEAL_SCALING" : -0.23797167594352972
}, 
"MULTREGT" : {
"MULT_R1_VALYSAR_THERYS" : 2.212860296440119e-05, 
"MULT_R1_VALYSAR_VOLON" : 0.17578010808452785, 
"MULT_R1_THERYS_VOLON" : 0.004096711713252388, 
"MULT_R2_VALYSAR_THERYS" : 2.041227307349979e-06, 
"MULT_R2_VALYSAR_VOLON" : 0.00014377291392445, 
"MULT_R2_THERYS_VOLON" : 0.1802552833839592, 
"MULT_R3_VALYSAR_THERYS" : 0.07409488541181337, 
"MULT_R3_VALYSAR_VOLON" : 2.0753347395863015e-05, 
"MULT_R3_THERYS_VOLON" : 7.846214791924678e-05, 
"MULT_R4_VALYSAR_THERYS" : 0.12078499552652386, 
"MULT_R4_VALYSAR_VOLON" : 0.7267384432635197, 
"MULT_R4_THERYS_VOLON" : 0.10032391106422563, 
"MULT_R5_VALYSAR_THERYS" : 1.034280884197047e-06, 
"MULT_R5_VALYSAR_VOLON" : 0.006589338268399433, 
"MULT_R5_THERYS_VOLON" : 0.0017402253105806282, 
"MULT_R6_VALYSAR_THERYS" : 4.583623796988079e-06, 
"MULT_R6_VALYSAR_VOLON" : 0.00013833034421527148, 
"MULT_R6_THERYS_VOLON" : 0.07911653739449633, 
"MULT_R7_VALYSAR_THERYS" : 0.00029618664248205024, 
"MULT_R7_VALYSAR_VOLON" : 0.017159363284880987, 
"MULT_R7_THERYS_VOLON" : 0.97514849312808, 
"MULT_R5_THERYS_R2_ALL" : 9.613410669372518e-05, 
"MULT_R5_THERYS_R6_ALL" : 1.7415856144267106e-05
}, 
"LOG10_MULTREGT" : {
"MULT_R1_VALYSAR_THERYS" : -4.655046003334523, 
"MULT_R1_VALYSAR_VOLON" : -0.7550302728226168, 
"MULT_R1_THERYS_VOLON" : -2.3875645963956047, 
"MULT_R2_VALYSAR_THERYS" : -5.690108630349563, 
"MULT_R2_VALYSAR_VOLON" : -3.8423229250877244, 
"MULT_R2_THERYS_VOLON" : -0.7441119970059162, 
"MULT_R3_VALYSAR_THERYS" : -1.1302117692688254, 
"MULT_R3_VALYSAR_VOLON" : -4.682911844093838, 
"MULT_R3_THERYS_VOLON" : -4.105339807132966, 
"MULT_R4_VALYSAR_THERYS" : -0.9179870124430661, 
"MULT_R4_VALYSAR_VOLON" : -0.13862186573818652, 
"MULT_R4_THERYS_VOLON" : -0.998595545487615, 
"MULT_R5_VALYSAR_THERYS" : -5.985361501966318, 
"MULT_R5_VALYSAR_VOLON" : -2.181158197061904, 
"MULT_R5_THERYS_VOLON" : -2.7593945190696343, 
"MULT_R6_VALYSAR_THERYS" : -5.338791034495472, 
"MULT_R6_VALYSAR_VOLON" : -3.8590825423798987, 
"MULT_R6_THERYS_VOLON" : -1.101732728278548, 
"MULT_R7_VALYSAR_THERYS" : -3.5284345313217154, 
"MULT_R7_VALYSAR_VOLON" : -1.7654988311139435, 
"MULT_R7_THERYS_VOLON" : -0.010929246008427955, 
"MULT_R5_THERYS_R2_ALL" : -4.017122504933022, 
"MULT_R5_THERYS_R6_ALL" : -4.759055171243547
}, 
"RATE" : {
"WWIR_MULT_20180101_A5" : 1.0, 
"WWIR_MULT_20190101_A5" : 1.0, 
"WOPR_MULT_20180101_A1" : 1.0, 
"WWPR_MULT_20180101_A1" : 1.0, 
"WGPR_MULT_20180101_A1" : 1.0
}
}