{
"SWITCHES" : {
"DCONV_ALTERNATIVE" : 2.0, 
"HUM_MODEL_MODE" : 0.0, 
"PETROMODEL_ALTERNATIVE" : 1.0, 
"FACIESMODEL_ALTERNATIVE" : 1.0, 
"FACIES_VALYSAR_SEISCOND" : 1.0, 
"FACIES_THERYS_ALT2" : 1.0
}, 
"GLOBVAR" : {
"KVKH_CHANNEL" : 0.6013743967235228, 
"KVKH_CREVASSE" : 0.448780090970045, 
"KVKH_US" : 0.47403753442237606, 
"KVKH_LS" : 0.7139729047012062, 
"FWL_CENTRAL" : 1672.8118153309006, 
"FWL_NORTH_HORST" : 1663.15596369245, 
"GOC_NORTH_HORST" : 1636.9655116270367, 
"FAULT_SEAL_SCALING" : 0.17958638430091475, 
"RELPERM_INT_WO" : -0.5002102534763382, 
"RELPERM_INT_GO" : -0.8121572891944485, 
"PERMREF_CHANNEL" : 1050.0, 
"PERMREF_CREAVASSE" : 100.0, 
"PERMREF_USHOREFACE" : 1200.0, 
"PERMREF_LSHOREFACE" : 40.0, 
"PERMREF_OFFSHORE" : 2.0, 
"PERMREF_FLOODPLAIN" : 1.0, 
"POROREF_CHANNEL" : 0.24, 
"POROREF_CREAVASSE" : 0.22, 
"POROREF_USHOREFACE" : 0.31, 
"POROREF_LSHOREFACE" : 0.23, 
"POROREF_OFFSHORE" : 0.1, 
"POROREF_FLOODPLAIN" : 0.13, 
"SWLHEIGHT" : 350.0, 
"SIMGRID_MINPV" : 100.0, 
"ISOTREND_ALT1W_VALYSAR" : 0.8126058054794083, 
"ISOTREND_ALT1W_THERYS" : 0.8013948497610086, 
"ISOTREND_ALT1W_VOLON" : 0.42378129313458357, 
"VALYSAR_APS_PROB_CHANNEL" : 0.32946215707550586, 
"THERYS_APS_PROB_LOWSHOREFACE" : 0.21519642364257063, 
"THERYS_APS_PROB_UPSHOREFACE" : 0.25672481732436936, 
"VOLON_APS_PROB_CHANNEL" : 0.6796553568458731, 
"VALYSAR_CHANNEL_AZIMUTH" : 70.0, 
"VALYSAR_CHANNEL_WIDTH" : 700.0, 
"VALYSAR_CHANNEL_VOLFRAC" : 0.6, 
"VOLON_FLOODPLAIN_AZIMUTH" : 0.0, 
"VOLON_FLOODPLAIN_VARIOGRAM_RANGE_PARALLEL" : 800.0, 
"VOLON_FLOODPLAIN_VARIOGRAM_RANGE_NORMAL" : 200.0, 
"VOLON_FLOODPLAIN_VOLFRAC" : 0.3, 
"VALYSAR_PORO_CHANNEL" : 0.27, 
"VALYSAR_PORO_CREVASSE" : 0.22, 
"THERYS_PORO_US" : 0.31, 
"THERYS_PORO_LS" : 0.23, 
"VOLON_PORO_CHANNEL" : 0.2, 
"VALYSAR_PERMH_CHANNEL" : 1000.0, 
"VALYSAR_PERMH_CREVASSE" : 100.0, 
"THERYS_PERMH_US" : 1200.0, 
"THERYS_PERMH_LS" : 40.0, 
"VOLON_PERMH_CHANNEL" : 1100.0
}, 
"LOG10_GLOBVAR" : {
"FAULT_SEAL_SCALING" : -0.7457265933209176
}, 
"MULTREGT" : {
"MULT_R1_VALYSAR_THERYS" : 2.5478801473656598e-06, 
"MULT_R1_VALYSAR_VOLON" : 0.0011683129045243546, 
"MULT_R1_THERYS_VOLON" : 0.004350220619299109, 
"MULT_R2_VALYSAR_THERYS" : 7.871424701062887e-06, 
"MULT_R2_VALYSAR_VOLON" : 0.0063731463831594925, 
"MULT_R2_THERYS_VOLON" : 3.2102197655240036e-06, 
"MULT_R3_VALYSAR_THERYS" : 0.1647740913868503, 
"MULT_R3_VALYSAR_VOLON" : 2.659020936869901e-06, 
"MULT_R3_THERYS_VOLON" : 2.0683925833985955e-05, 
"MULT_R4_VALYSAR_THERYS" : 0.5240973628116876, 
"MULT_R4_VALYSAR_VOLON" : 0.7788146466974966, 
"MULT_R4_THERYS_VOLON" : 1.983294636432781e-05, 
"MULT_R5_VALYSAR_THERYS" : 2.254898525737007e-06, 
"MULT_R5_VALYSAR_VOLON" : 0.0016314278222854639, 
"MULT_R5_THERYS_VOLON" : 0.0004439437446269306, 
"MULT_R6_VALYSAR_THERYS" : 0.00029546242166392445, 
"MULT_R6_VALYSAR_VOLON" : 0.07163204728114864, 
"MULT_R6_THERYS_VOLON" : 0.00018684756986835912, 
"MULT_R7_VALYSAR_THERYS" : 0.020242025987810493, 
"MULT_R7_VALYSAR_VOLON" : 0.7407429365596289, 
"MULT_R7_THERYS_VOLON" : 0.9253804046485403, 
"MULT_R5_THERYS_R2_ALL" : 0.0024501428887835934, 
"MULT_R5_THERYS_R6_ALL" : 1.0195238884903795e-05
}, 
"LOG10_MULTREGT" : {
"MULT_R1_VALYSAR_THERYS" : -5.593821005128667, 
"MULT_R1_VALYSAR_VOLON" : -2.932440826308493, 
"MULT_R1_THERYS_VOLON" : -2.3614887174558015, 
"MULT_R2_VALYSAR_THERYS" : -5.103946654704252, 
"MULT_R2_VALYSAR_VOLON" : -2.1956461062073607, 
"MULT_R2_THERYS_VOLON" : -5.493465235605286, 
"MULT_R3_VALYSAR_THERYS" : -0.7831110745096077, 
"MULT_R3_VALYSAR_VOLON" : -5.575278243062841, 
"MULT_R3_THERYS_VOLON" : -4.684367028139786, 
"MULT_R4_VALYSAR_THERYS" : -0.28058802560405294, 
"MULT_R4_VALYSAR_VOLON" : -0.1085658895607284, 
"MULT_R4_THERYS_VOLON" : -4.702612762611782, 
"MULT_R5_VALYSAR_THERYS" : -5.646872997335494, 
"MULT_R5_VALYSAR_VOLON" : -2.787432135530132, 
"MULT_R5_THERYS_VOLON" : -3.3526720590429857, 
"MULT_R6_VALYSAR_THERYS" : -3.529497746937666, 
"MULT_R6_VALYSAR_VOLON" : -1.1448926363019416, 
"MULT_R6_THERYS_VOLON" : -3.7285125461933912, 
"MULT_R7_VALYSAR_THERYS" : -1.6937460219067213, 
"MULT_R7_VALYSAR_VOLON" : -0.13033248109367865, 
"MULT_R7_THERYS_VOLON" : -0.033679701122173646, 
"MULT_R5_THERYS_R2_ALL" : -2.610808587471915, 
"MULT_R5_THERYS_R6_ALL" : -4.9916025938014785
}, 
"RATE" : {
"WWIR_MULT_20180101_A5" : 1.0, 
"WWIR_MULT_20190101_A5" : 1.0, 
"WOPR_MULT_20180101_A1" : 1.0, 
"WWPR_MULT_20180101_A1" : 1.0, 
"WGPR_MULT_20180101_A1" : 1.0
}
}