{
"SWITCHES" : {
"DCONV_ALTERNATIVE" : 2.0, 
"HUM_MODEL_MODE" : 0.0, 
"PETROMODEL_ALTERNATIVE" : 1.0, 
"FACIESMODEL_ALTERNATIVE" : 1.0, 
"FACIES_VALYSAR_SEISCOND" : 1.0, 
"FACIES_THERYS_ALT2" : 1.0
}, 
"GLOBVAR" : {
"KVKH_CHANNEL" : 0.4802886523605597, 
"KVKH_CREVASSE" : 0.26432619795756673, 
"KVKH_US" : 0.46625303722673944, 
"KVKH_LS" : 0.8736481954577878, 
"FWL_CENTRAL" : 1673.2704070653622, 
"FWL_NORTH_HORST" : 1661.0646640194575, 
"GOC_NORTH_HORST" : 1638.4069628973473, 
"FAULT_SEAL_SCALING" : 6.119477005853232, 
"RELPERM_INT_WO" : 0.49273145143176533, 
"RELPERM_INT_GO" : -0.499279971998009, 
"PERMREF_CHANNEL" : 1050.0, 
"PERMREF_CREAVASSE" : 100.0, 
"PERMREF_USHOREFACE" : 1200.0, 
"PERMREF_LSHOREFACE" : 40.0, 
"PERMREF_OFFSHORE" : 2.0, 
"PERMREF_FLOODPLAIN" : 1.0, 
"POROREF_CHANNEL" : 0.24, 
"POROREF_CREAVASSE" : 0.22, 
"POROREF_USHOREFACE" : 0.31, 
"POROREF_LSHOREFACE" : 0.23, 
"POROREF_OFFSHORE" : 0.1, 
"POROREF_FLOODPLAIN" : 0.13, 
"SWLHEIGHT" : 350.0, 
"SIMGRID_MINPV" : 100.0, 
"ISOTREND_ALT1W_VALYSAR" : 0.9967203988941824, 
"ISOTREND_ALT1W_THERYS" : 0.8534847904391955, 
"ISOTREND_ALT1W_VOLON" : 0.5296741399083621, 
"VALYSAR_APS_PROB_CHANNEL" : 0.3440910126296404, 
"THERYS_APS_PROB_LOWSHOREFACE" : 0.3916432802910611, 
"THERYS_APS_PROB_UPSHOREFACE" : 0.15351250317005136, 
"VOLON_APS_PROB_CHANNEL" : 0.5223184554180106, 
"VALYSAR_CHANNEL_AZIMUTH" : 70.0, 
"VALYSAR_CHANNEL_WIDTH" : 700.0, 
"VALYSAR_CHANNEL_VOLFRAC" : 0.6, 
"VOLON_FLOODPLAIN_AZIMUTH" : 0.0, 
"VOLON_FLOODPLAIN_VARIOGRAM_RANGE_PARALLEL" : 800.0, 
"VOLON_FLOODPLAIN_VARIOGRAM_RANGE_NORMAL" : 200.0, 
"VOLON_FLOODPLAIN_VOLFRAC" : 0.3, 
"VALYSAR_PORO_CHANNEL" : 0.27, 
"VALYSAR_PORO_CREVASSE" : 0.22, 
"THERYS_PORO_US" : 0.31, 
"THERYS_PORO_LS" : 0.23, 
"VOLON_PORO_CHANNEL" : 0.2, 
"VALYSAR_PERMH_CHANNEL" : 1000.0, 
"VALYSAR_PERMH_CREVASSE" : 100.0, 
"THERYS_PERMH_US" : 1200.0, 
"THERYS_PERMH_LS" : 40.0, 
"VOLON_PERMH_CHANNEL" : 1100.0
}, 
"LOG10_GLOBVAR" : {
"FAULT_SEAL_SCALING" : 0.786714307247263
}, 
"MULTREGT" : {
"MULT_R1_VALYSAR_THERYS" : 0.0013214540229743096, 
"MULT_R1_VALYSAR_VOLON" : 0.0016865294049819774, 
"MULT_R1_THERYS_VOLON" : 1.147636361191287e-06, 
"MULT_R2_VALYSAR_THERYS" : 0.03641958976513822, 
"MULT_R2_VALYSAR_VOLON" : 0.23858570804471577, 
"MULT_R2_THERYS_VOLON" : 0.8116748966504648, 
"MULT_R3_VALYSAR_THERYS" : 0.009701399849125615, 
"MULT_R3_VALYSAR_VOLON" : 0.0008941551262799372, 
"MULT_R3_THERYS_VOLON" : 0.0013224784125194008, 
"MULT_R4_VALYSAR_THERYS" : 2.1186932162678578e-06, 
"MULT_R4_VALYSAR_VOLON" : 0.37350142792631524, 
"MULT_R4_THERYS_VOLON" : 0.7441194786339229, 
"MULT_R5_VALYSAR_THERYS" : 4.604715114159608e-05, 
"MULT_R5_VALYSAR_VOLON" : 4.195606842262084e-06, 
"MULT_R5_THERYS_VOLON" : 1.3750033451983115e-06, 
"MULT_R6_VALYSAR_THERYS" : 1.158519466025735e-05, 
"MULT_R6_VALYSAR_VOLON" : 0.00039849503299785435, 
"MULT_R6_THERYS_VOLON" : 0.10816026348704867, 
"MULT_R7_VALYSAR_THERYS" : 4.969782954877983e-06, 
"MULT_R7_VALYSAR_VOLON" : 2.5661502552084283e-06, 
"MULT_R7_THERYS_VOLON" : 0.01911364787714559, 
"MULT_R5_THERYS_R2_ALL" : 5.817976358031589e-06, 
"MULT_R5_THERYS_R6_ALL" : 0.0046975695231885875
}, 
"LOG10_MULTREGT" : {
"MULT_R1_VALYSAR_THERYS" : -2.878947942570796, 
"MULT_R1_VALYSAR_VOLON" : -2.7730060823964604, 
"MULT_R1_THERYS_VOLON" : -5.940195700218158, 
"MULT_R2_VALYSAR_THERYS" : -1.4386649504614768, 
"MULT_R2_VALYSAR_VOLON" : -0.6223555753480647, 
"MULT_R2_THERYS_VOLON" : -0.0906178856144765, 
"MULT_R3_VALYSAR_THERYS" : -2.013165595333007, 
"MULT_R3_VALYSAR_VOLON" : -3.0485871292544062, 
"MULT_R3_THERYS_VOLON" : -2.878611408442282, 
"MULT_R4_VALYSAR_THERYS" : -5.673931923953491, 
"MULT_R4_VALYSAR_VOLON" : -0.427707733502307, 
"MULT_R4_THERYS_VOLON" : -0.12835732689302548, 
"MULT_R5_VALYSAR_THERYS" : -4.336797233692036, 
"MULT_R5_VALYSAR_VOLON" : -5.377205215005625, 
"MULT_R5_THERYS_VOLON" : -5.861696245252336, 
"MULT_R6_VALYSAR_THERYS" : -4.9360966645787645, 
"MULT_R6_VALYSAR_VOLON" : -3.399577087454988, 
"MULT_R6_THERYS_VOLON" : -0.9659322634250732, 
"MULT_R7_VALYSAR_THERYS" : -5.303662577777155, 
"MULT_R7_VALYSAR_VOLON" : -5.590717918071211, 
"MULT_R7_THERYS_VOLON" : -1.7186564190817486, 
"MULT_R5_THERYS_R2_ALL" : -5.235228047887392, 
"MULT_R5_THERYS_R6_ALL" : -2.3281267836992328
}, 
"RATE" : {
"WWIR_MULT_20180101_A5" : 1.0, 
"WWIR_MULT_20190101_A5" : 1.0, 
"WOPR_MULT_20180101_A1" : 1.0, 
"WWPR_MULT_20180101_A1" : 1.0, 
"WGPR_MULT_20180101_A1" : 1.0
}
}