{
"SWITCHES" : {
"DCONV_ALTERNATIVE" : 2.0, 
"HUM_MODEL_MODE" : 0.0, 
"PETROMODEL_ALTERNATIVE" : 1.0, 
"FACIESMODEL_ALTERNATIVE" : 1.0, 
"FACIES_VALYSAR_SEISCOND" : 1.0, 
"FACIES_THERYS_ALT2" : 1.0
}, 
"GLOBVAR" : {
"KVKH_CHANNEL" : 0.6937293148720345, 
"KVKH_CREVASSE" : 0.1216803722271288, 
"KVKH_US" : 0.6575595847824498, 
"KVKH_LS" : 0.8598035810079929, 
"FWL_CENTRAL" : 1675.069399662866, 
"FWL_NORTH_HORST" : 1661.625796568267, 
"GOC_NORTH_HORST" : 1639.702377547883, 
"FAULT_SEAL_SCALING" : 1.2784350222026268, 
"RELPERM_INT_WO" : 0.4086382614239401, 
"RELPERM_INT_GO" : -0.6978305878617438, 
"PERMREF_CHANNEL" : 1050.0, 
"PERMREF_CREAVASSE" : 100.0, 
"PERMREF_USHOREFACE" : 1200.0, 
"PERMREF_LSHOREFACE" : 40.0, 
"PERMREF_OFFSHORE" : 2.0, 
"PERMREF_FLOODPLAIN" : 1.0, 
"POROREF_CHANNEL" : 0.24, 
"POROREF_CREAVASSE" : 0.22, 
"POROREF_USHOREFACE" : 0.31, 
"POROREF_LSHOREFACE" : 0.23, 
"POROREF_OFFSHORE" : 0.1, 
"POROREF_FLOODPLAIN" : 0.13, 
"SWLHEIGHT" : 350.0, 
"SIMGRID_MINPV" : 100.0, 
"ISOTREND_ALT1W_VALYSAR" : 0.829117851606993, 
"ISOTREND_ALT1W_THERYS" : 0.9067879135027496, 
"ISOTREND_ALT1W_VOLON" : 0.46892450772978017, 
"VALYSAR_APS_PROB_CHANNEL" : 0.26739869930924637, 
"THERYS_APS_PROB_LOWSHOREFACE" : 0.20352503027159205, 
"THERYS_APS_PROB_UPSHOREFACE" : 0.1048832555830668, 
"VOLON_APS_PROB_CHANNEL" : 0.6299660733402123, 
"VALYSAR_CHANNEL_AZIMUTH" : 70.0, 
"VALYSAR_CHANNEL_WIDTH" : 700.0, 
"VALYSAR_CHANNEL_VOLFRAC" : 0.6, 
"VOLON_FLOODPLAIN_AZIMUTH" : 0.0, 
"VOLON_FLOODPLAIN_VARIOGRAM_RANGE_PARALLEL" : 800.0, 
"VOLON_FLOODPLAIN_VARIOGRAM_RANGE_NORMAL" : 200.0, 
"VOLON_FLOODPLAIN_VOLFRAC" : 0.3, 
"VALYSAR_PORO_CHANNEL" : 0.27, 
"VALYSAR_PORO_CREVASSE" : 0.22, 
"THERYS_PORO_US" : 0.31, 
"THERYS_PORO_LS" : 0.23, 
"VOLON_PORO_CHANNEL" : 0.2, 
"VALYSAR_PERMH_CHANNEL" : 1000.0, 
"VALYSAR_PERMH_CREVASSE" : 100.0, 
"THERYS_PERMH_US" : 1200.0, 
"THERYS_PERMH_LS" : 40.0, 
"VOLON_PERMH_CHANNEL" : 1100.0
}, 
"LOG10_GLOBVAR" : {
"FAULT_SEAL_SCALING" : 0.10667865945193108
}, 
"MULTREGT" : {
"MULT_R1_VALYSAR_THERYS" : 0.004003047340830143, 
"MULT_R1_VALYSAR_VOLON" : 0.6959252619702793, 
"MULT_R1_THERYS_VOLON" : 0.342364676767452, 
"MULT_R2_VALYSAR_THERYS" : 0.0037191837624314028, 
"MULT_R2_VALYSAR_VOLON" : 0.0009738366780053763, 
"MULT_R2_THERYS_VOLON" : 0.062193672785165764, 
"MULT_R3_VALYSAR_THERYS" : 7.463219395344392e-05, 
"MULT_R3_VALYSAR_VOLON" : 6.605888237572793e-05, 
"MULT_R3_THERYS_VOLON" : 2.0115023418069705e-05, 
"MULT_R4_VALYSAR_THERYS" : 1.3391027834280214e-05, 
"MULT_R4_VALYSAR_VOLON" : 0.047922669946412304, 
"MULT_R4_THERYS_VOLON" : 0.002202211092777765, 
"MULT_R5_VALYSAR_THERYS" : 0.0001033324274687358, 
"MULT_R5_VALYSAR_VOLON" : 3.4518888800901886e-05, 
"MULT_R5_THERYS_VOLON" : 7.91644000972298e-05, 
"MULT_R6_VALYSAR_THERYS" : 7.833169465834946e-06, 
"MULT_R6_VALYSAR_VOLON" : 0.005451573322524113, 
"MULT_R6_THERYS_VOLON" : 0.0030159988691828275, 
"MULT_R7_VALYSAR_THERYS" : 3.313164739161095e-06, 
"MULT_R7_VALYSAR_VOLON" : 0.7826509375547179, 
"MULT_R7_THERYS_VOLON" : 0.6568329167290324, 
"MULT_R5_THERYS_R2_ALL" : 0.004730812581634164, 
"MULT_R5_THERYS_R6_ALL" : 0.00032382652089153914
}, 
"LOG10_MULTREGT" : {
"MULT_R1_VALYSAR_THERYS" : -2.397609273812025, 
"MULT_R1_VALYSAR_VOLON" : -0.15743739840200083, 
"MULT_R1_THERYS_VOLON" : -0.4655110497084751, 
"MULT_R2_VALYSAR_THERYS" : -2.4295523629052647, 
"MULT_R2_VALYSAR_VOLON" : -3.0115138724730497, 
"MULT_R2_THERYS_VOLON" : -1.206253795602747, 
"MULT_R3_VALYSAR_THERYS" : -4.127073791290376, 
"MULT_R3_VALYSAR_VOLON" : -4.180068778240125, 
"MULT_R3_THERYS_VOLON" : -4.696479457483346, 
"MULT_R4_VALYSAR_THERYS" : -4.87318608724306, 
"MULT_R4_VALYSAR_VOLON" : -1.3194589938179924, 
"MULT_R4_THERYS_VOLON" : -2.6571410541042333, 
"MULT_R5_VALYSAR_THERYS" : -3.9857633681149425, 
"MULT_R5_VALYSAR_VOLON" : -4.461943193124963, 
"MULT_R5_THERYS_VOLON" : -4.101470074940134, 
"MULT_R6_VALYSAR_THERYS" : -5.106062477660015, 
"MULT_R6_VALYSAR_VOLON" : -2.263478142368675, 
"MULT_R6_THERYS_VOLON" : -2.520568825636398, 
"MULT_R7_VALYSAR_THERYS" : -5.479756969330874, 
"MULT_R7_VALYSAR_VOLON" : -0.1064318901702783, 
"MULT_R7_THERYS_VOLON" : -0.18254509097453342, 
"MULT_R5_THERYS_R2_ALL" : -2.3250642568498403, 
"MULT_R5_THERYS_R6_ALL" : -3.4896875860792798
}, 
"RATE" : {
"WWIR_MULT_20180101_A5" : 1.0, 
"WWIR_MULT_20190101_A5" : 1.0, 
"WOPR_MULT_20180101_A1" : 1.0, 
"WWPR_MULT_20180101_A1" : 1.0, 
"WGPR_MULT_20180101_A1" : 1.0
}
}