{
"SWITCHES" : {
"DCONV_ALTERNATIVE" : 2.0, 
"HUM_MODEL_MODE" : 0.0, 
"PETROMODEL_ALTERNATIVE" : 1.0, 
"FACIESMODEL_ALTERNATIVE" : 1.0, 
"FACIES_VALYSAR_SEISCOND" : 1.0, 
"FACIES_THERYS_ALT2" : 1.0
}, 
"GLOBVAR" : {
"KVKH_CHANNEL" : 0.4873539518181359, 
"KVKH_CREVASSE" : 0.27376588869936114, 
"KVKH_US" : 0.7851816809393131, 
"KVKH_LS" : 0.7426480627116929, 
"FWL_CENTRAL" : 1678.5944407744612, 
"FWL_NORTH_HORST" : 1664.4459457767562, 
"GOC_NORTH_HORST" : 1638.552868808031, 
"FAULT_SEAL_SCALING" : 1.0512291084418999, 
"RELPERM_INT_WO" : 0.15741157425688002, 
"RELPERM_INT_GO" : 0.08123048059824112, 
"PERMREF_CHANNEL" : 1050.0, 
"PERMREF_CREAVASSE" : 100.0, 
"PERMREF_USHOREFACE" : 1200.0, 
"PERMREF_LSHOREFACE" : 40.0, 
"PERMREF_OFFSHORE" : 2.0, 
"PERMREF_FLOODPLAIN" : 1.0, 
"POROREF_CHANNEL" : 0.24, 
"POROREF_CREAVASSE" : 0.22, 
"POROREF_USHOREFACE" : 0.31, 
"POROREF_LSHOREFACE" : 0.23, 
"POROREF_OFFSHORE" : 0.1, 
"POROREF_FLOODPLAIN" : 0.13, 
"SWLHEIGHT" : 350.0, 
"SIMGRID_MINPV" : 100.0, 
"ISOTREND_ALT1W_VALYSAR" : 0.9535661789149028, 
"ISOTREND_ALT1W_THERYS" : 0.9342328221941579, 
"ISOTREND_ALT1W_VOLON" : 0.5280358442288801, 
"VALYSAR_APS_PROB_CHANNEL" : 0.26758665585713914, 
"THERYS_APS_PROB_LOWSHOREFACE" : 0.38068133955461336, 
"THERYS_APS_PROB_UPSHOREFACE" : 0.250666539364627, 
"VOLON_APS_PROB_CHANNEL" : 0.6042281022710656, 
"VALYSAR_CHANNEL_AZIMUTH" : 70.0, 
"VALYSAR_CHANNEL_WIDTH" : 700.0, 
"VALYSAR_CHANNEL_VOLFRAC" : 0.6, 
"VOLON_FLOODPLAIN_AZIMUTH" : 0.0, 
"VOLON_FLOODPLAIN_VARIOGRAM_RANGE_PARALLEL" : 800.0, 
"VOLON_FLOODPLAIN_VARIOGRAM_RANGE_NORMAL" : 200.0, 
"VOLON_FLOODPLAIN_VOLFRAC" : 0.3, 
"VALYSAR_PORO_CHANNEL" : 0.27, 
"VALYSAR_PORO_CREVASSE" : 0.22, 
"THERYS_PORO_US" : 0.31, 
"THERYS_PORO_LS" : 0.23, 
"VOLON_PORO_CHANNEL" : 0.2, 
"VALYSAR_PERMH_CHANNEL" : 1000.0, 
"VALYSAR_PERMH_CREVASSE" : 100.0, 
"THERYS_PERMH_US" : 1200.0, 
"THERYS_PERMH_LS" : 40.0, 
"VOLON_PERMH_CHANNEL" : 1100.0
}, 
"LOG10_GLOBVAR" : {
"FAULT_SEAL_SCALING" : 0.02169737795835149
}, 
"MULTREGT" : {
"MULT_R1_VALYSAR_THERYS" : 0.012492262916163083, 
"MULT_R1_VALYSAR_VOLON" : 0.1281174556861208, 
"MULT_R1_THERYS_VOLON" : 4.278835244851712e-05, 
"MULT_R2_VALYSAR_THERYS" : 2.7174678167099563e-06, 
"MULT_R2_VALYSAR_VOLON" : 0.0007565888533973619, 
"MULT_R2_THERYS_VOLON" : 0.00035571292779204534, 
"MULT_R3_VALYSAR_THERYS" : 7.801866226519354e-06, 
"MULT_R3_VALYSAR_VOLON" : 0.007470329433121355, 
"MULT_R3_THERYS_VOLON" : 0.9359337036346955, 
"MULT_R4_VALYSAR_THERYS" : 0.00226923478417202, 
"MULT_R4_VALYSAR_VOLON" : 0.22558913978900752, 
"MULT_R4_THERYS_VOLON" : 0.10595375352916996, 
"MULT_R5_VALYSAR_THERYS" : 0.005952870107525177, 
"MULT_R5_VALYSAR_VOLON" : 0.00039108513148895086, 
"MULT_R5_THERYS_VOLON" : 1.1232485526711343e-06, 
"MULT_R6_VALYSAR_THERYS" : 2.5950443573684555e-06, 
"MULT_R6_VALYSAR_VOLON" : 1.1999109805581704e-05, 
"MULT_R6_THERYS_VOLON" : 0.567004547359731, 
"MULT_R7_VALYSAR_THERYS" : 0.6034760042033318, 
"MULT_R7_VALYSAR_VOLON" : 0.7925922906688916, 
"MULT_R7_THERYS_VOLON" : 0.008426261970372282, 
"MULT_R5_THERYS_R2_ALL" : 0.0048423788126828625, 
"MULT_R5_THERYS_R6_ALL" : 0.0013508827891937725
}, 
"LOG10_MULTREGT" : {
"MULT_R1_VALYSAR_THERYS" : -1.9033588840450044, 
"MULT_R1_VALYSAR_VOLON" : -0.8923916946761048, 
"MULT_R1_THERYS_VOLON" : -4.368674435560773, 
"MULT_R2_VALYSAR_THERYS" : -5.565835590611692, 
"MULT_R2_VALYSAR_VOLON" : -3.1211400613299216, 
"MULT_R2_THERYS_VOLON" : -3.4489003508200584, 
"MULT_R3_VALYSAR_THERYS" : -5.1078015005228865, 
"MULT_R3_VALYSAR_VOLON" : -2.126660245864376, 
"MULT_R3_THERYS_VOLON" : -0.0287549131906726, 
"MULT_R4_VALYSAR_THERYS" : -2.644120567933801, 
"MULT_R4_VALYSAR_VOLON" : -0.6466818117952335, 
"MULT_R4_THERYS_VOLON" : -0.9748836533172155, 
"MULT_R5_VALYSAR_THERYS" : -2.2252735937124, 
"MULT_R5_VALYSAR_VOLON" : -3.4077286950042747, 
"MULT_R5_THERYS_VOLON" : -5.949524132331949, 
"MULT_R6_VALYSAR_THERYS" : -5.585855214310433, 
"MULT_R6_VALYSAR_VOLON" : -4.920850972357724, 
"MULT_R6_THERYS_VOLON" : -0.24641345806420253, 
"MULT_R7_VALYSAR_THERYS" : -0.2193399939167018, 
"MULT_R7_VALYSAR_VOLON" : -0.10095015624639467, 
"MULT_R7_THERYS_VOLON" : -2.0743650428927087, 
"MULT_R5_THERYS_R2_ALL" : -2.314941239300991, 
"MULT_R5_THERYS_R6_ALL" : -2.8693823313737283
}, 
"RATE" : {
"WWIR_MULT_20180101_A5" : 1.0, 
"WWIR_MULT_20190101_A5" : 1.0, 
"WOPR_MULT_20180101_A1" : 1.0, 
"WWPR_MULT_20180101_A1" : 1.0, 
"WGPR_MULT_20180101_A1" : 1.0
}
}