{
"SWITCHES" : {
"DCONV_ALTERNATIVE" : 2.0, 
"HUM_MODEL_MODE" : 0.0, 
"PETROMODEL_ALTERNATIVE" : 1.0, 
"FACIESMODEL_ALTERNATIVE" : 1.0, 
"FACIES_VALYSAR_SEISCOND" : 1.0, 
"FACIES_THERYS_ALT2" : 1.0
}, 
"GLOBVAR" : {
"KVKH_CHANNEL" : 0.4223428881158373, 
"KVKH_CREVASSE" : 0.1649500602256445, 
"KVKH_US" : 0.6382041909910099, 
"KVKH_LS" : 0.6563541477124469, 
"FWL_CENTRAL" : 1674.2221616848403, 
"FWL_NORTH_HORST" : 1664.200900236688, 
"GOC_NORTH_HORST" : 1637.7166259718726, 
"FAULT_SEAL_SCALING" : 0.22635856181579503, 
"RELPERM_INT_WO" : -0.7913983101088613, 
"RELPERM_INT_GO" : 0.23886201687138042, 
"PERMREF_CHANNEL" : 1050.0, 
"PERMREF_CREAVASSE" : 100.0, 
"PERMREF_USHOREFACE" : 1200.0, 
"PERMREF_LSHOREFACE" : 40.0, 
"PERMREF_OFFSHORE" : 2.0, 
"PERMREF_FLOODPLAIN" : 1.0, 
"POROREF_CHANNEL" : 0.24, 
"POROREF_CREAVASSE" : 0.22, 
"POROREF_USHOREFACE" : 0.31, 
"POROREF_LSHOREFACE" : 0.23, 
"POROREF_OFFSHORE" : 0.1, 
"POROREF_FLOODPLAIN" : 0.13, 
"SWLHEIGHT" : 350.0, 
"SIMGRID_MINPV" : 100.0, 
"ISOTREND_ALT1W_VALYSAR" : 0.824637850566097, 
"ISOTREND_ALT1W_THERYS" : 0.923919206595126, 
"ISOTREND_ALT1W_VOLON" : 0.5817195502729918, 
"VALYSAR_APS_PROB_CHANNEL" : 0.3544170848990248, 
"THERYS_APS_PROB_LOWSHOREFACE" : 0.2631713760958662, 
"THERYS_APS_PROB_UPSHOREFACE" : 0.29728769441980674, 
"VOLON_APS_PROB_CHANNEL" : 0.6579680118407584, 
"VALYSAR_CHANNEL_AZIMUTH" : 70.0, 
"VALYSAR_CHANNEL_WIDTH" : 700.0, 
"VALYSAR_CHANNEL_VOLFRAC" : 0.6, 
"VOLON_FLOODPLAIN_AZIMUTH" : 0.0, 
"VOLON_FLOODPLAIN_VARIOGRAM_RANGE_PARALLEL" : 800.0, 
"VOLON_FLOODPLAIN_VARIOGRAM_RANGE_NORMAL" : 200.0, 
"VOLON_FLOODPLAIN_VOLFRAC" : 0.3, 
"VALYSAR_PORO_CHANNEL" : 0.27, 
"VALYSAR_PORO_CREVASSE" : 0.22, 
"THERYS_PORO_US" : 0.31, 
"THERYS_PORO_LS" : 0.23, 
"VOLON_PORO_CHANNEL" : 0.2, 
"VALYSAR_PERMH_CHANNEL" : 1000.0, 
"VALYSAR_PERMH_CREVASSE" : 100.0, 
"THERYS_PERMH_US" : 1200.0, 
"THERYS_PERMH_LS" : 40.0, 
"VOLON_PERMH_CHANNEL" : 1100.0
}, 
"LOG10_GLOBVAR" : {
"FAULT_SEAL_SCALING" : -0.6452030740468719
}, 
"MULTREGT" : {
"MULT_R1_VALYSAR_THERYS" : 0.025240787033754066, 
"MULT_R1_VALYSAR_VOLON" : 5.948151148042926e-05, 
"MULT_R1_THERYS_VOLON" : 0.0009092911598148712, 
"MULT_R2_VALYSAR_THERYS" : 0.26484781142191643, 
"MULT_R2_VALYSAR_VOLON" : 2.416959612568556e-06, 
"MULT_R2_THERYS_VOLON" : 0.035964852521304935, 
"MULT_R3_VALYSAR_THERYS" : 0.031845834184862885, 
"MULT_R3_VALYSAR_VOLON" : 0.004283628808303021, 
"MULT_R3_THERYS_VOLON" : 0.011908797293393131, 
"MULT_R4_VALYSAR_THERYS" : 4.0944210178327955e-05, 
"MULT_R4_VALYSAR_VOLON" : 0.09110832584194398, 
"MULT_R4_THERYS_VOLON" : 2.9726389486503663e-06, 
"MULT_R5_VALYSAR_THERYS" : 0.002327902694218931, 
"MULT_R5_VALYSAR_VOLON" : 0.01958774979021622, 
"MULT_R5_THERYS_VOLON" : 0.00015568743881241612, 
"MULT_R6_VALYSAR_THERYS" : 0.24516714065660763, 
"MULT_R6_VALYSAR_VOLON" : 0.036501548523716836, 
"MULT_R6_THERYS_VOLON" : 0.0009269667795548214, 
"MULT_R7_VALYSAR_THERYS" : 0.00037060172714564396, 
"MULT_R7_VALYSAR_VOLON" : 0.012917797941726422, 
"MULT_R7_THERYS_VOLON" : 6.328938200571098e-05, 
"MULT_R5_THERYS_R2_ALL" : 3.093540613502022e-05, 
"MULT_R5_THERYS_R6_ALL" : 8.424770729664787e-05
}, 
"LOG10_MULTREGT" : {
"MULT_R1_VALYSAR_THERYS" : -1.5978971074672257, 
"MULT_R1_VALYSAR_VOLON" : -4.225618004183882, 
"MULT_R1_THERYS_VOLON" : -3.0412970311301164, 
"MULT_R2_VALYSAR_THERYS" : -0.5770036115194429, 
"MULT_R2_VALYSAR_VOLON" : -5.6167306065990354, 
"MULT_R2_THERYS_VOLON" : -1.444121716242238, 
"MULT_R3_VALYSAR_THERYS" : -1.49694737051398, 
"MULT_R3_VALYSAR_VOLON" : -2.3681881693738145, 
"MULT_R3_THERYS_VOLON" : -1.9241320970577458, 
"MULT_R4_VALYSAR_THERYS" : -4.387807502093521, 
"MULT_R4_VALYSAR_VOLON" : -1.0404419336527726, 
"MULT_R4_THERYS_VOLON" : -5.526857836214142, 
"MULT_R5_VALYSAR_THERYS" : -2.6330351770492015, 
"MULT_R5_VALYSAR_VOLON" : -1.708015452204485, 
"MULT_R5_THERYS_VOLON" : -3.8077464258038676, 
"MULT_R6_VALYSAR_THERYS" : -0.6105377380190631, 
"MULT_R6_VALYSAR_VOLON" : -1.437688710857501, 
"MULT_R6_THERYS_VOLON" : -3.032935829733117, 
"MULT_R7_VALYSAR_THERYS" : -3.4310925610341885, 
"MULT_R7_VALYSAR_VOLON" : -1.888811512909415, 
"MULT_R7_THERYS_VOLON" : -4.19866914500834, 
"MULT_R5_THERYS_R2_ALL" : -4.509544177977894, 
"MULT_R5_THERYS_R6_ALL" : -4.074441909114936
}, 
"RATE" : {
"WWIR_MULT_20180101_A5" : 1.0, 
"WWIR_MULT_20190101_A5" : 1.0, 
"WOPR_MULT_20180101_A1" : 1.0, 
"WWPR_MULT_20180101_A1" : 1.0, 
"WGPR_MULT_20180101_A1" : 1.0
}
}