{
"SWITCHES" : {
"DCONV_ALTERNATIVE" : 2.0, 
"HUM_MODEL_MODE" : 0.0, 
"PETROMODEL_ALTERNATIVE" : 1.0, 
"FACIESMODEL_ALTERNATIVE" : 1.0, 
"FACIES_VALYSAR_SEISCOND" : 1.0, 
"FACIES_THERYS_ALT2" : 1.0
}, 
"GLOBVAR" : {
"KVKH_CHANNEL" : 0.5733391334261804, 
"KVKH_CREVASSE" : 0.4734019578151021, 
"KVKH_US" : 0.47369279658822244, 
"KVKH_LS" : 0.6809429611808269, 
"FWL_CENTRAL" : 1679.837966271168, 
"FWL_NORTH_HORST" : 1658.0928497849598, 
"GOC_NORTH_HORST" : 1636.2871938967944, 
"FAULT_SEAL_SCALING" : 0.39352711925108774, 
"RELPERM_INT_WO" : -0.30574535040050277, 
"RELPERM_INT_GO" : -0.4919764188322078, 
"PERMREF_CHANNEL" : 1050.0, 
"PERMREF_CREAVASSE" : 100.0, 
"PERMREF_USHOREFACE" : 1200.0, 
"PERMREF_LSHOREFACE" : 40.0, 
"PERMREF_OFFSHORE" : 2.0, 
"PERMREF_FLOODPLAIN" : 1.0, 
"POROREF_CHANNEL" : 0.24, 
"POROREF_CREAVASSE" : 0.22, 
"POROREF_USHOREFACE" : 0.31, 
"POROREF_LSHOREFACE" : 0.23, 
"POROREF_OFFSHORE" : 0.1, 
"POROREF_FLOODPLAIN" : 0.13, 
"SWLHEIGHT" : 350.0, 
"SIMGRID_MINPV" : 100.0, 
"ISOTREND_ALT1W_VALYSAR" : 0.9974331264556, 
"ISOTREND_ALT1W_THERYS" : 0.912452812754168, 
"ISOTREND_ALT1W_VOLON" : 0.4958056428952033, 
"VALYSAR_APS_PROB_CHANNEL" : 0.2702774597795557, 
"THERYS_APS_PROB_LOWSHOREFACE" : 0.2743834412164108, 
"THERYS_APS_PROB_UPSHOREFACE" : 0.16544554854821336, 
"VOLON_APS_PROB_CHANNEL" : 0.6977725620860865, 
"VALYSAR_CHANNEL_AZIMUTH" : 70.0, 
"VALYSAR_CHANNEL_WIDTH" : 700.0, 
"VALYSAR_CHANNEL_VOLFRAC" : 0.6, 
"VOLON_FLOODPLAIN_AZIMUTH" : 0.0, 
"VOLON_FLOODPLAIN_VARIOGRAM_RANGE_PARALLEL" : 800.0, 
"VOLON_FLOODPLAIN_VARIOGRAM_RANGE_NORMAL" : 200.0, 
"VOLON_FLOODPLAIN_VOLFRAC" : 0.3, 
"VALYSAR_PORO_CHANNEL" : 0.27, 
"VALYSAR_PORO_CREVASSE" : 0.22, 
"THERYS_PORO_US" : 0.31, 
"THERYS_PORO_LS" : 0.23, 
"VOLON_PORO_CHANNEL" : 0.2, 
"VALYSAR_PERMH_CHANNEL" : 1000.0, 
"VALYSAR_PERMH_CREVASSE" : 100.0, 
"THERYS_PERMH_US" : 1200.0, 
"THERYS_PERMH_LS" : 40.0, 
"VOLON_PERMH_CHANNEL" : 1100.0
}, 
"LOG10_GLOBVAR" : {
"FAULT_SEAL_SCALING" : -0.40502533360918613
}, 
"MULTREGT" : {
"MULT_R1_VALYSAR_THERYS" : 0.07843296132927619, 
"MULT_R1_VALYSAR_VOLON" : 5.074671022562784e-06, 
"MULT_R1_THERYS_VOLON" : 0.0006842562037519658, 
"MULT_R2_VALYSAR_THERYS" : 0.5091771606626794, 
"MULT_R2_VALYSAR_VOLON" : 2.5941097564043126e-06, 
"MULT_R2_THERYS_VOLON" : 0.0977245676660167, 
"MULT_R3_VALYSAR_THERYS" : 0.00906394437216802, 
"MULT_R3_VALYSAR_VOLON" : 2.4223876166007436e-06, 
"MULT_R3_THERYS_VOLON" : 3.9071891257911075e-06, 
"MULT_R4_VALYSAR_THERYS" : 0.000980209653032279, 
"MULT_R4_VALYSAR_VOLON" : 0.4803046106921631, 
"MULT_R4_THERYS_VOLON" : 0.028379514984974055, 
"MULT_R5_VALYSAR_THERYS" : 1.214935215379552e-06, 
"MULT_R5_VALYSAR_VOLON" : 0.34887485703761006, 
"MULT_R5_THERYS_VOLON" : 1.2638317191116345e-06, 
"MULT_R6_VALYSAR_THERYS" : 3.394690399127951e-06, 
"MULT_R6_VALYSAR_VOLON" : 0.0003283801938857566, 
"MULT_R6_THERYS_VOLON" : 0.35440344410019325, 
"MULT_R7_VALYSAR_THERYS" : 0.010237689142404457, 
"MULT_R7_VALYSAR_VOLON" : 0.00014047326984136755, 
"MULT_R7_THERYS_VOLON" : 0.002174132440427477, 
"MULT_R5_THERYS_R2_ALL" : 7.426447089191966e-05, 
"MULT_R5_THERYS_R6_ALL" : 1.4613412352275549e-05
}, 
"LOG10_MULTREGT" : {
"MULT_R1_VALYSAR_THERYS" : -1.1055013873782233, 
"MULT_R1_VALYSAR_VOLON" : -5.294592106659398, 
"MULT_R1_THERYS_VOLON" : -3.1647812564051865, 
"MULT_R2_VALYSAR_THERYS" : -0.2931310850274662, 
"MULT_R2_VALYSAR_VOLON" : -5.586011652927208, 
"MULT_R2_THERYS_VOLON" : -1.009996242212457, 
"MULT_R3_VALYSAR_THERYS" : -2.0426827685169675, 
"MULT_R3_VALYSAR_VOLON" : -5.615756362315304, 
"MULT_R3_THERYS_VOLON" : -5.408135566430821, 
"MULT_R4_VALYSAR_THERYS" : -3.0086810249023426, 
"MULT_R4_VALYSAR_VOLON" : -0.318483244323867, 
"MULT_R4_THERYS_VOLON" : -1.5469950310473024, 
"MULT_R5_VALYSAR_THERYS" : -5.9154468795580994, 
"MULT_R5_VALYSAR_VOLON" : -0.45733032846903027, 
"MULT_R5_THERYS_VOLON" : -5.898310749096822, 
"MULT_R6_VALYSAR_THERYS" : -5.469199827887609, 
"MULT_R6_VALYSAR_VOLON" : -3.4836230450529686, 
"MULT_R6_THERYS_VOLON" : -0.4505020662814847, 
"MULT_R7_VALYSAR_THERYS" : -1.9897980615202926, 
"MULT_R7_VALYSAR_VOLON" : -3.852406308248718, 
"MULT_R7_THERYS_VOLON" : -2.66271400376633, 
"MULT_R5_THERYS_R2_ALL" : -4.129218908796342, 
"MULT_R5_THERYS_R6_ALL" : -4.835248360881274
}, 
"RATE" : {
"WWIR_MULT_20180101_A5" : 1.0, 
"WWIR_MULT_20190101_A5" : 1.0, 
"WOPR_MULT_20180101_A1" : 1.0, 
"WWPR_MULT_20180101_A1" : 1.0, 
"WGPR_MULT_20180101_A1" : 1.0
}
}