{
"SWITCHES" : {
"DCONV_ALTERNATIVE" : 2.0, 
"HUM_MODEL_MODE" : 0.0, 
"PETROMODEL_ALTERNATIVE" : 1.0, 
"FACIESMODEL_ALTERNATIVE" : 1.0, 
"FACIES_VALYSAR_SEISCOND" : 1.0, 
"FACIES_THERYS_ALT2" : 1.0
}, 
"GLOBVAR" : {
"KVKH_CHANNEL" : 0.5270702328470935, 
"KVKH_CREVASSE" : 0.19727797593161467, 
"KVKH_US" : 0.49430884619256227, 
"KVKH_LS" : 0.8750425094054558, 
"FWL_CENTRAL" : 1680.4736120425769, 
"FWL_NORTH_HORST" : 1657.913215972571, 
"GOC_NORTH_HORST" : 1640.9551621155422, 
"FAULT_SEAL_SCALING" : 0.12256741927131189, 
"RELPERM_INT_WO" : -0.6440180983637004, 
"RELPERM_INT_GO" : 0.46044050375659684, 
"PERMREF_CHANNEL" : 1050.0, 
"PERMREF_CREAVASSE" : 100.0, 
"PERMREF_USHOREFACE" : 1200.0, 
"PERMREF_LSHOREFACE" : 40.0, 
"PERMREF_OFFSHORE" : 2.0, 
"PERMREF_FLOODPLAIN" : 1.0, 
"POROREF_CHANNEL" : 0.24, 
"POROREF_CREAVASSE" : 0.22, 
"POROREF_USHOREFACE" : 0.31, 
"POROREF_LSHOREFACE" : 0.23, 
"POROREF_OFFSHORE" : 0.1, 
"POROREF_FLOODPLAIN" : 0.13, 
"SWLHEIGHT" : 350.0, 
"SIMGRID_MINPV" : 100.0, 
"ISOTREND_ALT1W_VALYSAR" : 0.9733516844361497, 
"ISOTREND_ALT1W_THERYS" : 0.8703993064835337, 
"ISOTREND_ALT1W_VOLON" : 0.5775627517389419, 
"VALYSAR_APS_PROB_CHANNEL" : 0.3870493852108745, 
"THERYS_APS_PROB_LOWSHOREFACE" : 0.23523006475451042, 
"THERYS_APS_PROB_UPSHOREFACE" : 0.2751549467499289, 
"VOLON_APS_PROB_CHANNEL" : 0.6431578969377167, 
"VALYSAR_CHANNEL_AZIMUTH" : 70.0, 
"VALYSAR_CHANNEL_WIDTH" : 700.0, 
"VALYSAR_CHANNEL_VOLFRAC" : 0.6, 
"VOLON_FLOODPLAIN_AZIMUTH" : 0.0, 
"VOLON_FLOODPLAIN_VARIOGRAM_RANGE_PARALLEL" : 800.0, 
"VOLON_FLOODPLAIN_VARIOGRAM_RANGE_NORMAL" : 200.0, 
"VOLON_FLOODPLAIN_VOLFRAC" : 0.3, 
"VALYSAR_PORO_CHANNEL" : 0.27, 
"VALYSAR_PORO_CREVASSE" : 0.22, 
"THERYS_PORO_US" : 0.31, 
"THERYS_PORO_LS" : 0.23, 
"VOLON_PORO_CHANNEL" : 0.2, 
"VALYSAR_PERMH_CHANNEL" : 1000.0, 
"VALYSAR_PERMH_CREVASSE" : 100.0, 
"THERYS_PERMH_US" : 1200.0, 
"THERYS_PERMH_LS" : 40.0, 
"VOLON_PERMH_CHANNEL" : 1100.0
}, 
"LOG10_GLOBVAR" : {
"FAULT_SEAL_SCALING" : -0.9116249581303133
}, 
"MULTREGT" : {
"MULT_R1_VALYSAR_THERYS" : 5.2742013509761185e-06, 
"MULT_R1_VALYSAR_VOLON" : 0.02405281546926792, 
"MULT_R1_THERYS_VOLON" : 0.21589256375176885, 
"MULT_R2_VALYSAR_THERYS" : 0.005116054139418344, 
"MULT_R2_VALYSAR_VOLON" : 6.570107006474261e-05, 
"MULT_R2_THERYS_VOLON" : 0.025705051879215346, 
"MULT_R3_VALYSAR_THERYS" : 7.395362645907965e-05, 
"MULT_R3_VALYSAR_VOLON" : 0.0002542816608110399, 
"MULT_R3_THERYS_VOLON" : 0.004256092112243683, 
"MULT_R4_VALYSAR_THERYS" : 1.6773665732280655e-06, 
"MULT_R4_VALYSAR_VOLON" : 0.0340592509419965, 
"MULT_R4_THERYS_VOLON" : 0.0023675817477467943, 
"MULT_R5_VALYSAR_THERYS" : 2.756239066037788e-06, 
"MULT_R5_VALYSAR_VOLON" : 0.0024824409868630585, 
"MULT_R5_THERYS_VOLON" : 0.0015820325084674536, 
"MULT_R6_VALYSAR_THERYS" : 4.0749843621158984e-06, 
"MULT_R6_VALYSAR_VOLON" : 0.6170674858403884, 
"MULT_R6_THERYS_VOLON" : 0.005936443702408862, 
"MULT_R7_VALYSAR_THERYS" : 0.031025139541931115, 
"MULT_R7_VALYSAR_VOLON" : 0.8508756372836609, 
"MULT_R7_THERYS_VOLON" : 1.6399897532743643e-05, 
"MULT_R5_THERYS_R2_ALL" : 0.0022474067381500684, 
"MULT_R5_THERYS_R6_ALL" : 1.1223608736013371e-05
}, 
"LOG10_MULTREGT" : {
"MULT_R1_VALYSAR_THERYS" : -5.2778432943475435, 
"MULT_R1_VALYSAR_VOLON" : -1.618834080570773, 
"MULT_R1_THERYS_VOLON" : -0.6657623163373364, 
"MULT_R2_VALYSAR_THERYS" : -2.291064868351665, 
"MULT_R2_VALYSAR_VOLON" : -4.182427557085142, 
"MULT_R2_THERYS_VOLON" : -1.5899815152813193, 
"MULT_R3_VALYSAR_THERYS" : -4.1310405246751865, 
"MULT_R3_VALYSAR_VOLON" : -3.59468496068851, 
"MULT_R3_THERYS_VOLON" : -2.370988981416426, 
"MULT_R4_VALYSAR_THERYS" : -5.775372015907355, 
"MULT_R4_VALYSAR_VOLON" : -1.4677649076163648, 
"MULT_R4_THERYS_VOLON" : -2.6256950167671733, 
"MULT_R5_VALYSAR_THERYS" : -5.559683116024865, 
"MULT_R5_VALYSAR_VOLON" : -2.605121066854479, 
"MULT_R5_THERYS_VOLON" : -2.8007845966266007, 
"MULT_R6_VALYSAR_THERYS" : -5.3898740535399075, 
"MULT_R6_VALYSAR_VOLON" : -0.2096673365739734, 
"MULT_R6_THERYS_VOLON" : -2.2264736464240618, 
"MULT_R7_VALYSAR_THERYS" : -1.5082862564962947, 
"MULT_R7_VALYSAR_VOLON" : -0.07013391111198311, 
"MULT_R7_THERYS_VOLON" : -4.785158865434194, 
"MULT_R5_THERYS_R2_ALL" : -2.6483183213732318, 
"MULT_R5_THERYS_R6_ALL" : -4.949867481569162
}, 
"RATE" : {
"WWIR_MULT_20180101_A5" : 1.0, 
"WWIR_MULT_20190101_A5" : 1.0, 
"WOPR_MULT_20180101_A1" : 1.0, 
"WWPR_MULT_20180101_A1" : 1.0, 
"WGPR_MULT_20180101_A1" : 1.0
}
}