{
"SWITCHES" : {
"DCONV_ALTERNATIVE" : 2.0, 
"HUM_MODEL_MODE" : 0.0, 
"PETROMODEL_ALTERNATIVE" : 1.0, 
"FACIESMODEL_ALTERNATIVE" : 1.0, 
"FACIES_VALYSAR_SEISCOND" : 1.0, 
"FACIES_THERYS_ALT2" : 1.0
}, 
"GLOBVAR" : {
"KVKH_CHANNEL" : 0.5035512972991562, 
"KVKH_CREVASSE" : 0.41281657258016047, 
"KVKH_US" : 0.5951547089793555, 
"KVKH_LS" : 0.548892254894493, 
"FWL_CENTRAL" : 1678.0136735374397, 
"FWL_NORTH_HORST" : 1660.918838782036, 
"GOC_NORTH_HORST" : 1638.1244822506835, 
"FAULT_SEAL_SCALING" : 9.422603520814532, 
"RELPERM_INT_WO" : 0.7664482478688466, 
"RELPERM_INT_GO" : 0.38543699896836303, 
"PERMREF_CHANNEL" : 1050.0, 
"PERMREF_CREAVASSE" : 100.0, 
"PERMREF_USHOREFACE" : 1200.0, 
"PERMREF_LSHOREFACE" : 40.0, 
"PERMREF_OFFSHORE" : 2.0, 
"PERMREF_FLOODPLAIN" : 1.0, 
"POROREF_CHANNEL" : 0.24, 
"POROREF_CREAVASSE" : 0.22, 
"POROREF_USHOREFACE" : 0.31, 
"POROREF_LSHOREFACE" : 0.23, 
"POROREF_OFFSHORE" : 0.1, 
"POROREF_FLOODPLAIN" : 0.13, 
"SWLHEIGHT" : 350.0, 
"SIMGRID_MINPV" : 100.0, 
"ISOTREND_ALT1W_VALYSAR" : 0.9724989607793185, 
"ISOTREND_ALT1W_THERYS" : 0.899916106218804, 
"ISOTREND_ALT1W_VOLON" : 0.5698845895813214, 
"VALYSAR_APS_PROB_CHANNEL" : 0.38521488640440804, 
"THERYS_APS_PROB_LOWSHOREFACE" : 0.23360478233221044, 
"THERYS_APS_PROB_UPSHOREFACE" : 0.22526718453538938, 
"VOLON_APS_PROB_CHANNEL" : 0.6382732511234294, 
"VALYSAR_CHANNEL_AZIMUTH" : 70.0, 
"VALYSAR_CHANNEL_WIDTH" : 700.0, 
"VALYSAR_CHANNEL_VOLFRAC" : 0.6, 
"VOLON_FLOODPLAIN_AZIMUTH" : 0.0, 
"VOLON_FLOODPLAIN_VARIOGRAM_RANGE_PARALLEL" : 800.0, 
"VOLON_FLOODPLAIN_VARIOGRAM_RANGE_NORMAL" : 200.0, 
"VOLON_FLOODPLAIN_VOLFRAC" : 0.3, 
"VALYSAR_PORO_CHANNEL" : 0.27, 
"VALYSAR_PORO_CREVASSE" : 0.22, 
"THERYS_PORO_US" : 0.31, 
"THERYS_PORO_LS" : 0.23, 
"VOLON_PORO_CHANNEL" : 0.2, 
"VALYSAR_PERMH_CHANNEL" : 1000.0, 
"VALYSAR_PERMH_CREVASSE" : 100.0, 
"THERYS_PERMH_US" : 1200.0, 
"THERYS_PERMH_LS" : 40.0, 
"VOLON_PERMH_CHANNEL" : 1100.0
}, 
"LOG10_GLOBVAR" : {
"FAULT_SEAL_SCALING" : 0.9741709174956458
}, 
"MULTREGT" : {
"MULT_R1_VALYSAR_THERYS" : 0.004953257792716391, 
"MULT_R1_VALYSAR_VOLON" : 0.014128281249670858, 
"MULT_R1_THERYS_VOLON" : 2.9273189066655533e-06, 
"MULT_R2_VALYSAR_THERYS" : 7.516993312190185e-05, 
"MULT_R2_VALYSAR_VOLON" : 0.0009458306517027366, 
"MULT_R2_THERYS_VOLON" : 4.7383348766675965e-06, 
"MULT_R3_VALYSAR_THERYS" : 0.09622451560704422, 
"MULT_R3_VALYSAR_VOLON" : 0.004345742768426874, 
"MULT_R3_THERYS_VOLON" : 1.1660691434346593e-05, 
"MULT_R4_VALYSAR_THERYS" : 0.03972664096004737, 
"MULT_R4_VALYSAR_VOLON" : 7.245734406342925e-05, 
"MULT_R4_THERYS_VOLON" : 0.0015886269551936797, 
"MULT_R5_VALYSAR_THERYS" : 0.0026556183447434376, 
"MULT_R5_VALYSAR_VOLON" : 6.653347496688546e-05, 
"MULT_R5_THERYS_VOLON" : 0.0001629677579538994, 
"MULT_R6_VALYSAR_THERYS" : 0.008622465560598818, 
"MULT_R6_VALYSAR_VOLON" : 0.002069799367388152, 
"MULT_R6_THERYS_VOLON" : 0.1273428444587857, 
"MULT_R7_VALYSAR_THERYS" : 4.996387181536687e-05, 
"MULT_R7_VALYSAR_VOLON" : 0.34881266932556554, 
"MULT_R7_THERYS_VOLON" : 4.7737822493126265e-06, 
"MULT_R5_THERYS_R2_ALL" : 4.026355513943347e-06, 
"MULT_R5_THERYS_R6_ALL" : 0.007895860171935434
}, 
"LOG10_MULTREGT" : {
"MULT_R1_VALYSAR_THERYS" : -2.3051090685366793, 
"MULT_R1_VALYSAR_VOLON" : -1.8499106682424182, 
"MULT_R1_THERYS_VOLON" : -5.533529962273878, 
"MULT_R2_VALYSAR_THERYS" : -4.123955836142117, 
"MULT_R2_VALYSAR_VOLON" : -3.0241866158337483, 
"MULT_R2_THERYS_VOLON" : -5.324374249238095, 
"MULT_R3_VALYSAR_THERYS" : -1.0167142664606228, 
"MULT_R3_VALYSAR_VOLON" : -2.361935983850512, 
"MULT_R3_THERYS_VOLON" : -4.933275696813862, 
"MULT_R4_VALYSAR_THERYS" : -1.4009181546574052, 
"MULT_R4_VALYSAR_VOLON" : -4.13991758914963, 
"MULT_R4_THERYS_VOLON" : -2.798978072787158, 
"MULT_R5_VALYSAR_THERYS" : -2.5758343399523165, 
"MULT_R5_VALYSAR_VOLON" : -4.176959793260224, 
"MULT_R5_THERYS_VOLON" : -3.7878983092633343, 
"MULT_R6_VALYSAR_THERYS" : -2.064368531593423, 
"MULT_R6_VALYSAR_VOLON" : -2.6840717501272158, 
"MULT_R6_THERYS_VOLON" : -0.8950254535222971, 
"MULT_R7_VALYSAR_THERYS" : -4.301343914515373, 
"MULT_R7_VALYSAR_VOLON" : -0.4574077493178605, 
"MULT_R7_THERYS_VOLON" : -5.321137394729919, 
"MULT_R5_THERYS_R2_ALL" : -5.395087880980591, 
"MULT_R5_THERYS_R6_ALL" : -2.1026005512065247
}, 
"RATE" : {
"WWIR_MULT_20180101_A5" : 1.0, 
"WWIR_MULT_20190101_A5" : 1.0, 
"WOPR_MULT_20180101_A1" : 1.0, 
"WWPR_MULT_20180101_A1" : 1.0, 
"WGPR_MULT_20180101_A1" : 1.0
}
}