{
"SWITCHES" : {
"DCONV_ALTERNATIVE" : 2.0, 
"HUM_MODEL_MODE" : 0.0, 
"PETROMODEL_ALTERNATIVE" : 1.0, 
"FACIESMODEL_ALTERNATIVE" : 1.0, 
"FACIES_VALYSAR_SEISCOND" : 1.0, 
"FACIES_THERYS_ALT2" : 1.0
}, 
"GLOBVAR" : {
"KVKH_CHANNEL" : 0.516314829827207, 
"KVKH_CREVASSE" : 0.16778445158606037, 
"KVKH_US" : 0.624127957801833, 
"KVKH_LS" : 0.5256188070559533, 
"FWL_CENTRAL" : 1678.4523413311545, 
"FWL_NORTH_HORST" : 1658.3867250322842, 
"GOC_NORTH_HORST" : 1641.0362868978207, 
"FAULT_SEAL_SCALING" : 4.296842249445279, 
"RELPERM_INT_WO" : 0.6583939865562767, 
"RELPERM_INT_GO" : 0.4740328811837953, 
"PERMREF_CHANNEL" : 1050.0, 
"PERMREF_CREAVASSE" : 100.0, 
"PERMREF_USHOREFACE" : 1200.0, 
"PERMREF_LSHOREFACE" : 40.0, 
"PERMREF_OFFSHORE" : 2.0, 
"PERMREF_FLOODPLAIN" : 1.0, 
"POROREF_CHANNEL" : 0.24, 
"POROREF_CREAVASSE" : 0.22, 
"POROREF_USHOREFACE" : 0.31, 
"POROREF_LSHOREFACE" : 0.23, 
"POROREF_OFFSHORE" : 0.1, 
"POROREF_FLOODPLAIN" : 0.13, 
"SWLHEIGHT" : 350.0, 
"SIMGRID_MINPV" : 100.0, 
"ISOTREND_ALT1W_VALYSAR" : 0.9318593158382493, 
"ISOTREND_ALT1W_THERYS" : 0.9225213930123953, 
"ISOTREND_ALT1W_VOLON" : 0.4174860769218131, 
"VALYSAR_APS_PROB_CHANNEL" : 0.35686461588139895, 
"THERYS_APS_PROB_LOWSHOREFACE" : 0.35984608658057177, 
"THERYS_APS_PROB_UPSHOREFACE" : 0.10891560626799074, 
"VOLON_APS_PROB_CHANNEL" : 0.6585561379467115, 
"VALYSAR_CHANNEL_AZIMUTH" : 70.0, 
"VALYSAR_CHANNEL_WIDTH" : 700.0, 
"VALYSAR_CHANNEL_VOLFRAC" : 0.6, 
"VOLON_FLOODPLAIN_AZIMUTH" : 0.0, 
"VOLON_FLOODPLAIN_VARIOGRAM_RANGE_PARALLEL" : 800.0, 
"VOLON_FLOODPLAIN_VARIOGRAM_RANGE_NORMAL" : 200.0, 
"VOLON_FLOODPLAIN_VOLFRAC" : 0.3, 
"VALYSAR_PORO_CHANNEL" : 0.27, 
"VALYSAR_PORO_CREVASSE" : 0.22, 
"THERYS_PORO_US" : 0.31, 
"THERYS_PORO_LS" : 0.23, 
"VOLON_PORO_CHANNEL" : 0.2, 
"VALYSAR_PERMH_CHANNEL" : 1000.0, 
"VALYSAR_PERMH_CREVASSE" : 100.0, 
"THERYS_PERMH_US" : 1200.0, 
"THERYS_PERMH_LS" : 40.0, 
"VOLON_PERMH_CHANNEL" : 1100.0
}, 
"LOG10_GLOBVAR" : {
"FAULT_SEAL_SCALING" : 0.6331494096641151
}, 
"MULTREGT" : {
"MULT_R1_VALYSAR_THERYS" : 0.008586917188680678, 
"MULT_R1_VALYSAR_VOLON" : 0.06393844913381734, 
"MULT_R1_THERYS_VOLON" : 0.0037970178703552637, 
"MULT_R2_VALYSAR_THERYS" : 0.00014779590447924973, 
"MULT_R2_VALYSAR_VOLON" : 7.054115830119056e-06, 
"MULT_R2_THERYS_VOLON" : 0.18589375688232293, 
"MULT_R3_VALYSAR_THERYS" : 0.023572567718352252, 
"MULT_R3_VALYSAR_VOLON" : 0.00011209222909118135, 
"MULT_R3_THERYS_VOLON" : 0.0002417293079953806, 
"MULT_R4_VALYSAR_THERYS" : 0.07788741374607731, 
"MULT_R4_VALYSAR_VOLON" : 0.00013866935663859342, 
"MULT_R4_THERYS_VOLON" : 0.1929629124019756, 
"MULT_R5_VALYSAR_THERYS" : 0.0016629878874325566, 
"MULT_R5_VALYSAR_VOLON" : 5.9952980623937885e-05, 
"MULT_R5_THERYS_VOLON" : 5.728893066544337e-05, 
"MULT_R6_VALYSAR_THERYS" : 0.003341987674110283, 
"MULT_R6_VALYSAR_VOLON" : 3.1572668618509325e-06, 
"MULT_R6_THERYS_VOLON" : 0.017547611677391245, 
"MULT_R7_VALYSAR_THERYS" : 0.6841127355514836, 
"MULT_R7_VALYSAR_VOLON" : 0.04159154117645359, 
"MULT_R7_THERYS_VOLON" : 0.7026884216906195, 
"MULT_R5_THERYS_R2_ALL" : 0.0011392933543953425, 
"MULT_R5_THERYS_R6_ALL" : 8.100362292020693e-06
}, 
"LOG10_MULTREGT" : {
"MULT_R1_VALYSAR_THERYS" : -2.0661627253710395, 
"MULT_R1_VALYSAR_VOLON" : -1.194237902014811, 
"MULT_R1_THERYS_VOLON" : -2.4205573588837956, 
"MULT_R2_VALYSAR_THERYS" : -3.830337600357337, 
"MULT_R2_VALYSAR_VOLON" : -5.151557413399952, 
"MULT_R2_THERYS_VOLON" : -0.7307351954733191, 
"MULT_R3_VALYSAR_THERYS" : -1.6275931079646953, 
"MULT_R3_VALYSAR_VOLON" : -3.950424494272105, 
"MULT_R3_THERYS_VOLON" : -3.6166706912182107, 
"MULT_R4_VALYSAR_THERYS" : -1.108532716682435, 
"MULT_R4_VALYSAR_VOLON" : -3.8580194993671992, 
"MULT_R4_THERYS_VOLON" : -0.7145261546551899, 
"MULT_R5_VALYSAR_THERYS" : -2.7791109140037875, 
"MULT_R5_VALYSAR_VOLON" : -4.222189220632682, 
"MULT_R5_THERYS_VOLON" : -4.241929284059192, 
"MULT_R6_VALYSAR_THERYS" : -2.475995156200784, 
"MULT_R6_VALYSAR_VOLON" : -5.500688708658563, 
"MULT_R6_THERYS_VOLON" : -1.7557819849482075, 
"MULT_R7_VALYSAR_THERYS" : -0.16487232460505102, 
"MULT_R7_VALYSAR_VOLON" : -1.3809949865350817, 
"MULT_R7_THERYS_VOLON" : -0.15323720234338506, 
"MULT_R5_THERYS_R2_ALL" : -2.9433644358932773, 
"MULT_R5_THERYS_R6_ALL" : -5.091495556688413
}, 
"RATE" : {
"WWIR_MULT_20180101_A5" : 1.0, 
"WWIR_MULT_20190101_A5" : 1.0, 
"WOPR_MULT_20180101_A1" : 1.0, 
"WWPR_MULT_20180101_A1" : 1.0, 
"WGPR_MULT_20180101_A1" : 1.0
}
}