{
"SWITCHES" : {
"DCONV_ALTERNATIVE" : 2.0, 
"HUM_MODEL_MODE" : 0.0, 
"PETROMODEL_ALTERNATIVE" : 1.0, 
"FACIESMODEL_ALTERNATIVE" : 1.0, 
"FACIES_VALYSAR_SEISCOND" : 1.0, 
"FACIES_THERYS_ALT2" : 1.0
}, 
"GLOBVAR" : {
"KVKH_CHANNEL" : 0.5907224751774575, 
"KVKH_CREVASSE" : 0.15111883777998125, 
"KVKH_US" : 0.5326712997410168, 
"KVKH_LS" : 0.7108695581226616, 
"FWL_CENTRAL" : 1680.9228999522593, 
"FWL_NORTH_HORST" : 1663.959520339358, 
"GOC_NORTH_HORST" : 1643.4190853713292, 
"FAULT_SEAL_SCALING" : 1.5282566716759651, 
"RELPERM_INT_WO" : 0.4153464653134957, 
"RELPERM_INT_GO" : 0.5980624880564767, 
"PERMREF_CHANNEL" : 1050.0, 
"PERMREF_CREAVASSE" : 100.0, 
"PERMREF_USHOREFACE" : 1200.0, 
"PERMREF_LSHOREFACE" : 40.0, 
"PERMREF_OFFSHORE" : 2.0, 
"PERMREF_FLOODPLAIN" : 1.0, 
"POROREF_CHANNEL" : 0.24, 
"POROREF_CREAVASSE" : 0.22, 
"POROREF_USHOREFACE" : 0.31, 
"POROREF_LSHOREFACE" : 0.23, 
"POROREF_OFFSHORE" : 0.1, 
"POROREF_FLOODPLAIN" : 0.13, 
"SWLHEIGHT" : 350.0, 
"SIMGRID_MINPV" : 100.0, 
"ISOTREND_ALT1W_VALYSAR" : 0.9214844712956889, 
"ISOTREND_ALT1W_THERYS" : 0.9585065734154143, 
"ISOTREND_ALT1W_VOLON" : 0.4097434281537599, 
"VALYSAR_APS_PROB_CHANNEL" : 0.3448460965322894, 
"THERYS_APS_PROB_LOWSHOREFACE" : 0.20115006370143765, 
"THERYS_APS_PROB_UPSHOREFACE" : 0.181685500589345, 
"VOLON_APS_PROB_CHANNEL" : 0.5772786225581893, 
"VALYSAR_CHANNEL_AZIMUTH" : 70.0, 
"VALYSAR_CHANNEL_WIDTH" : 700.0, 
"VALYSAR_CHANNEL_VOLFRAC" : 0.6, 
"VOLON_FLOODPLAIN_AZIMUTH" : 0.0, 
"VOLON_FLOODPLAIN_VARIOGRAM_RANGE_PARALLEL" : 800.0, 
"VOLON_FLOODPLAIN_VARIOGRAM_RANGE_NORMAL" : 200.0, 
"VOLON_FLOODPLAIN_VOLFRAC" : 0.3, 
"VALYSAR_PORO_CHANNEL" : 0.27, 
"VALYSAR_PORO_CREVASSE" : 0.22, 
"THERYS_PORO_US" : 0.31, 
"THERYS_PORO_LS" : 0.23, 
"VOLON_PORO_CHANNEL" : 0.2, 
"VALYSAR_PERMH_CHANNEL" : 1000.0, 
"VALYSAR_PERMH_CREVASSE" : 100.0, 
"THERYS_PERMH_US" : 1200.0, 
"THERYS_PERMH_LS" : 40.0, 
"VOLON_PERMH_CHANNEL" : 1100.0
}, 
"LOG10_GLOBVAR" : {
"FAULT_SEAL_SCALING" : 0.18419630039882565
}, 
"MULTREGT" : {
"MULT_R1_VALYSAR_THERYS" : 6.845431261572339e-06, 
"MULT_R1_VALYSAR_VOLON" : 1.679681244143022e-05, 
"MULT_R1_THERYS_VOLON" : 5.966390166336374e-06, 
"MULT_R2_VALYSAR_THERYS" : 0.0021580100826414845, 
"MULT_R2_VALYSAR_VOLON" : 0.9748764856753127, 
"MULT_R2_THERYS_VOLON" : 0.10434735808792339, 
"MULT_R3_VALYSAR_THERYS" : 0.29802088250040626, 
"MULT_R3_VALYSAR_VOLON" : 0.13853349251398142, 
"MULT_R3_THERYS_VOLON" : 1.2455285437411344e-05, 
"MULT_R4_VALYSAR_THERYS" : 0.1324461437564699, 
"MULT_R4_VALYSAR_VOLON" : 0.003144408751367087, 
"MULT_R4_THERYS_VOLON" : 2.5439941421229043e-05, 
"MULT_R5_VALYSAR_THERYS" : 1.0683496499960387e-05, 
"MULT_R5_VALYSAR_VOLON" : 0.001922176306417398, 
"MULT_R5_THERYS_VOLON" : 0.00016246703123918565, 
"MULT_R6_VALYSAR_THERYS" : 0.01861806430648057, 
"MULT_R6_VALYSAR_VOLON" : 0.016325318899612945, 
"MULT_R6_THERYS_VOLON" : 4.536737259819782e-06, 
"MULT_R7_VALYSAR_THERYS" : 0.25146484214389603, 
"MULT_R7_VALYSAR_VOLON" : 0.1959095613212632, 
"MULT_R7_THERYS_VOLON" : 0.0010271254335185896, 
"MULT_R5_THERYS_R2_ALL" : 3.6004183699317027e-06, 
"MULT_R5_THERYS_R6_ALL" : 4.025127434052175e-06
}, 
"LOG10_MULTREGT" : {
"MULT_R1_VALYSAR_THERYS" : -5.164599186153624, 
"MULT_R1_VALYSAR_VOLON" : -4.774773127229103, 
"MULT_R1_THERYS_VOLON" : -5.2242883497761055, 
"MULT_R2_VALYSAR_THERYS" : -2.6659465305403507, 
"MULT_R2_VALYSAR_VOLON" : -0.011050404801595904, 
"MULT_R2_THERYS_VOLON" : -0.9815185421170819, 
"MULT_R3_VALYSAR_THERYS" : -0.525753303584997, 
"MULT_R3_VALYSAR_VOLON" : -0.858445216812116, 
"MULT_R3_THERYS_VOLON" : -4.904646315299516, 
"MULT_R4_VALYSAR_THERYS" : -0.8779606819093423, 
"MULT_R4_VALYSAR_VOLON" : -2.5024610036871424, 
"MULT_R4_THERYS_VOLON" : -4.594483893041952, 
"MULT_R5_VALYSAR_THERYS" : -4.971286587932724, 
"MULT_R5_VALYSAR_VOLON" : -2.7162067803550096, 
"MULT_R5_THERYS_VOLON" : -3.7892347553223993, 
"MULT_R6_VALYSAR_THERYS" : -1.7300654739837733, 
"MULT_R6_VALYSAR_VOLON" : -1.787138326439444, 
"MULT_R6_THERYS_VOLON" : -5.343256371695976, 
"MULT_R7_VALYSAR_THERYS" : -0.5995227260364375, 
"MULT_R7_VALYSAR_VOLON" : -0.7079443678453172, 
"MULT_R7_THERYS_VOLON" : -2.9883765167157113, 
"MULT_R5_THERYS_R2_ALL" : -5.443647031122777, 
"MULT_R5_THERYS_R6_ALL" : -5.3952203654751
}, 
"RATE" : {
"WWIR_MULT_20180101_A5" : 1.0, 
"WWIR_MULT_20190101_A5" : 1.0, 
"WOPR_MULT_20180101_A1" : 1.0, 
"WWPR_MULT_20180101_A1" : 1.0, 
"WGPR_MULT_20180101_A1" : 1.0
}
}