{
"SWITCHES" : {
"DCONV_ALTERNATIVE" : 2.0, 
"HUM_MODEL_MODE" : 0.0, 
"PETROMODEL_ALTERNATIVE" : 1.0, 
"FACIESMODEL_ALTERNATIVE" : 1.0, 
"FACIES_VALYSAR_SEISCOND" : 1.0, 
"FACIES_THERYS_ALT2" : 1.0
}, 
"GLOBVAR" : {
"KVKH_CHANNEL" : 0.7925609216652078, 
"KVKH_CREVASSE" : 0.34642238682640925, 
"KVKH_US" : 0.5582612598726693, 
"KVKH_LS" : 0.6353662731314556, 
"FWL_CENTRAL" : 1676.5901919881833, 
"FWL_NORTH_HORST" : 1663.9595263289414, 
"GOC_NORTH_HORST" : 1644.0663839553988, 
"FAULT_SEAL_SCALING" : 2.8127353730047564, 
"RELPERM_INT_WO" : -0.9537305692773939, 
"RELPERM_INT_GO" : -0.5545658164636846, 
"PERMREF_CHANNEL" : 1050.0, 
"PERMREF_CREAVASSE" : 100.0, 
"PERMREF_USHOREFACE" : 1200.0, 
"PERMREF_LSHOREFACE" : 40.0, 
"PERMREF_OFFSHORE" : 2.0, 
"PERMREF_FLOODPLAIN" : 1.0, 
"POROREF_CHANNEL" : 0.24, 
"POROREF_CREAVASSE" : 0.22, 
"POROREF_USHOREFACE" : 0.31, 
"POROREF_LSHOREFACE" : 0.23, 
"POROREF_OFFSHORE" : 0.1, 
"POROREF_FLOODPLAIN" : 0.13, 
"SWLHEIGHT" : 350.0, 
"SIMGRID_MINPV" : 100.0, 
"ISOTREND_ALT1W_VALYSAR" : 0.8330859838400217, 
"ISOTREND_ALT1W_THERYS" : 0.9866900109165269, 
"ISOTREND_ALT1W_VOLON" : 0.4914676421399435, 
"VALYSAR_APS_PROB_CHANNEL" : 0.3023824666173731, 
"THERYS_APS_PROB_LOWSHOREFACE" : 0.34397758357482977, 
"THERYS_APS_PROB_UPSHOREFACE" : 0.12266252528497282, 
"VOLON_APS_PROB_CHANNEL" : 0.6274194168109503, 
"VALYSAR_CHANNEL_AZIMUTH" : 70.0, 
"VALYSAR_CHANNEL_WIDTH" : 700.0, 
"VALYSAR_CHANNEL_VOLFRAC" : 0.6, 
"VOLON_FLOODPLAIN_AZIMUTH" : 0.0, 
"VOLON_FLOODPLAIN_VARIOGRAM_RANGE_PARALLEL" : 800.0, 
"VOLON_FLOODPLAIN_VARIOGRAM_RANGE_NORMAL" : 200.0, 
"VOLON_FLOODPLAIN_VOLFRAC" : 0.3, 
"VALYSAR_PORO_CHANNEL" : 0.27, 
"VALYSAR_PORO_CREVASSE" : 0.22, 
"THERYS_PORO_US" : 0.31, 
"THERYS_PORO_LS" : 0.23, 
"VOLON_PORO_CHANNEL" : 0.2, 
"VALYSAR_PERMH_CHANNEL" : 1000.0, 
"VALYSAR_PERMH_CREVASSE" : 100.0, 
"THERYS_PERMH_US" : 1200.0, 
"THERYS_PERMH_LS" : 40.0, 
"VOLON_PERMH_CHANNEL" : 1100.0
}, 
"LOG10_GLOBVAR" : {
"FAULT_SEAL_SCALING" : 0.449128874913211
}, 
"MULTREGT" : {
"MULT_R1_VALYSAR_THERYS" : 0.040281276221332867, 
"MULT_R1_VALYSAR_VOLON" : 0.20691218509394846, 
"MULT_R1_THERYS_VOLON" : 0.00018585124102492333, 
"MULT_R2_VALYSAR_THERYS" : 2.915733900506175e-05, 
"MULT_R2_VALYSAR_VOLON" : 8.014655987812649e-06, 
"MULT_R2_THERYS_VOLON" : 0.0004568128682800781, 
"MULT_R3_VALYSAR_THERYS" : 6.1014916114328585e-05, 
"MULT_R3_VALYSAR_VOLON" : 0.0037921486596086346, 
"MULT_R3_THERYS_VOLON" : 0.10313396785038052, 
"MULT_R4_VALYSAR_THERYS" : 0.0039060997380634043, 
"MULT_R4_VALYSAR_VOLON" : 0.048532262310822895, 
"MULT_R4_THERYS_VOLON" : 0.007839329908790717, 
"MULT_R5_VALYSAR_THERYS" : 6.709162675845369e-06, 
"MULT_R5_VALYSAR_VOLON" : 0.01218670718283046, 
"MULT_R5_THERYS_VOLON" : 0.00031048635765070507, 
"MULT_R6_VALYSAR_THERYS" : 5.535952190456037e-06, 
"MULT_R6_VALYSAR_VOLON" : 0.0008799054729728119, 
"MULT_R6_THERYS_VOLON" : 9.392627691303495e-05, 
"MULT_R7_VALYSAR_THERYS" : 0.019940318604973296, 
"MULT_R7_VALYSAR_VOLON" : 3.470220739428094e-05, 
"MULT_R7_THERYS_VOLON" : 0.1578830115576831, 
"MULT_R5_THERYS_R2_ALL" : 0.0004875974339961935, 
"MULT_R5_THERYS_R6_ALL" : 0.00015978055180273547
}, 
"LOG10_MULTREGT" : {
"MULT_R1_VALYSAR_THERYS" : -1.3948967782598722, 
"MULT_R1_VALYSAR_VOLON" : -0.684213932904883, 
"MULT_R1_THERYS_VOLON" : -3.7308345345495484, 
"MULT_R2_VALYSAR_THERYS" : -4.535252113692572, 
"MULT_R2_VALYSAR_VOLON" : -5.0961151140835135, 
"MULT_R2_THERYS_VOLON" : -3.3402616706459343, 
"MULT_R3_VALYSAR_THERYS" : -4.214563981476873, 
"MULT_R3_VALYSAR_VOLON" : -2.421114645811235, 
"MULT_R3_THERYS_VOLON" : -0.9865982734131535, 
"MULT_R4_VALYSAR_THERYS" : -2.4082566716632288, 
"MULT_R4_VALYSAR_VOLON" : -1.3139694637597863, 
"MULT_R4_THERYS_VOLON" : -2.1057210584063775, 
"MULT_R5_VALYSAR_THERYS" : -5.173331677737266, 
"MULT_R5_VALYSAR_VOLON" : -1.9141136237915846, 
"MULT_R5_THERYS_VOLON" : -3.5079574773784823, 
"MULT_R6_VALYSAR_THERYS" : -5.256807669185472, 
"MULT_R6_VALYSAR_VOLON" : -3.0555639809990693, 
"MULT_R6_THERYS_VOLON" : -4.02721289205893, 
"MULT_R7_VALYSAR_THERYS" : -1.7002679068429996, 
"MULT_R7_VALYSAR_VOLON" : -4.459642899022815, 
"MULT_R7_THERYS_VOLON" : -0.801664598197413, 
"MULT_R5_THERYS_R2_ALL" : -3.311938588542224, 
"MULT_R5_THERYS_R6_ALL" : -3.7964760833372013
}, 
"RATE" : {
"WWIR_MULT_20180101_A5" : 1.0, 
"WWIR_MULT_20190101_A5" : 1.0, 
"WOPR_MULT_20180101_A1" : 1.0, 
"WWPR_MULT_20180101_A1" : 1.0, 
"WGPR_MULT_20180101_A1" : 1.0
}
}