{
"SWITCHES" : {
"DCONV_ALTERNATIVE" : 2.0, 
"HUM_MODEL_MODE" : 0.0, 
"PETROMODEL_ALTERNATIVE" : 1.0, 
"FACIESMODEL_ALTERNATIVE" : 1.0, 
"FACIES_VALYSAR_SEISCOND" : 1.0, 
"FACIES_THERYS_ALT2" : 1.0
}, 
"GLOBVAR" : {
"KVKH_CHANNEL" : 0.7183413706230252, 
"KVKH_CREVASSE" : 0.4223497733067765, 
"KVKH_US" : 0.5960639754883549, 
"KVKH_LS" : 0.7846863333586567, 
"FWL_CENTRAL" : 1675.1475925338614, 
"FWL_NORTH_HORST" : 1664.9123758813912, 
"GOC_NORTH_HORST" : 1641.4055197583941, 
"FAULT_SEAL_SCALING" : 2.5083458656340114, 
"RELPERM_INT_WO" : 0.33174431975078433, 
"RELPERM_INT_GO" : 0.2866259343282851, 
"PERMREF_CHANNEL" : 1050.0, 
"PERMREF_CREAVASSE" : 100.0, 
"PERMREF_USHOREFACE" : 1200.0, 
"PERMREF_LSHOREFACE" : 40.0, 
"PERMREF_OFFSHORE" : 2.0, 
"PERMREF_FLOODPLAIN" : 1.0, 
"POROREF_CHANNEL" : 0.24, 
"POROREF_CREAVASSE" : 0.22, 
"POROREF_USHOREFACE" : 0.31, 
"POROREF_LSHOREFACE" : 0.23, 
"POROREF_OFFSHORE" : 0.1, 
"POROREF_FLOODPLAIN" : 0.13, 
"SWLHEIGHT" : 350.0, 
"SIMGRID_MINPV" : 100.0, 
"ISOTREND_ALT1W_VALYSAR" : 0.8697585075007876, 
"ISOTREND_ALT1W_THERYS" : 0.8757892357589258, 
"ISOTREND_ALT1W_VOLON" : 0.44076364070581614, 
"VALYSAR_APS_PROB_CHANNEL" : 0.2877608735702902, 
"THERYS_APS_PROB_LOWSHOREFACE" : 0.2349908979174694, 
"THERYS_APS_PROB_UPSHOREFACE" : 0.14496325619473194, 
"VOLON_APS_PROB_CHANNEL" : 0.6761510465527139, 
"VALYSAR_CHANNEL_AZIMUTH" : 70.0, 
"VALYSAR_CHANNEL_WIDTH" : 700.0, 
"VALYSAR_CHANNEL_VOLFRAC" : 0.6, 
"VOLON_FLOODPLAIN_AZIMUTH" : 0.0, 
"VOLON_FLOODPLAIN_VARIOGRAM_RANGE_PARALLEL" : 800.0, 
"VOLON_FLOODPLAIN_VARIOGRAM_RANGE_NORMAL" : 200.0, 
"VOLON_FLOODPLAIN_VOLFRAC" : 0.3, 
"VALYSAR_PORO_CHANNEL" : 0.27, 
"VALYSAR_PORO_CREVASSE" : 0.22, 
"THERYS_PORO_US" : 0.31, 
"THERYS_PORO_LS" : 0.23, 
"VOLON_PORO_CHANNEL" : 0.2, 
"VALYSAR_PERMH_CHANNEL" : 1000.0, 
"VALYSAR_PERMH_CREVASSE" : 100.0, 
"THERYS_PERMH_US" : 1200.0, 
"THERYS_PERMH_LS" : 40.0, 
"VOLON_PERMH_CHANNEL" : 1100.0
}, 
"LOG10_GLOBVAR" : {
"FAULT_SEAL_SCALING" : 0.399387419391574
}, 
"MULTREGT" : {
"MULT_R1_VALYSAR_THERYS" : 0.00020255658882357877, 
"MULT_R1_VALYSAR_VOLON" : 3.793758067934669e-05, 
"MULT_R1_THERYS_VOLON" : 0.6377732942525655, 
"MULT_R2_VALYSAR_THERYS" : 0.0005414501520674462, 
"MULT_R2_VALYSAR_VOLON" : 0.0008704989573610275, 
"MULT_R2_THERYS_VOLON" : 2.230315853049018e-06, 
"MULT_R3_VALYSAR_THERYS" : 0.12605067243310364, 
"MULT_R3_VALYSAR_VOLON" : 4.540718874272173e-05, 
"MULT_R3_THERYS_VOLON" : 2.4671336462718738e-06, 
"MULT_R4_VALYSAR_THERYS" : 0.04081328354855676, 
"MULT_R4_VALYSAR_VOLON" : 0.0018383336281069175, 
"MULT_R4_THERYS_VOLON" : 0.0019528916075071854, 
"MULT_R5_VALYSAR_THERYS" : 1.2812622176266612e-06, 
"MULT_R5_VALYSAR_VOLON" : 0.1382438667204978, 
"MULT_R5_THERYS_VOLON" : 1.1570174977660474e-06, 
"MULT_R6_VALYSAR_THERYS" : 2.565165286569851e-05, 
"MULT_R6_VALYSAR_VOLON" : 1.5325308855991e-06, 
"MULT_R6_THERYS_VOLON" : 5.081011539079276e-05, 
"MULT_R7_VALYSAR_THERYS" : 3.4136862760898704e-06, 
"MULT_R7_VALYSAR_VOLON" : 2.36415911225264e-05, 
"MULT_R7_THERYS_VOLON" : 1.6715956202988694e-06, 
"MULT_R5_THERYS_R2_ALL" : 0.0009108185742527633, 
"MULT_R5_THERYS_R6_ALL" : 0.0007547855966332232
}, 
"LOG10_MULTREGT" : {
"MULT_R1_VALYSAR_THERYS" : -3.693453625384948, 
"MULT_R1_VALYSAR_VOLON" : -4.420930367994299, 
"MULT_R1_THERYS_VOLON" : -0.1953336701064961, 
"MULT_R2_VALYSAR_THERYS" : -3.266441519977795, 
"MULT_R2_VALYSAR_VOLON" : -3.0602317447219782, 
"MULT_R2_THERYS_VOLON" : -5.651633628645688, 
"MULT_R3_VALYSAR_THERYS" : -0.8994548331830337, 
"MULT_R3_VALYSAR_VOLON" : -4.342875385377542, 
"MULT_R3_THERYS_VOLON" : -5.607807323851856, 
"MULT_R4_VALYSAR_THERYS" : -1.3891984635542542, 
"MULT_R4_VALYSAR_VOLON" : -2.7355756683050862, 
"MULT_R4_THERYS_VOLON" : -2.709321860945571, 
"MULT_R5_VALYSAR_THERYS" : -5.892361980314283, 
"MULT_R5_VALYSAR_VOLON" : -0.8593541273544045, 
"MULT_R5_THERYS_VOLON" : -5.936660073091657, 
"MULT_R6_VALYSAR_THERYS" : -4.5908846458611325, 
"MULT_R6_VALYSAR_VOLON" : -5.8145907642417844, 
"MULT_R6_THERYS_VOLON" : -4.294049818797091, 
"MULT_R7_VALYSAR_THERYS" : -5.4667763938315845, 
"MULT_R7_VALYSAR_VOLON" : -4.626323297990468, 
"MULT_R7_THERYS_VOLON" : -5.776868775409797, 
"MULT_R5_THERYS_R2_ALL" : -3.0405681214327966, 
"MULT_R5_THERYS_R6_ALL" : -3.1221763959506617
}, 
"RATE" : {
"WWIR_MULT_20180101_A5" : 1.0, 
"WWIR_MULT_20190101_A5" : 1.0, 
"WOPR_MULT_20180101_A1" : 1.0, 
"WWPR_MULT_20180101_A1" : 1.0, 
"WGPR_MULT_20180101_A1" : 1.0
}
}