{
"SWITCHES" : {
"DCONV_ALTERNATIVE" : 2.0, 
"HUM_MODEL_MODE" : 0.0, 
"PETROMODEL_ALTERNATIVE" : 1.0, 
"FACIESMODEL_ALTERNATIVE" : 1.0, 
"FACIES_VALYSAR_SEISCOND" : 1.0, 
"FACIES_THERYS_ALT2" : 1.0
}, 
"GLOBVAR" : {
"KVKH_CHANNEL" : 0.454606554330774, 
"KVKH_CREVASSE" : 0.3152737706829907, 
"KVKH_US" : 0.685810375318424, 
"KVKH_LS" : 0.8197373720975667, 
"FWL_CENTRAL" : 1672.772003047466, 
"FWL_NORTH_HORST" : 1662.4726965276864, 
"GOC_NORTH_HORST" : 1635.2212793124359, 
"FAULT_SEAL_SCALING" : 0.8462315433383906, 
"RELPERM_INT_WO" : -0.759260180448011, 
"RELPERM_INT_GO" : -0.3773782046137517, 
"PERMREF_CHANNEL" : 1050.0, 
"PERMREF_CREAVASSE" : 100.0, 
"PERMREF_USHOREFACE" : 1200.0, 
"PERMREF_LSHOREFACE" : 40.0, 
"PERMREF_OFFSHORE" : 2.0, 
"PERMREF_FLOODPLAIN" : 1.0, 
"POROREF_CHANNEL" : 0.24, 
"POROREF_CREAVASSE" : 0.22, 
"POROREF_USHOREFACE" : 0.31, 
"POROREF_LSHOREFACE" : 0.23, 
"POROREF_OFFSHORE" : 0.1, 
"POROREF_FLOODPLAIN" : 0.13, 
"SWLHEIGHT" : 350.0, 
"SIMGRID_MINPV" : 100.0, 
"ISOTREND_ALT1W_VALYSAR" : 0.992174485290752, 
"ISOTREND_ALT1W_THERYS" : 0.8483866657988206, 
"ISOTREND_ALT1W_VOLON" : 0.41383942959383097, 
"VALYSAR_APS_PROB_CHANNEL" : 0.3948238500438668, 
"THERYS_APS_PROB_LOWSHOREFACE" : 0.22947139268053426, 
"THERYS_APS_PROB_UPSHOREFACE" : 0.17145015319646706, 
"VOLON_APS_PROB_CHANNEL" : 0.7171019671540291, 
"VALYSAR_CHANNEL_AZIMUTH" : 70.0, 
"VALYSAR_CHANNEL_WIDTH" : 700.0, 
"VALYSAR_CHANNEL_VOLFRAC" : 0.6, 
"VOLON_FLOODPLAIN_AZIMUTH" : 0.0, 
"VOLON_FLOODPLAIN_VARIOGRAM_RANGE_PARALLEL" : 800.0, 
"VOLON_FLOODPLAIN_VARIOGRAM_RANGE_NORMAL" : 200.0, 
"VOLON_FLOODPLAIN_VOLFRAC" : 0.3, 
"VALYSAR_PORO_CHANNEL" : 0.27, 
"VALYSAR_PORO_CREVASSE" : 0.22, 
"THERYS_PORO_US" : 0.31, 
"THERYS_PORO_LS" : 0.23, 
"VOLON_PORO_CHANNEL" : 0.2, 
"VALYSAR_PERMH_CHANNEL" : 1000.0, 
"VALYSAR_PERMH_CREVASSE" : 100.0, 
"THERYS_PERMH_US" : 1200.0, 
"THERYS_PERMH_LS" : 40.0, 
"VOLON_PERMH_CHANNEL" : 1100.0
}, 
"LOG10_GLOBVAR" : {
"FAULT_SEAL_SCALING" : -0.07251079034662529
}, 
"MULTREGT" : {
"MULT_R1_VALYSAR_THERYS" : 0.0072869451557515475, 
"MULT_R1_VALYSAR_VOLON" : 6.654399371448173e-06, 
"MULT_R1_THERYS_VOLON" : 0.0006637191295562391, 
"MULT_R2_VALYSAR_THERYS" : 1.559113681361252e-05, 
"MULT_R2_VALYSAR_VOLON" : 0.0016140213647124772, 
"MULT_R2_THERYS_VOLON" : 0.0001544489587213671, 
"MULT_R3_VALYSAR_THERYS" : 0.0014080425860776295, 
"MULT_R3_VALYSAR_VOLON" : 0.0018349750046080088, 
"MULT_R3_THERYS_VOLON" : 1.7891983260268086e-06, 
"MULT_R4_VALYSAR_THERYS" : 0.021214639622475866, 
"MULT_R4_VALYSAR_VOLON" : 3.637096966800776e-05, 
"MULT_R4_THERYS_VOLON" : 0.0001922595807951409, 
"MULT_R5_VALYSAR_THERYS" : 1.2511663448883951e-05, 
"MULT_R5_VALYSAR_VOLON" : 0.0158123902381023, 
"MULT_R5_THERYS_VOLON" : 0.000569454905177515, 
"MULT_R6_VALYSAR_THERYS" : 0.019591426052323377, 
"MULT_R6_VALYSAR_VOLON" : 1.6393816961049788e-05, 
"MULT_R6_THERYS_VOLON" : 6.690176493333404e-06, 
"MULT_R7_VALYSAR_THERYS" : 0.8302090935469595, 
"MULT_R7_VALYSAR_VOLON" : 0.08962447639570102, 
"MULT_R7_THERYS_VOLON" : 0.05482054972782693, 
"MULT_R5_THERYS_R2_ALL" : 0.007659054951487805, 
"MULT_R5_THERYS_R6_ALL" : 0.0011427063117375668
}, 
"LOG10_MULTREGT" : {
"MULT_R1_VALYSAR_THERYS" : -2.1374544991240474, 
"MULT_R1_VALYSAR_VOLON" : -5.176891138001112, 
"MULT_R1_THERYS_VOLON" : -3.178015665044425, 
"MULT_R2_VALYSAR_THERYS" : -4.807122217468043, 
"MULT_R2_VALYSAR_VOLON" : -2.7920907208436097, 
"MULT_R2_THERYS_VOLON" : -3.8112150153203728, 
"MULT_R3_VALYSAR_THERYS" : -2.851384209811215, 
"MULT_R3_VALYSAR_VOLON" : -2.7363698471801468, 
"MULT_R3_THERYS_VOLON" : -5.747341516824922, 
"MULT_R4_VALYSAR_THERYS" : -1.6733643412859798, 
"MULT_R4_VALYSAR_VOLON" : -4.4392451202856416, 
"MULT_R4_THERYS_VOLON" : -3.716112008963273, 
"MULT_R5_VALYSAR_THERYS" : -4.902684946210248, 
"MULT_R5_VALYSAR_VOLON" : -1.8010024761300318, 
"MULT_R5_THERYS_VOLON" : -3.244540661765719, 
"MULT_R6_VALYSAR_THERYS" : -1.70793395072736, 
"MULT_R6_VALYSAR_VOLON" : -4.785319918172775, 
"MULT_R6_THERYS_VOLON" : -5.174562424972127, 
"MULT_R7_VALYSAR_THERYS" : -0.08081251396444165, 
"MULT_R7_VALYSAR_VOLON" : -1.0475733685528408, 
"MULT_R7_THERYS_VOLON" : -1.2610566137698012, 
"MULT_R5_THERYS_R2_ALL" : -2.1158248145285334, 
"MULT_R5_THERYS_R6_ALL" : -2.9420653737874787
}, 
"RATE" : {
"WWIR_MULT_20180101_A5" : 1.0, 
"WWIR_MULT_20190101_A5" : 1.0, 
"WOPR_MULT_20180101_A1" : 1.0, 
"WWPR_MULT_20180101_A1" : 1.0, 
"WGPR_MULT_20180101_A1" : 1.0
}
}