{
"SWITCHES" : {
"DCONV_ALTERNATIVE" : 2.0, 
"HUM_MODEL_MODE" : 0.0, 
"PETROMODEL_ALTERNATIVE" : 1.0, 
"FACIESMODEL_ALTERNATIVE" : 1.0, 
"FACIES_VALYSAR_SEISCOND" : 1.0, 
"FACIES_THERYS_ALT2" : 1.0
}, 
"GLOBVAR" : {
"KVKH_CHANNEL" : 0.7393682951437972, 
"KVKH_CREVASSE" : 0.2733735009855945, 
"KVKH_US" : 0.44280583360628967, 
"KVKH_LS" : 0.7233839074129531, 
"FWL_CENTRAL" : 1675.179233260962, 
"FWL_NORTH_HORST" : 1655.7071526771388, 
"GOC_NORTH_HORST" : 1642.15078731816, 
"FAULT_SEAL_SCALING" : 0.5464613193989158, 
"RELPERM_INT_WO" : 0.7219848426709232, 
"RELPERM_INT_GO" : 0.2992870424245839, 
"PERMREF_CHANNEL" : 1050.0, 
"PERMREF_CREAVASSE" : 100.0, 
"PERMREF_USHOREFACE" : 1200.0, 
"PERMREF_LSHOREFACE" : 40.0, 
"PERMREF_OFFSHORE" : 2.0, 
"PERMREF_FLOODPLAIN" : 1.0, 
"POROREF_CHANNEL" : 0.24, 
"POROREF_CREAVASSE" : 0.22, 
"POROREF_USHOREFACE" : 0.31, 
"POROREF_LSHOREFACE" : 0.23, 
"POROREF_OFFSHORE" : 0.1, 
"POROREF_FLOODPLAIN" : 0.13, 
"SWLHEIGHT" : 350.0, 
"SIMGRID_MINPV" : 100.0, 
"ISOTREND_ALT1W_VALYSAR" : 0.8027097249430142, 
"ISOTREND_ALT1W_THERYS" : 0.8530762930056996, 
"ISOTREND_ALT1W_VOLON" : 0.49154964767518966, 
"VALYSAR_APS_PROB_CHANNEL" : 0.28547341984651137, 
"THERYS_APS_PROB_LOWSHOREFACE" : 0.37430075577622923, 
"THERYS_APS_PROB_UPSHOREFACE" : 0.22773926823113028, 
"VOLON_APS_PROB_CHANNEL" : 0.6554630599892106, 
"VALYSAR_CHANNEL_AZIMUTH" : 70.0, 
"VALYSAR_CHANNEL_WIDTH" : 700.0, 
"VALYSAR_CHANNEL_VOLFRAC" : 0.6, 
"VOLON_FLOODPLAIN_AZIMUTH" : 0.0, 
"VOLON_FLOODPLAIN_VARIOGRAM_RANGE_PARALLEL" : 800.0, 
"VOLON_FLOODPLAIN_VARIOGRAM_RANGE_NORMAL" : 200.0, 
"VOLON_FLOODPLAIN_VOLFRAC" : 0.3, 
"VALYSAR_PORO_CHANNEL" : 0.27, 
"VALYSAR_PORO_CREVASSE" : 0.22, 
"THERYS_PORO_US" : 0.31, 
"THERYS_PORO_LS" : 0.23, 
"VOLON_PORO_CHANNEL" : 0.2, 
"VALYSAR_PERMH_CHANNEL" : 1000.0, 
"VALYSAR_PERMH_CREVASSE" : 100.0, 
"THERYS_PERMH_US" : 1200.0, 
"THERYS_PERMH_LS" : 40.0, 
"VOLON_PERMH_CHANNEL" : 1100.0
}, 
"LOG10_GLOBVAR" : {
"FAULT_SEAL_SCALING" : -0.26244057363401097
}, 
"MULTREGT" : {
"MULT_R1_VALYSAR_THERYS" : 1.1359777110498143e-05, 
"MULT_R1_VALYSAR_VOLON" : 8.343881532946047e-06, 
"MULT_R1_THERYS_VOLON" : 0.6134334136136812, 
"MULT_R2_VALYSAR_THERYS" : 5.918160770644941e-06, 
"MULT_R2_VALYSAR_VOLON" : 0.056745766310822225, 
"MULT_R2_THERYS_VOLON" : 7.12920200161679e-05, 
"MULT_R3_VALYSAR_THERYS" : 0.013712417738754945, 
"MULT_R3_VALYSAR_VOLON" : 5.771253503655826e-06, 
"MULT_R3_THERYS_VOLON" : 3.7457583550143636e-06, 
"MULT_R4_VALYSAR_THERYS" : 0.01696362994064066, 
"MULT_R4_VALYSAR_VOLON" : 0.032238789222946755, 
"MULT_R4_THERYS_VOLON" : 0.13596189113845403, 
"MULT_R5_VALYSAR_THERYS" : 0.0007700992033697039, 
"MULT_R5_VALYSAR_VOLON" : 0.0005038082033512152, 
"MULT_R5_THERYS_VOLON" : 0.00010768025775955616, 
"MULT_R6_VALYSAR_THERYS" : 0.0024964400199047154, 
"MULT_R6_VALYSAR_VOLON" : 0.0002447058001589153, 
"MULT_R6_THERYS_VOLON" : 0.0075946004798921425, 
"MULT_R7_VALYSAR_THERYS" : 5.030672114890165e-06, 
"MULT_R7_VALYSAR_VOLON" : 0.0031308147906861025, 
"MULT_R7_THERYS_VOLON" : 0.000221468351864299, 
"MULT_R5_THERYS_R2_ALL" : 1.845103336998278e-06, 
"MULT_R5_THERYS_R6_ALL" : 6.789225129177832e-06
}, 
"LOG10_MULTREGT" : {
"MULT_R1_VALYSAR_THERYS" : -4.944630189807251, 
"MULT_R1_VALYSAR_VOLON" : -5.078631870683282, 
"MULT_R1_THERYS_VOLON" : -0.21223257176269586, 
"MULT_R2_VALYSAR_THERYS" : -5.227813241126118, 
"MULT_R2_VALYSAR_VOLON" : -1.2460665347768831, 
"MULT_R2_THERYS_VOLON" : -4.146959079641809, 
"MULT_R3_VALYSAR_THERYS" : -1.8628859647562996, 
"MULT_R3_VALYSAR_VOLON" : -5.238729848785973, 
"MULT_R3_THERYS_VOLON" : -5.426460243103028, 
"MULT_R4_VALYSAR_THERYS" : -1.7704812101860787, 
"MULT_R4_VALYSAR_VOLON" : -1.4916212771543897, 
"MULT_R4_THERYS_VOLON" : -0.8665828033028412, 
"MULT_R5_VALYSAR_THERYS" : -3.113453325865251, 
"MULT_R5_VALYSAR_VOLON" : -3.2977347652992774, 
"MULT_R5_THERYS_VOLON" : -3.967863913526683, 
"MULT_R6_VALYSAR_THERYS" : -2.6026788639518847, 
"MULT_R6_VALYSAR_VOLON" : -3.6113557366263156, 
"MULT_R6_THERYS_VOLON" : -2.1194950676131725, 
"MULT_R7_VALYSAR_THERYS" : -5.298373987849042, 
"MULT_R7_VALYSAR_VOLON" : -2.5043426231407113, 
"MULT_R7_THERYS_VOLON" : -3.654688326292887, 
"MULT_R5_THERYS_R2_ALL" : -5.733979305693882, 
"MULT_R5_THERYS_R6_ALL" : -5.168179789979523
}, 
"RATE" : {
"WWIR_MULT_20180101_A5" : 1.0, 
"WWIR_MULT_20190101_A5" : 1.0, 
"WOPR_MULT_20180101_A1" : 1.0, 
"WWPR_MULT_20180101_A1" : 1.0, 
"WGPR_MULT_20180101_A1" : 1.0
}
}