{
"SWITCHES" : {
"DCONV_ALTERNATIVE" : 2.0, 
"HUM_MODEL_MODE" : 0.0, 
"PETROMODEL_ALTERNATIVE" : 1.0, 
"FACIESMODEL_ALTERNATIVE" : 1.0, 
"FACIES_VALYSAR_SEISCOND" : 1.0, 
"FACIES_THERYS_ALT2" : 1.0
}, 
"GLOBVAR" : {
"KVKH_CHANNEL" : 0.5787151981276112, 
"KVKH_CREVASSE" : 0.3254516558662308, 
"KVKH_US" : 0.48296340838985036, 
"KVKH_LS" : 0.6035354032291697, 
"FWL_CENTRAL" : 1679.0133771128687, 
"FWL_NORTH_HORST" : 1655.3471531828172, 
"GOC_NORTH_HORST" : 1641.5403071785438, 
"FAULT_SEAL_SCALING" : 9.238702963907084, 
"RELPERM_INT_WO" : -0.3834557203599791, 
"RELPERM_INT_GO" : 0.7807177892870474, 
"PERMREF_CHANNEL" : 1050.0, 
"PERMREF_CREAVASSE" : 100.0, 
"PERMREF_USHOREFACE" : 1200.0, 
"PERMREF_LSHOREFACE" : 40.0, 
"PERMREF_OFFSHORE" : 2.0, 
"PERMREF_FLOODPLAIN" : 1.0, 
"POROREF_CHANNEL" : 0.24, 
"POROREF_CREAVASSE" : 0.22, 
"POROREF_USHOREFACE" : 0.31, 
"POROREF_LSHOREFACE" : 0.23, 
"POROREF_OFFSHORE" : 0.1, 
"POROREF_FLOODPLAIN" : 0.13, 
"SWLHEIGHT" : 350.0, 
"SIMGRID_MINPV" : 100.0, 
"ISOTREND_ALT1W_VALYSAR" : 0.8752749790977539, 
"ISOTREND_ALT1W_THERYS" : 0.8215383339986531, 
"ISOTREND_ALT1W_VOLON" : 0.5730101323928223, 
"VALYSAR_APS_PROB_CHANNEL" : 0.38897963741763714, 
"THERYS_APS_PROB_LOWSHOREFACE" : 0.3025490019452434, 
"THERYS_APS_PROB_UPSHOREFACE" : 0.10683932987792022, 
"VOLON_APS_PROB_CHANNEL" : 0.6943848441653439, 
"VALYSAR_CHANNEL_AZIMUTH" : 70.0, 
"VALYSAR_CHANNEL_WIDTH" : 700.0, 
"VALYSAR_CHANNEL_VOLFRAC" : 0.6, 
"VOLON_FLOODPLAIN_AZIMUTH" : 0.0, 
"VOLON_FLOODPLAIN_VARIOGRAM_RANGE_PARALLEL" : 800.0, 
"VOLON_FLOODPLAIN_VARIOGRAM_RANGE_NORMAL" : 200.0, 
"VOLON_FLOODPLAIN_VOLFRAC" : 0.3, 
"VALYSAR_PORO_CHANNEL" : 0.27, 
"VALYSAR_PORO_CREVASSE" : 0.22, 
"THERYS_PORO_US" : 0.31, 
"THERYS_PORO_LS" : 0.23, 
"VOLON_PORO_CHANNEL" : 0.2, 
"VALYSAR_PERMH_CHANNEL" : 1000.0, 
"VALYSAR_PERMH_CREVASSE" : 100.0, 
"THERYS_PERMH_US" : 1200.0, 
"THERYS_PERMH_LS" : 40.0, 
"VOLON_PERMH_CHANNEL" : 1100.0
}, 
"LOG10_GLOBVAR" : {
"FAULT_SEAL_SCALING" : 0.965611004211761
}, 
"MULTREGT" : {
"MULT_R1_VALYSAR_THERYS" : 0.025034018367827995, 
"MULT_R1_VALYSAR_VOLON" : 2.596352200612405e-06, 
"MULT_R1_THERYS_VOLON" : 6.109780206213527e-05, 
"MULT_R2_VALYSAR_THERYS" : 0.00021258559712470924, 
"MULT_R2_VALYSAR_VOLON" : 0.00983656511133437, 
"MULT_R2_THERYS_VOLON" : 0.6926956734370615, 
"MULT_R3_VALYSAR_THERYS" : 0.0006011569657801471, 
"MULT_R3_VALYSAR_VOLON" : 3.6670007299135117e-06, 
"MULT_R3_THERYS_VOLON" : 0.006803373739222825, 
"MULT_R4_VALYSAR_THERYS" : 0.022178403169147744, 
"MULT_R4_VALYSAR_VOLON" : 2.9968456672878663e-06, 
"MULT_R4_THERYS_VOLON" : 0.00019247972489437671, 
"MULT_R5_VALYSAR_THERYS" : 0.00012234369233345014, 
"MULT_R5_VALYSAR_VOLON" : 0.0006721001134025063, 
"MULT_R5_THERYS_VOLON" : 1.1059053277814766e-05, 
"MULT_R6_VALYSAR_THERYS" : 4.593505128155005e-05, 
"MULT_R6_VALYSAR_VOLON" : 0.0015195722634780405, 
"MULT_R6_THERYS_VOLON" : 0.03977045428674492, 
"MULT_R7_VALYSAR_THERYS" : 0.1502682162168586, 
"MULT_R7_VALYSAR_VOLON" : 5.810535059916003e-05, 
"MULT_R7_THERYS_VOLON" : 9.839709930724415e-05, 
"MULT_R5_THERYS_R2_ALL" : 0.002715418048946645, 
"MULT_R5_THERYS_R6_ALL" : 3.2118685222520306e-05
}, 
"LOG10_MULTREGT" : {
"MULT_R1_VALYSAR_THERYS" : -1.6014694334559574, 
"MULT_R1_VALYSAR_VOLON" : -5.585636394919653, 
"MULT_R1_THERYS_VOLON" : -4.213974412825459, 
"MULT_R2_VALYSAR_THERYS" : -3.6724661626779693, 
"MULT_R2_VALYSAR_VOLON" : -2.007156528969086, 
"MULT_R2_THERYS_VOLON" : -0.15945752494909723, 
"MULT_R3_VALYSAR_THERYS" : -3.221012116230755, 
"MULT_R3_VALYSAR_VOLON" : -5.435689003593425, 
"MULT_R3_THERYS_VOLON" : -2.167275670679329, 
"MULT_R4_VALYSAR_THERYS" : -1.6540697259863473, 
"MULT_R4_VALYSAR_VOLON" : -5.523335621942939, 
"MULT_R4_THERYS_VOLON" : -3.715615010728147, 
"MULT_R5_VALYSAR_THERYS" : -3.9124184166300684, 
"MULT_R5_VALYSAR_VOLON" : -3.1725660313213173, 
"MULT_R5_THERYS_VOLON" : -4.956282049687665, 
"MULT_R6_VALYSAR_THERYS" : -4.337855794445325, 
"MULT_R6_VALYSAR_VOLON" : -2.8182786421562542, 
"MULT_R6_THERYS_VOLON" : -1.4004394481616258, 
"MULT_R7_VALYSAR_THERYS" : -0.8231328689230467, 
"MULT_R7_VALYSAR_VOLON" : -4.235783874000429, 
"MULT_R7_THERYS_VOLON" : -4.007017704144124, 
"MULT_R5_THERYS_R2_ALL" : -2.5661632996389163, 
"MULT_R5_THERYS_R6_ALL" : -4.493242240861948
}, 
"RATE" : {
"WWIR_MULT_20180101_A5" : 1.0, 
"WWIR_MULT_20190101_A5" : 1.0, 
"WOPR_MULT_20180101_A1" : 1.0, 
"WWPR_MULT_20180101_A1" : 1.0, 
"WGPR_MULT_20180101_A1" : 1.0
}
}