{
"SWITCHES" : {
"DCONV_ALTERNATIVE" : 2.0, 
"HUM_MODEL_MODE" : 0.0, 
"PETROMODEL_ALTERNATIVE" : 1.0, 
"FACIESMODEL_ALTERNATIVE" : 1.0, 
"FACIES_VALYSAR_SEISCOND" : 1.0, 
"FACIES_THERYS_ALT2" : 1.0
}, 
"GLOBVAR" : {
"KVKH_CHANNEL" : 0.4002413718936656, 
"KVKH_CREVASSE" : 0.12556838726475425, 
"KVKH_US" : 0.7246416785499754, 
"KVKH_LS" : 0.5511460166826867, 
"FWL_CENTRAL" : 1678.6335167979385, 
"FWL_NORTH_HORST" : 1658.5549448841616, 
"GOC_NORTH_HORST" : 1643.0917124279163, 
"FAULT_SEAL_SCALING" : 5.365838956640159, 
"RELPERM_INT_WO" : -0.20944910464386857, 
"RELPERM_INT_GO" : -0.4570609888990774, 
"PERMREF_CHANNEL" : 1050.0, 
"PERMREF_CREAVASSE" : 100.0, 
"PERMREF_USHOREFACE" : 1200.0, 
"PERMREF_LSHOREFACE" : 40.0, 
"PERMREF_OFFSHORE" : 2.0, 
"PERMREF_FLOODPLAIN" : 1.0, 
"POROREF_CHANNEL" : 0.24, 
"POROREF_CREAVASSE" : 0.22, 
"POROREF_USHOREFACE" : 0.31, 
"POROREF_LSHOREFACE" : 0.23, 
"POROREF_OFFSHORE" : 0.1, 
"POROREF_FLOODPLAIN" : 0.13, 
"SWLHEIGHT" : 350.0, 
"SIMGRID_MINPV" : 100.0, 
"ISOTREND_ALT1W_VALYSAR" : 0.9847880394400025, 
"ISOTREND_ALT1W_THERYS" : 0.8723285428513388, 
"ISOTREND_ALT1W_VOLON" : 0.5044441940840104, 
"VALYSAR_APS_PROB_CHANNEL" : 0.42581747376338275, 
"THERYS_APS_PROB_LOWSHOREFACE" : 0.3817034072055411, 
"THERYS_APS_PROB_UPSHOREFACE" : 0.2489204019359606, 
"VOLON_APS_PROB_CHANNEL" : 0.7050521825325835, 
"VALYSAR_CHANNEL_AZIMUTH" : 70.0, 
"VALYSAR_CHANNEL_WIDTH" : 700.0, 
"VALYSAR_CHANNEL_VOLFRAC" : 0.6, 
"VOLON_FLOODPLAIN_AZIMUTH" : 0.0, 
"VOLON_FLOODPLAIN_VARIOGRAM_RANGE_PARALLEL" : 800.0, 
"VOLON_FLOODPLAIN_VARIOGRAM_RANGE_NORMAL" : 200.0, 
"VOLON_FLOODPLAIN_VOLFRAC" : 0.3, 
"VALYSAR_PORO_CHANNEL" : 0.27, 
"VALYSAR_PORO_CREVASSE" : 0.22, 
"THERYS_PORO_US" : 0.31, 
"THERYS_PORO_LS" : 0.23, 
"VOLON_PORO_CHANNEL" : 0.2, 
"VALYSAR_PERMH_CHANNEL" : 1000.0, 
"VALYSAR_PERMH_CREVASSE" : 100.0, 
"THERYS_PERMH_US" : 1200.0, 
"THERYS_PERMH_LS" : 40.0, 
"VOLON_PERMH_CHANNEL" : 1100.0
}, 
"LOG10_GLOBVAR" : {
"FAULT_SEAL_SCALING" : 0.7296376341778762
}, 
"MULTREGT" : {
"MULT_R1_VALYSAR_THERYS" : 0.01597750021937199, 
"MULT_R1_VALYSAR_VOLON" : 0.03866831185956003, 
"MULT_R1_THERYS_VOLON" : 0.9441938804643466, 
"MULT_R2_VALYSAR_THERYS" : 0.026134018068397855, 
"MULT_R2_VALYSAR_VOLON" : 1.1285436889504157e-05, 
"MULT_R2_THERYS_VOLON" : 7.966531464936948e-06, 
"MULT_R3_VALYSAR_THERYS" : 7.5743596214014985e-06, 
"MULT_R3_VALYSAR_VOLON" : 0.0029855268364993876, 
"MULT_R3_THERYS_VOLON" : 4.828031583696944e-06, 
"MULT_R4_VALYSAR_THERYS" : 4.417689894333531e-05, 
"MULT_R4_VALYSAR_VOLON" : 0.00011542281478165609, 
"MULT_R4_THERYS_VOLON" : 0.0001867151086046056, 
"MULT_R5_VALYSAR_THERYS" : 2.4322058878892085e-06, 
"MULT_R5_VALYSAR_VOLON" : 0.06769226259705903, 
"MULT_R5_THERYS_VOLON" : 2.0007581179562487e-05, 
"MULT_R6_VALYSAR_THERYS" : 0.8089916226973101, 
"MULT_R6_VALYSAR_VOLON" : 0.05052878567603561, 
"MULT_R6_THERYS_VOLON" : 0.03420873275406179, 
"MULT_R7_VALYSAR_THERYS" : 1.1670110722654705e-05, 
"MULT_R7_VALYSAR_VOLON" : 0.2336798374836099, 
"MULT_R7_THERYS_VOLON" : 0.00038800279877830444, 
"MULT_R5_THERYS_R2_ALL" : 0.00045656889609072687, 
"MULT_R5_THERYS_R6_ALL" : 0.001130124896439756
}, 
"LOG10_MULTREGT" : {
"MULT_R1_VALYSAR_THERYS" : -1.7964911678165183, 
"MULT_R1_VALYSAR_VOLON" : -1.4126447874842416, 
"MULT_R1_THERYS_VOLON" : -0.024938818657124186, 
"MULT_R2_VALYSAR_THERYS" : -1.582793812975366, 
"MULT_R2_VALYSAR_VOLON" : -4.947481623557582, 
"MULT_R2_THERYS_VOLON" : -5.09873072421463, 
"MULT_R3_VALYSAR_THERYS" : -5.120654078950797, 
"MULT_R3_VALYSAR_VOLON" : -2.52497902064994, 
"MULT_R3_THERYS_VOLON" : -5.3162298975265445, 
"MULT_R4_VALYSAR_THERYS" : -4.354804773278202, 
"MULT_R4_VALYSAR_VOLON" : -3.9377083388886, 
"MULT_R4_THERYS_VOLON" : -3.7288205384080326, 
"MULT_R5_VALYSAR_THERYS" : -5.613999664518749, 
"MULT_R5_VALYSAR_VOLON" : -1.1694609694749798, 
"MULT_R5_THERYS_VOLON" : -4.698805412306576, 
"MULT_R6_VALYSAR_THERYS" : -0.09205597558818346, 
"MULT_R6_VALYSAR_VOLON" : -1.2964611387404739, 
"MULT_R6_THERYS_VOLON" : -1.4658630137457156, 
"MULT_R7_VALYSAR_THERYS" : -4.932925023473923, 
"MULT_R7_VALYSAR_VOLON" : -0.631378758071463, 
"MULT_R7_THERYS_VOLON" : -3.411165141700664, 
"MULT_R5_THERYS_R2_ALL" : -3.3404936782953665, 
"MULT_R5_THERYS_R6_ALL" : -2.946873557545606
}, 
"RATE" : {
"WWIR_MULT_20180101_A5" : 1.0, 
"WWIR_MULT_20190101_A5" : 1.0, 
"WOPR_MULT_20180101_A1" : 1.0, 
"WWPR_MULT_20180101_A1" : 1.0, 
"WGPR_MULT_20180101_A1" : 1.0
}
}