{
"SWITCHES" : {
"DCONV_ALTERNATIVE" : 2.0, 
"HUM_MODEL_MODE" : 0.0, 
"PETROMODEL_ALTERNATIVE" : 1.0, 
"FACIESMODEL_ALTERNATIVE" : 1.0, 
"FACIES_VALYSAR_SEISCOND" : 1.0, 
"FACIES_THERYS_ALT2" : 1.0
}, 
"GLOBVAR" : {
"KVKH_CHANNEL" : 0.773631673159263, 
"KVKH_CREVASSE" : 0.3413444726425259, 
"KVKH_US" : 0.6738629999443211, 
"KVKH_LS" : 0.8680241149823101, 
"FWL_CENTRAL" : 1681.720663125391, 
"FWL_NORTH_HORST" : 1661.5031315982264, 
"GOC_NORTH_HORST" : 1639.2786987562117, 
"FAULT_SEAL_SCALING" : 8.505771631374317, 
"RELPERM_INT_WO" : -0.32393215267928177, 
"RELPERM_INT_GO" : -0.7995071756463863, 
"PERMREF_CHANNEL" : 1050.0, 
"PERMREF_CREAVASSE" : 100.0, 
"PERMREF_USHOREFACE" : 1200.0, 
"PERMREF_LSHOREFACE" : 40.0, 
"PERMREF_OFFSHORE" : 2.0, 
"PERMREF_FLOODPLAIN" : 1.0, 
"POROREF_CHANNEL" : 0.24, 
"POROREF_CREAVASSE" : 0.22, 
"POROREF_USHOREFACE" : 0.31, 
"POROREF_LSHOREFACE" : 0.23, 
"POROREF_OFFSHORE" : 0.1, 
"POROREF_FLOODPLAIN" : 0.13, 
"SWLHEIGHT" : 350.0, 
"SIMGRID_MINPV" : 100.0, 
"ISOTREND_ALT1W_VALYSAR" : 0.882348855220258, 
"ISOTREND_ALT1W_THERYS" : 0.8768323877734001, 
"ISOTREND_ALT1W_VOLON" : 0.5646400149969213, 
"VALYSAR_APS_PROB_CHANNEL" : 0.3361823666897993, 
"THERYS_APS_PROB_LOWSHOREFACE" : 0.22985557018494054, 
"THERYS_APS_PROB_UPSHOREFACE" : 0.12950772829552373, 
"VOLON_APS_PROB_CHANNEL" : 0.5939619678112134, 
"VALYSAR_CHANNEL_AZIMUTH" : 70.0, 
"VALYSAR_CHANNEL_WIDTH" : 700.0, 
"VALYSAR_CHANNEL_VOLFRAC" : 0.6, 
"VOLON_FLOODPLAIN_AZIMUTH" : 0.0, 
"VOLON_FLOODPLAIN_VARIOGRAM_RANGE_PARALLEL" : 800.0, 
"VOLON_FLOODPLAIN_VARIOGRAM_RANGE_NORMAL" : 200.0, 
"VOLON_FLOODPLAIN_VOLFRAC" : 0.3, 
"VALYSAR_PORO_CHANNEL" : 0.27, 
"VALYSAR_PORO_CREVASSE" : 0.22, 
"THERYS_PORO_US" : 0.31, 
"THERYS_PORO_LS" : 0.23, 
"VOLON_PORO_CHANNEL" : 0.2, 
"VALYSAR_PERMH_CHANNEL" : 1000.0, 
"VALYSAR_PERMH_CREVASSE" : 100.0, 
"THERYS_PERMH_US" : 1200.0, 
"THERYS_PERMH_LS" : 40.0, 
"VOLON_PERMH_CHANNEL" : 1100.0
}, 
"LOG10_GLOBVAR" : {
"FAULT_SEAL_SCALING" : 0.9297137183068338
}, 
"MULTREGT" : {
"MULT_R1_VALYSAR_THERYS" : 0.020317241927677105, 
"MULT_R1_VALYSAR_VOLON" : 0.04566182165026477, 
"MULT_R1_THERYS_VOLON" : 8.859493928648452e-06, 
"MULT_R2_VALYSAR_THERYS" : 0.0016053233404196851, 
"MULT_R2_VALYSAR_VOLON" : 0.3365386559783935, 
"MULT_R2_THERYS_VOLON" : 8.771456941134949e-05, 
"MULT_R3_VALYSAR_THERYS" : 0.011588888954962786, 
"MULT_R3_VALYSAR_VOLON" : 0.0005119077311058237, 
"MULT_R3_THERYS_VOLON" : 0.19473177065064276, 
"MULT_R4_VALYSAR_THERYS" : 0.14626628959996518, 
"MULT_R4_VALYSAR_VOLON" : 0.014094592658305101, 
"MULT_R4_THERYS_VOLON" : 0.3497534744741287, 
"MULT_R5_VALYSAR_THERYS" : 1.141771864576016e-06, 
"MULT_R5_VALYSAR_VOLON" : 0.0007866921168890251, 
"MULT_R5_THERYS_VOLON" : 2.2912298058476168e-06, 
"MULT_R6_VALYSAR_THERYS" : 0.0017104303280986747, 
"MULT_R6_VALYSAR_VOLON" : 0.029849374280151525, 
"MULT_R6_THERYS_VOLON" : 0.00010114025430904027, 
"MULT_R7_VALYSAR_THERYS" : 0.015316573013233139, 
"MULT_R7_VALYSAR_VOLON" : 0.0012993681781535082, 
"MULT_R7_THERYS_VOLON" : 0.002630524709342767, 
"MULT_R5_THERYS_R2_ALL" : 1.4875722945928778e-06, 
"MULT_R5_THERYS_R6_ALL" : 1.132715537819382e-06
}, 
"LOG10_MULTREGT" : {
"MULT_R1_VALYSAR_THERYS" : -1.6921352480066603, 
"MULT_R1_VALYSAR_VOLON" : -1.3404467665891724, 
"MULT_R1_THERYS_VOLON" : -5.0525910851414535, 
"MULT_R2_VALYSAR_THERYS" : -2.7944374798839906, 
"MULT_R2_VALYSAR_VOLON" : -0.47296504402869977, 
"MULT_R2_THERYS_VOLON" : -4.056928264223104, 
"MULT_R3_VALYSAR_THERYS" : -1.9359581985366696, 
"MULT_R3_VALYSAR_VOLON" : -3.290808311451426, 
"MULT_R3_THERYS_VOLON" : -0.7105631871926718, 
"MULT_R4_VALYSAR_THERYS" : -0.8348557554035808, 
"MULT_R4_VALYSAR_VOLON" : -1.8509474709670268, 
"MULT_R4_THERYS_VOLON" : -0.4562379625046219, 
"MULT_R5_VALYSAR_THERYS" : -5.942420663037105, 
"MULT_R5_VALYSAR_VOLON" : -3.1041952016914887, 
"MULT_R5_THERYS_VOLON" : -5.639931349742807, 
"MULT_R6_VALYSAR_THERYS" : -2.7668946114751423, 
"MULT_R6_VALYSAR_VOLON" : -1.525064768371317, 
"MULT_R6_THERYS_VOLON" : -3.995075958703533, 
"MULT_R7_VALYSAR_THERYS" : -1.8148383944900506, 
"MULT_R7_VALYSAR_VOLON" : -2.886267773419166, 
"MULT_R7_THERYS_VOLON" : -2.5799576143835243, 
"MULT_R5_THERYS_R2_ALL" : -5.827521918789456, 
"MULT_R5_THERYS_R6_ALL" : -5.945879142092983
}, 
"RATE" : {
"WWIR_MULT_20180101_A5" : 1.0, 
"WWIR_MULT_20190101_A5" : 1.0, 
"WOPR_MULT_20180101_A1" : 1.0, 
"WWPR_MULT_20180101_A1" : 1.0, 
"WGPR_MULT_20180101_A1" : 1.0
}
}