{
"SWITCHES" : {
"DCONV_ALTERNATIVE" : 2.0, 
"HUM_MODEL_MODE" : 0.0, 
"PETROMODEL_ALTERNATIVE" : 1.0, 
"FACIESMODEL_ALTERNATIVE" : 1.0, 
"FACIES_VALYSAR_SEISCOND" : 1.0, 
"FACIES_THERYS_ALT2" : 1.0
}, 
"GLOBVAR" : {
"KVKH_CHANNEL" : 0.49835831413889786, 
"KVKH_CREVASSE" : 0.3258395335113059, 
"KVKH_US" : 0.554389589885735, 
"KVKH_LS" : 0.5774512801950527, 
"FWL_CENTRAL" : 1678.0144499923827, 
"FWL_NORTH_HORST" : 1662.2763244526766, 
"GOC_NORTH_HORST" : 1644.0379990048575, 
"FAULT_SEAL_SCALING" : 6.992289478709158, 
"RELPERM_INT_WO" : -0.7434075386180659, 
"RELPERM_INT_GO" : 0.16584245779153584, 
"PERMREF_CHANNEL" : 1050.0, 
"PERMREF_CREAVASSE" : 100.0, 
"PERMREF_USHOREFACE" : 1200.0, 
"PERMREF_LSHOREFACE" : 40.0, 
"PERMREF_OFFSHORE" : 2.0, 
"PERMREF_FLOODPLAIN" : 1.0, 
"POROREF_CHANNEL" : 0.24, 
"POROREF_CREAVASSE" : 0.22, 
"POROREF_USHOREFACE" : 0.31, 
"POROREF_LSHOREFACE" : 0.23, 
"POROREF_OFFSHORE" : 0.1, 
"POROREF_FLOODPLAIN" : 0.13, 
"SWLHEIGHT" : 350.0, 
"SIMGRID_MINPV" : 100.0, 
"ISOTREND_ALT1W_VALYSAR" : 0.8762989395122788, 
"ISOTREND_ALT1W_THERYS" : 0.861824791972243, 
"ISOTREND_ALT1W_VOLON" : 0.4346675060182893, 
"VALYSAR_APS_PROB_CHANNEL" : 0.26827157608686336, 
"THERYS_APS_PROB_LOWSHOREFACE" : 0.32776922718065654, 
"THERYS_APS_PROB_UPSHOREFACE" : 0.2781927080290032, 
"VOLON_APS_PROB_CHANNEL" : 0.6874425019472741, 
"VALYSAR_CHANNEL_AZIMUTH" : 70.0, 
"VALYSAR_CHANNEL_WIDTH" : 700.0, 
"VALYSAR_CHANNEL_VOLFRAC" : 0.6, 
"VOLON_FLOODPLAIN_AZIMUTH" : 0.0, 
"VOLON_FLOODPLAIN_VARIOGRAM_RANGE_PARALLEL" : 800.0, 
"VOLON_FLOODPLAIN_VARIOGRAM_RANGE_NORMAL" : 200.0, 
"VOLON_FLOODPLAIN_VOLFRAC" : 0.3, 
"VALYSAR_PORO_CHANNEL" : 0.27, 
"VALYSAR_PORO_CREVASSE" : 0.22, 
"THERYS_PORO_US" : 0.31, 
"THERYS_PORO_LS" : 0.23, 
"VOLON_PORO_CHANNEL" : 0.2, 
"VALYSAR_PERMH_CHANNEL" : 1000.0, 
"VALYSAR_PERMH_CREVASSE" : 100.0, 
"THERYS_PERMH_US" : 1200.0, 
"THERYS_PERMH_LS" : 40.0, 
"VOLON_PERMH_CHANNEL" : 1100.0
}, 
"LOG10_GLOBVAR" : {
"FAULT_SEAL_SCALING" : 0.8446193996611885
}, 
"MULTREGT" : {
"MULT_R1_VALYSAR_THERYS" : 1.4752019166079075e-05, 
"MULT_R1_VALYSAR_VOLON" : 0.0021451793616241695, 
"MULT_R1_THERYS_VOLON" : 0.00018055983840250972, 
"MULT_R2_VALYSAR_THERYS" : 0.002400965620094516, 
"MULT_R2_VALYSAR_VOLON" : 0.022226762653216523, 
"MULT_R2_THERYS_VOLON" : 0.027516533069475747, 
"MULT_R3_VALYSAR_THERYS" : 0.010757710064362358, 
"MULT_R3_VALYSAR_VOLON" : 0.09841205817143221, 
"MULT_R3_THERYS_VOLON" : 0.006962418742841665, 
"MULT_R4_VALYSAR_THERYS" : 0.004883140630208295, 
"MULT_R4_VALYSAR_VOLON" : 2.031097060138219e-05, 
"MULT_R4_THERYS_VOLON" : 0.0008807214172679118, 
"MULT_R5_VALYSAR_THERYS" : 0.00010500105699452983, 
"MULT_R5_VALYSAR_VOLON" : 7.889885221098576e-05, 
"MULT_R5_THERYS_VOLON" : 6.154994329211268e-05, 
"MULT_R6_VALYSAR_THERYS" : 0.00020007226240364084, 
"MULT_R6_VALYSAR_VOLON" : 0.28507008248598215, 
"MULT_R6_THERYS_VOLON" : 0.0006541900977421854, 
"MULT_R7_VALYSAR_THERYS" : 0.000827188367145182, 
"MULT_R7_VALYSAR_VOLON" : 0.0054311953674922525, 
"MULT_R7_THERYS_VOLON" : 0.000587156384642064, 
"MULT_R5_THERYS_R2_ALL" : 0.0001139547526781499, 
"MULT_R5_THERYS_R6_ALL" : 0.00011160471910301994
}, 
"LOG10_MULTREGT" : {
"MULT_R1_VALYSAR_THERYS" : -4.831148532047158, 
"MULT_R1_VALYSAR_VOLON" : -2.6685363899561514, 
"MULT_R1_THERYS_VOLON" : -3.7433788426151064, 
"MULT_R2_VALYSAR_THERYS" : -2.6196140586477368, 
"MULT_R2_VALYSAR_VOLON" : -1.6531237880535448, 
"MULT_R2_THERYS_VOLON" : -1.560406285685247, 
"MULT_R3_VALYSAR_THERYS" : -1.9682801647524766, 
"MULT_R3_VALYSAR_VOLON" : -1.0069516853443063, 
"MULT_R3_THERYS_VOLON" : -2.1572398603627616, 
"MULT_R4_VALYSAR_THERYS" : -2.311300768231954, 
"MULT_R4_VALYSAR_VOLON" : -4.692269322446867, 
"MULT_R4_THERYS_VOLON" : -3.0551614424121194, 
"MULT_R5_VALYSAR_THERYS" : -3.978806329076907, 
"MULT_R5_VALYSAR_VOLON" : -4.102929314687424, 
"MULT_R5_THERYS_VOLON" : -4.210772342861566, 
"MULT_R6_VALYSAR_THERYS" : -3.6988131168612255, 
"MULT_R6_VALYSAR_VOLON" : -0.5450483586043287, 
"MULT_R6_THERYS_VOLON" : -3.184296033932337, 
"MULT_R7_VALYSAR_THERYS" : -3.0823955817455144, 
"MULT_R7_VALYSAR_VOLON" : -2.2651045747625593, 
"MULT_R7_THERYS_VOLON" : -3.231246212309944, 
"MULT_R5_THERYS_R2_ALL" : -3.9432675571106213, 
"MULT_R5_THERYS_R6_ALL" : -3.9523174412669855
}, 
"RATE" : {
"WWIR_MULT_20180101_A5" : 1.0, 
"WWIR_MULT_20190101_A5" : 1.0, 
"WOPR_MULT_20180101_A1" : 1.0, 
"WWPR_MULT_20180101_A1" : 1.0, 
"WGPR_MULT_20180101_A1" : 1.0
}
}