{
"SWITCHES" : {
"DCONV_ALTERNATIVE" : 2.0, 
"HUM_MODEL_MODE" : 0.0, 
"PETROMODEL_ALTERNATIVE" : 1.0, 
"FACIESMODEL_ALTERNATIVE" : 1.0, 
"FACIES_VALYSAR_SEISCOND" : 1.0, 
"FACIES_THERYS_ALT2" : 1.0
}, 
"GLOBVAR" : {
"KVKH_CHANNEL" : 0.5633938119383548, 
"KVKH_CREVASSE" : 0.3176261737005446, 
"KVKH_US" : 0.4700977132561208, 
"KVKH_LS" : 0.7548956660630266, 
"FWL_CENTRAL" : 1677.1656079975446, 
"FWL_NORTH_HORST" : 1657.9580899603939, 
"GOC_NORTH_HORST" : 1636.233985976982, 
"FAULT_SEAL_SCALING" : 7.258038637913854, 
"RELPERM_INT_WO" : 0.016935574525897445, 
"RELPERM_INT_GO" : 0.46848300550249555, 
"PERMREF_CHANNEL" : 1050.0, 
"PERMREF_CREAVASSE" : 100.0, 
"PERMREF_USHOREFACE" : 1200.0, 
"PERMREF_LSHOREFACE" : 40.0, 
"PERMREF_OFFSHORE" : 2.0, 
"PERMREF_FLOODPLAIN" : 1.0, 
"POROREF_CHANNEL" : 0.24, 
"POROREF_CREAVASSE" : 0.22, 
"POROREF_USHOREFACE" : 0.31, 
"POROREF_LSHOREFACE" : 0.23, 
"POROREF_OFFSHORE" : 0.1, 
"POROREF_FLOODPLAIN" : 0.13, 
"SWLHEIGHT" : 350.0, 
"SIMGRID_MINPV" : 100.0, 
"ISOTREND_ALT1W_VALYSAR" : 0.9329765797572338, 
"ISOTREND_ALT1W_THERYS" : 0.8244285679821962, 
"ISOTREND_ALT1W_VOLON" : 0.5831383253824136, 
"VALYSAR_APS_PROB_CHANNEL" : 0.3800804878650824, 
"THERYS_APS_PROB_LOWSHOREFACE" : 0.34202024749605237, 
"THERYS_APS_PROB_UPSHOREFACE" : 0.2737132399668323, 
"VOLON_APS_PROB_CHANNEL" : 0.5265865732414637, 
"VALYSAR_CHANNEL_AZIMUTH" : 70.0, 
"VALYSAR_CHANNEL_WIDTH" : 700.0, 
"VALYSAR_CHANNEL_VOLFRAC" : 0.6, 
"VOLON_FLOODPLAIN_AZIMUTH" : 0.0, 
"VOLON_FLOODPLAIN_VARIOGRAM_RANGE_PARALLEL" : 800.0, 
"VOLON_FLOODPLAIN_VARIOGRAM_RANGE_NORMAL" : 200.0, 
"VOLON_FLOODPLAIN_VOLFRAC" : 0.3, 
"VALYSAR_PORO_CHANNEL" : 0.27, 
"VALYSAR_PORO_CREVASSE" : 0.22, 
"THERYS_PORO_US" : 0.31, 
"THERYS_PORO_LS" : 0.23, 
"VOLON_PORO_CHANNEL" : 0.2, 
"VALYSAR_PERMH_CHANNEL" : 1000.0, 
"VALYSAR_PERMH_CREVASSE" : 100.0, 
"THERYS_PERMH_US" : 1200.0, 
"THERYS_PERMH_LS" : 40.0, 
"VOLON_PERMH_CHANNEL" : 1100.0
}, 
"LOG10_GLOBVAR" : {
"FAULT_SEAL_SCALING" : 0.8608192758221175
}, 
"MULTREGT" : {
"MULT_R1_VALYSAR_THERYS" : 1.98635894700721e-06, 
"MULT_R1_VALYSAR_VOLON" : 0.6835515977155868, 
"MULT_R1_THERYS_VOLON" : 2.2929006281903146e-06, 
"MULT_R2_VALYSAR_THERYS" : 0.0008055024696135378, 
"MULT_R2_VALYSAR_VOLON" : 8.070454879707257e-05, 
"MULT_R2_THERYS_VOLON" : 3.1996991230329554e-06, 
"MULT_R3_VALYSAR_THERYS" : 0.2214919291954946, 
"MULT_R3_VALYSAR_VOLON" : 0.004667560839770643, 
"MULT_R3_THERYS_VOLON" : 0.11224490405937061, 
"MULT_R4_VALYSAR_THERYS" : 0.6415963138660457, 
"MULT_R4_VALYSAR_VOLON" : 0.8916420856887792, 
"MULT_R4_THERYS_VOLON" : 4.3049370922532785e-06, 
"MULT_R5_VALYSAR_THERYS" : 0.0017099157612404606, 
"MULT_R5_VALYSAR_VOLON" : 0.0008996412448178028, 
"MULT_R5_THERYS_VOLON" : 2.6591835224399553e-06, 
"MULT_R6_VALYSAR_THERYS" : 0.9323149581231398, 
"MULT_R6_VALYSAR_VOLON" : 0.005365596523746734, 
"MULT_R6_THERYS_VOLON" : 2.870098337900423e-05, 
"MULT_R7_VALYSAR_THERYS" : 0.00028312894662980173, 
"MULT_R7_VALYSAR_VOLON" : 0.021456958277028246, 
"MULT_R7_THERYS_VOLON" : 2.2498183563243998e-06, 
"MULT_R5_THERYS_R2_ALL" : 0.0005871493378014249, 
"MULT_R5_THERYS_R6_ALL" : 0.00021558943422234764
}, 
"LOG10_MULTREGT" : {
"MULT_R1_VALYSAR_THERYS" : -5.70194226912429, 
"MULT_R1_VALYSAR_VOLON" : -0.16522869725214562, 
"MULT_R1_THERYS_VOLON" : -5.639614766710867, 
"MULT_R2_VALYSAR_THERYS" : -3.0939331237265906, 
"MULT_R2_VALYSAR_VOLON" : -4.093101986197468, 
"MULT_R2_THERYS_VOLON" : -5.494890857726946, 
"MULT_R3_VALYSAR_THERYS" : -0.6546420941349098, 
"MULT_R3_VALYSAR_VOLON" : -2.3309100124888, 
"MULT_R3_THERYS_VOLON" : -0.949833366931616, 
"MULT_R4_VALYSAR_THERYS" : -0.19273813984894686, 
"MULT_R4_VALYSAR_VOLON" : -0.049809440919655064, 
"MULT_R4_THERYS_VOLON" : -5.366033190479056, 
"MULT_R5_VALYSAR_THERYS" : -2.767025284537424, 
"MULT_R5_VALYSAR_VOLON" : -3.0459306421801933, 
"MULT_R5_THERYS_VOLON" : -5.575251688981863, 
"MULT_R6_VALYSAR_THERYS" : -0.03043734787373333, 
"MULT_R6_VALYSAR_VOLON" : -2.270381988037261, 
"MULT_R6_THERYS_VOLON" : -4.5421032228214555, 
"MULT_R7_VALYSAR_THERYS" : -3.5480157268237584, 
"MULT_R7_VALYSAR_VOLON" : -1.66843184328013, 
"MULT_R7_THERYS_VOLON" : -5.64785254412439, 
"MULT_R5_THERYS_R2_ALL" : -3.2312514245880517, 
"MULT_R5_THERYS_R6_ALL" : -3.6663725272115135
}, 
"RATE" : {
"WWIR_MULT_20180101_A5" : 1.0, 
"WWIR_MULT_20190101_A5" : 1.0, 
"WOPR_MULT_20180101_A1" : 1.0, 
"WWPR_MULT_20180101_A1" : 1.0, 
"WGPR_MULT_20180101_A1" : 1.0
}
}