{
"SWITCHES" : {
"DCONV_ALTERNATIVE" : 2.0, 
"HUM_MODEL_MODE" : 0.0, 
"PETROMODEL_ALTERNATIVE" : 1.0, 
"FACIESMODEL_ALTERNATIVE" : 1.0, 
"FACIES_VALYSAR_SEISCOND" : 1.0, 
"FACIES_THERYS_ALT2" : 1.0
}, 
"GLOBVAR" : {
"KVKH_CHANNEL" : 0.5100854252680629, 
"KVKH_CREVASSE" : 0.4052864546635605, 
"KVKH_US" : 0.6448455889900023, 
"KVKH_LS" : 0.5734685823554356, 
"FWL_CENTRAL" : 1672.3844888834894, 
"FWL_NORTH_HORST" : 1659.4900602113698, 
"GOC_NORTH_HORST" : 1635.622512681897, 
"FAULT_SEAL_SCALING" : 2.7205790321902072, 
"RELPERM_INT_WO" : -0.6608830253080903, 
"RELPERM_INT_GO" : 0.5035330678777523, 
"PERMREF_CHANNEL" : 1050.0, 
"PERMREF_CREAVASSE" : 100.0, 
"PERMREF_USHOREFACE" : 1200.0, 
"PERMREF_LSHOREFACE" : 40.0, 
"PERMREF_OFFSHORE" : 2.0, 
"PERMREF_FLOODPLAIN" : 1.0, 
"POROREF_CHANNEL" : 0.24, 
"POROREF_CREAVASSE" : 0.22, 
"POROREF_USHOREFACE" : 0.31, 
"POROREF_LSHOREFACE" : 0.23, 
"POROREF_OFFSHORE" : 0.1, 
"POROREF_FLOODPLAIN" : 0.13, 
"SWLHEIGHT" : 350.0, 
"SIMGRID_MINPV" : 100.0, 
"ISOTREND_ALT1W_VALYSAR" : 0.8997285217617227, 
"ISOTREND_ALT1W_THERYS" : 0.8657557757883307, 
"ISOTREND_ALT1W_VOLON" : 0.4373472551230947, 
"VALYSAR_APS_PROB_CHANNEL" : 0.4337022235569078, 
"THERYS_APS_PROB_LOWSHOREFACE" : 0.3506610599045829, 
"THERYS_APS_PROB_UPSHOREFACE" : 0.14779660346328005, 
"VOLON_APS_PROB_CHANNEL" : 0.5521863204905096, 
"VALYSAR_CHANNEL_AZIMUTH" : 70.0, 
"VALYSAR_CHANNEL_WIDTH" : 700.0, 
"VALYSAR_CHANNEL_VOLFRAC" : 0.6, 
"VOLON_FLOODPLAIN_AZIMUTH" : 0.0, 
"VOLON_FLOODPLAIN_VARIOGRAM_RANGE_PARALLEL" : 800.0, 
"VOLON_FLOODPLAIN_VARIOGRAM_RANGE_NORMAL" : 200.0, 
"VOLON_FLOODPLAIN_VOLFRAC" : 0.3, 
"VALYSAR_PORO_CHANNEL" : 0.27, 
"VALYSAR_PORO_CREVASSE" : 0.22, 
"THERYS_PORO_US" : 0.31, 
"THERYS_PORO_LS" : 0.23, 
"VOLON_PORO_CHANNEL" : 0.2, 
"VALYSAR_PERMH_CHANNEL" : 1000.0, 
"VALYSAR_PERMH_CREVASSE" : 100.0, 
"THERYS_PERMH_US" : 1200.0, 
"THERYS_PERMH_LS" : 40.0, 
"VOLON_PERMH_CHANNEL" : 1100.0
}, 
"LOG10_GLOBVAR" : {
"FAULT_SEAL_SCALING" : 0.43466134657919725
}, 
"MULTREGT" : {
"MULT_R1_VALYSAR_THERYS" : 0.003548233357229202, 
"MULT_R1_VALYSAR_VOLON" : 0.046214923765472746, 
"MULT_R1_THERYS_VOLON" : 1.5812415986979615e-05, 
"MULT_R2_VALYSAR_THERYS" : 0.0003256128938377169, 
"MULT_R2_VALYSAR_VOLON" : 0.0001756726591453715, 
"MULT_R2_THERYS_VOLON" : 0.2837631065796113, 
"MULT_R3_VALYSAR_THERYS" : 5.663626199894502e-05, 
"MULT_R3_VALYSAR_VOLON" : 0.06428391610943762, 
"MULT_R3_THERYS_VOLON" : 0.002370827005959998, 
"MULT_R4_VALYSAR_THERYS" : 0.07304791937206098, 
"MULT_R4_VALYSAR_VOLON" : 0.033718037551672464, 
"MULT_R4_THERYS_VOLON" : 0.00927289837233895, 
"MULT_R5_VALYSAR_THERYS" : 0.0012212619377689384, 
"MULT_R5_VALYSAR_VOLON" : 1.197084453614006e-06, 
"MULT_R5_THERYS_VOLON" : 0.002218979348535869, 
"MULT_R6_VALYSAR_THERYS" : 0.02647178793885124, 
"MULT_R6_VALYSAR_VOLON" : 9.586951932519933e-05, 
"MULT_R6_THERYS_VOLON" : 0.0011213144238976078, 
"MULT_R7_VALYSAR_THERYS" : 0.16335226013191942, 
"MULT_R7_VALYSAR_VOLON" : 6.42275739209427e-06, 
"MULT_R7_THERYS_VOLON" : 3.88704429402142e-06, 
"MULT_R5_THERYS_R2_ALL" : 9.087219001209316e-06, 
"MULT_R5_THERYS_R6_ALL" : 2.841621306461469e-06
}, 
"LOG10_MULTREGT" : {
"MULT_R1_VALYSAR_THERYS" : -2.449987825586571, 
"MULT_R1_VALYSAR_VOLON" : -1.3352177590238254, 
"MULT_R1_THERYS_VOLON" : -4.801001768925993, 
"MULT_R2_VALYSAR_THERYS" : -3.4872984059582084, 
"MULT_R2_VALYSAR_VOLON" : -3.7552958247668147, 
"MULT_R2_THERYS_VOLON" : -0.5470440699442136, 
"MULT_R3_VALYSAR_THERYS" : -4.246905417867765, 
"MULT_R3_VALYSAR_VOLON" : -1.191897674333795, 
"MULT_R3_THERYS_VOLON" : -2.625100134380292, 
"MULT_R4_VALYSAR_THERYS" : -1.1363921495873353, 
"MULT_R4_VALYSAR_VOLON" : -1.4721377100046287, 
"MULT_R4_THERYS_VOLON" : -2.0327844999036775, 
"MULT_R5_VALYSAR_THERYS" : -2.9131911780475104, 
"MULT_R5_VALYSAR_VOLON" : -5.9218752092889, 
"MULT_R5_THERYS_VOLON" : -2.6538467396150622, 
"MULT_R6_VALYSAR_THERYS" : -1.5772167248960884, 
"MULT_R6_VALYSAR_VOLON" : -4.018319450107977, 
"MULT_R6_THERYS_VOLON" : -2.9502725913151036, 
"MULT_R7_VALYSAR_THERYS" : -0.7868748522749807, 
"MULT_R7_VALYSAR_VOLON" : -5.192278482355298, 
"MULT_R7_THERYS_VOLON" : -5.410380510426237, 
"MULT_R5_THERYS_R2_ALL" : -5.041569005361079, 
"MULT_R5_THERYS_R6_ALL" : -5.546433799551565
}, 
"RATE" : {
"WWIR_MULT_20180101_A5" : 1.0, 
"WWIR_MULT_20190101_A5" : 1.0, 
"WOPR_MULT_20180101_A1" : 1.0, 
"WWPR_MULT_20180101_A1" : 1.0, 
"WGPR_MULT_20180101_A1" : 1.0
}
}