{
"SWITCHES" : {
"DCONV_ALTERNATIVE" : 2.0, 
"HUM_MODEL_MODE" : 0.0, 
"PETROMODEL_ALTERNATIVE" : 1.0, 
"FACIESMODEL_ALTERNATIVE" : 1.0, 
"FACIES_VALYSAR_SEISCOND" : 1.0, 
"FACIES_THERYS_ALT2" : 1.0
}, 
"GLOBVAR" : {
"KVKH_CHANNEL" : 0.5619266231683779, 
"KVKH_CREVASSE" : 0.26906283332571346, 
"KVKH_US" : 0.5442174702826031, 
"KVKH_LS" : 0.6029485780660961, 
"FWL_CENTRAL" : 1675.5396476362064, 
"FWL_NORTH_HORST" : 1663.2102535745455, 
"GOC_NORTH_HORST" : 1643.5078893974057, 
"FAULT_SEAL_SCALING" : 0.127415803817612, 
"RELPERM_INT_WO" : 0.00572000646893378, 
"RELPERM_INT_GO" : -0.29824700594411246, 
"PERMREF_CHANNEL" : 1050.0, 
"PERMREF_CREAVASSE" : 100.0, 
"PERMREF_USHOREFACE" : 1200.0, 
"PERMREF_LSHOREFACE" : 40.0, 
"PERMREF_OFFSHORE" : 2.0, 
"PERMREF_FLOODPLAIN" : 1.0, 
"POROREF_CHANNEL" : 0.24, 
"POROREF_CREAVASSE" : 0.22, 
"POROREF_USHOREFACE" : 0.31, 
"POROREF_LSHOREFACE" : 0.23, 
"POROREF_OFFSHORE" : 0.1, 
"POROREF_FLOODPLAIN" : 0.13, 
"SWLHEIGHT" : 350.0, 
"SIMGRID_MINPV" : 100.0, 
"ISOTREND_ALT1W_VALYSAR" : 0.9009576512451692, 
"ISOTREND_ALT1W_THERYS" : 0.9348840814392801, 
"ISOTREND_ALT1W_VOLON" : 0.5563767863548272, 
"VALYSAR_APS_PROB_CHANNEL" : 0.3850433491945511, 
"THERYS_APS_PROB_LOWSHOREFACE" : 0.3205827188846293, 
"THERYS_APS_PROB_UPSHOREFACE" : 0.27205948874099695, 
"VOLON_APS_PROB_CHANNEL" : 0.6150364982274511, 
"VALYSAR_CHANNEL_AZIMUTH" : 70.0, 
"VALYSAR_CHANNEL_WIDTH" : 700.0, 
"VALYSAR_CHANNEL_VOLFRAC" : 0.6, 
"VOLON_FLOODPLAIN_AZIMUTH" : 0.0, 
"VOLON_FLOODPLAIN_VARIOGRAM_RANGE_PARALLEL" : 800.0, 
"VOLON_FLOODPLAIN_VARIOGRAM_RANGE_NORMAL" : 200.0, 
"VOLON_FLOODPLAIN_VOLFRAC" : 0.3, 
"VALYSAR_PORO_CHANNEL" : 0.27, 
"VALYSAR_PORO_CREVASSE" : 0.22, 
"THERYS_PORO_US" : 0.31, 
"THERYS_PORO_LS" : 0.23, 
"VOLON_PORO_CHANNEL" : 0.2, 
"VALYSAR_PERMH_CHANNEL" : 1000.0, 
"VALYSAR_PERMH_CREVASSE" : 100.0, 
"THERYS_PERMH_US" : 1200.0, 
"THERYS_PERMH_LS" : 40.0, 
"VOLON_PERMH_CHANNEL" : 1100.0
}, 
"LOG10_GLOBVAR" : {
"FAULT_SEAL_SCALING" : -0.8947767016308728
}, 
"MULTREGT" : {
"MULT_R1_VALYSAR_THERYS" : 0.00010453858856287217, 
"MULT_R1_VALYSAR_VOLON" : 9.225594399664586e-05, 
"MULT_R1_THERYS_VOLON" : 0.0010277303157402722, 
"MULT_R2_VALYSAR_THERYS" : 0.4144384624254285, 
"MULT_R2_VALYSAR_VOLON" : 0.0022355692096685323, 
"MULT_R2_THERYS_VOLON" : 2.4411094468877484e-05, 
"MULT_R3_VALYSAR_THERYS" : 0.00011240077816783599, 
"MULT_R3_VALYSAR_VOLON" : 0.002559555844420988, 
"MULT_R3_THERYS_VOLON" : 0.001128981603974763, 
"MULT_R4_VALYSAR_THERYS" : 0.00019724444430808925, 
"MULT_R4_VALYSAR_VOLON" : 0.24691730095171, 
"MULT_R4_THERYS_VOLON" : 0.0007165588539339774, 
"MULT_R5_VALYSAR_THERYS" : 2.055231740697769e-05, 
"MULT_R5_VALYSAR_VOLON" : 0.2200908119167123, 
"MULT_R5_THERYS_VOLON" : 0.0001473011386205347, 
"MULT_R6_VALYSAR_THERYS" : 0.016011568263161146, 
"MULT_R6_VALYSAR_VOLON" : 0.32563639610476913, 
"MULT_R6_THERYS_VOLON" : 8.552842983489779e-05, 
"MULT_R7_VALYSAR_THERYS" : 0.011799205874339688, 
"MULT_R7_VALYSAR_VOLON" : 0.003217701854876658, 
"MULT_R7_THERYS_VOLON" : 0.0001335192568586177, 
"MULT_R5_THERYS_R2_ALL" : 0.00025372970216863835, 
"MULT_R5_THERYS_R6_ALL" : 0.003472610404791547
}, 
"LOG10_MULTREGT" : {
"MULT_R1_VALYSAR_THERYS" : -3.980723367864576, 
"MULT_R1_VALYSAR_VOLON" : -4.035005642927368, 
"MULT_R1_THERYS_VOLON" : -2.9881208325697455, 
"MULT_R2_VALYSAR_THERYS" : -0.3825399462068807, 
"MULT_R2_VALYSAR_VOLON" : -2.6506118805211254, 
"MULT_R2_THERYS_VOLON" : -4.612412748598442, 
"MULT_R3_VALYSAR_THERYS" : -3.9492306820692056, 
"MULT_R3_VALYSAR_VOLON" : -2.591835390568003, 
"MULT_R3_THERYS_VOLON" : -2.9473131345651464, 
"MULT_R4_VALYSAR_THERYS" : -3.7049952205156007, 
"MULT_R4_VALYSAR_VOLON" : -0.6074484789436501, 
"MULT_R4_THERYS_VOLON" : -3.1447481334047183, 
"MULT_R5_VALYSAR_THERYS" : -4.687139201509593, 
"MULT_R5_VALYSAR_VOLON" : -0.6573980874655605, 
"MULT_R5_THERYS_VOLON" : -3.8317938960989575, 
"MULT_R6_VALYSAR_THERYS" : -1.7955661287502085, 
"MULT_R6_VALYSAR_VOLON" : -0.4872670603427737, 
"MULT_R6_THERYS_VOLON" : -4.067889500849387, 
"MULT_R7_VALYSAR_THERYS" : -1.9281472211682713, 
"MULT_R7_VALYSAR_VOLON" : -2.4924541991370766, 
"MULT_R7_THERYS_VOLON" : -3.874456093517993, 
"MULT_R5_THERYS_R2_ALL" : -3.595628690315166, 
"MULT_R5_THERYS_R6_ALL" : -2.4593439378352633
}, 
"RATE" : {
"WWIR_MULT_20180101_A5" : 1.0, 
"WWIR_MULT_20190101_A5" : 1.0, 
"WOPR_MULT_20180101_A1" : 1.0, 
"WWPR_MULT_20180101_A1" : 1.0, 
"WGPR_MULT_20180101_A1" : 1.0
}
}