{
"SWITCHES" : {
"DCONV_ALTERNATIVE" : 2.0, 
"HUM_MODEL_MODE" : 0.0, 
"PETROMODEL_ALTERNATIVE" : 1.0, 
"FACIESMODEL_ALTERNATIVE" : 1.0, 
"FACIES_VALYSAR_SEISCOND" : 1.0, 
"FACIES_THERYS_ALT2" : 1.0
}, 
"GLOBVAR" : {
"KVKH_CHANNEL" : 0.6453670998225278, 
"KVKH_CREVASSE" : 0.17544660633114428, 
"KVKH_US" : 0.4917955467000444, 
"KVKH_LS" : 0.5741284223056712, 
"FWL_CENTRAL" : 1673.8940754412415, 
"FWL_NORTH_HORST" : 1659.204185009149, 
"GOC_NORTH_HORST" : 1639.8881547218764, 
"FAULT_SEAL_SCALING" : 0.8753497377274001, 
"RELPERM_INT_WO" : 0.8357378549343366, 
"RELPERM_INT_GO" : 0.49951009464844565, 
"PERMREF_CHANNEL" : 1050.0, 
"PERMREF_CREAVASSE" : 100.0, 
"PERMREF_USHOREFACE" : 1200.0, 
"PERMREF_LSHOREFACE" : 40.0, 
"PERMREF_OFFSHORE" : 2.0, 
"PERMREF_FLOODPLAIN" : 1.0, 
"POROREF_CHANNEL" : 0.24, 
"POROREF_CREAVASSE" : 0.22, 
"POROREF_USHOREFACE" : 0.31, 
"POROREF_LSHOREFACE" : 0.23, 
"POROREF_OFFSHORE" : 0.1, 
"POROREF_FLOODPLAIN" : 0.13, 
"SWLHEIGHT" : 350.0, 
"SIMGRID_MINPV" : 100.0, 
"ISOTREND_ALT1W_VALYSAR" : 0.9573901990745294, 
"ISOTREND_ALT1W_THERYS" : 0.823446891678764, 
"ISOTREND_ALT1W_VOLON" : 0.40966508855115796, 
"VALYSAR_APS_PROB_CHANNEL" : 0.41906598976892817, 
"THERYS_APS_PROB_LOWSHOREFACE" : 0.2982793227092113, 
"THERYS_APS_PROB_UPSHOREFACE" : 0.25331847227928306, 
"VOLON_APS_PROB_CHANNEL" : 0.6571388785645836, 
"VALYSAR_CHANNEL_AZIMUTH" : 70.0, 
"VALYSAR_CHANNEL_WIDTH" : 700.0, 
"VALYSAR_CHANNEL_VOLFRAC" : 0.6, 
"VOLON_FLOODPLAIN_AZIMUTH" : 0.0, 
"VOLON_FLOODPLAIN_VARIOGRAM_RANGE_PARALLEL" : 800.0, 
"VOLON_FLOODPLAIN_VARIOGRAM_RANGE_NORMAL" : 200.0, 
"VOLON_FLOODPLAIN_VOLFRAC" : 0.3, 
"VALYSAR_PORO_CHANNEL" : 0.27, 
"VALYSAR_PORO_CREVASSE" : 0.22, 
"THERYS_PORO_US" : 0.31, 
"THERYS_PORO_LS" : 0.23, 
"VOLON_PORO_CHANNEL" : 0.2, 
"VALYSAR_PERMH_CHANNEL" : 1000.0, 
"VALYSAR_PERMH_CREVASSE" : 100.0, 
"THERYS_PERMH_US" : 1200.0, 
"THERYS_PERMH_LS" : 40.0, 
"VOLON_PERMH_CHANNEL" : 1100.0
}, 
"LOG10_GLOBVAR" : {
"FAULT_SEAL_SCALING" : -0.057818394042669544
}, 
"MULTREGT" : {
"MULT_R1_VALYSAR_THERYS" : 0.1088185100061386, 
"MULT_R1_VALYSAR_VOLON" : 0.0010774451100982884, 
"MULT_R1_THERYS_VOLON" : 1.8041006997603297e-06, 
"MULT_R2_VALYSAR_THERYS" : 0.00043034731138310336, 
"MULT_R2_VALYSAR_VOLON" : 4.6348594881793455e-06, 
"MULT_R2_THERYS_VOLON" : 0.3505208557144961, 
"MULT_R3_VALYSAR_THERYS" : 0.9532672600486644, 
"MULT_R3_VALYSAR_VOLON" : 3.27141318609278e-06, 
"MULT_R3_THERYS_VOLON" : 0.009461201251394954, 
"MULT_R4_VALYSAR_THERYS" : 6.805327261398867e-05, 
"MULT_R4_VALYSAR_VOLON" : 6.150574935783498e-06, 
"MULT_R4_THERYS_VOLON" : 2.5425849038904802e-06, 
"MULT_R5_VALYSAR_THERYS" : 9.01240726250165e-05, 
"MULT_R5_VALYSAR_VOLON" : 7.484371284473848e-05, 
"MULT_R5_THERYS_VOLON" : 0.0001851471068910138, 
"MULT_R6_VALYSAR_THERYS" : 0.00023612345992706353, 
"MULT_R6_VALYSAR_VOLON" : 1.8024246614363703e-06, 
"MULT_R6_THERYS_VOLON" : 0.02433615327719799, 
"MULT_R7_VALYSAR_THERYS" : 0.1093993316075392, 
"MULT_R7_VALYSAR_VOLON" : 0.0019233960750558365, 
"MULT_R7_THERYS_VOLON" : 0.049538122158342746, 
"MULT_R5_THERYS_R2_ALL" : 2.9205655824462617e-05, 
"MULT_R5_THERYS_R6_ALL" : 0.003524122958765977
}, 
"LOG10_MULTREGT" : {
"MULT_R1_VALYSAR_THERYS" : -0.9632972249522813, 
"MULT_R1_VALYSAR_VOLON" : -2.9676048455186295, 
"MULT_R1_THERYS_VOLON" : -5.7437392250370465, 
"MULT_R2_VALYSAR_THERYS" : -3.3661809059668912, 
"MULT_R2_VALYSAR_VOLON" : -5.3339634275245205, 
"MULT_R2_THERYS_VOLON" : -0.45528613674936597, 
"MULT_R3_VALYSAR_THERYS" : -0.020785322559898525, 
"MULT_R3_VALYSAR_VOLON" : -5.485264600140527, 
"MULT_R3_THERYS_VOLON" : -2.0240537194405, 
"MULT_R4_VALYSAR_THERYS" : -4.167150985170092, 
"MULT_R4_VALYSAR_VOLON" : -5.211084285888374, 
"MULT_R4_THERYS_VOLON" : -5.594724535877992, 
"MULT_R5_VALYSAR_THERYS" : -4.045159191131434, 
"MULT_R5_VALYSAR_VOLON" : -4.125844676169545, 
"MULT_R5_THERYS_VOLON" : -3.732483069847781, 
"MULT_R6_VALYSAR_THERYS" : -3.6268608616687725, 
"MULT_R6_VALYSAR_VOLON" : -5.744142879066926, 
"MULT_R6_THERYS_VOLON" : -1.6137480679511829, 
"MULT_R7_VALYSAR_THERYS" : -0.9609853313850762, 
"MULT_R7_VALYSAR_VOLON" : -2.7159312745243613, 
"MULT_R7_THERYS_VOLON" : -1.3050604602396185, 
"MULT_R5_THERYS_R2_ALL" : -4.53453303706177, 
"MULT_R5_THERYS_R6_ALL" : -2.4529489472004067
}, 
"RATE" : {
"WWIR_MULT_20180101_A5" : 1.0, 
"WWIR_MULT_20190101_A5" : 1.0, 
"WOPR_MULT_20180101_A1" : 1.0, 
"WWPR_MULT_20180101_A1" : 1.0, 
"WGPR_MULT_20180101_A1" : 1.0
}
}