{
"SWITCHES" : {
"DCONV_ALTERNATIVE" : 2.0, 
"HUM_MODEL_MODE" : 0.0, 
"PETROMODEL_ALTERNATIVE" : 1.0, 
"FACIESMODEL_ALTERNATIVE" : 1.0, 
"FACIES_VALYSAR_SEISCOND" : 1.0, 
"FACIES_THERYS_ALT2" : 1.0
}, 
"GLOBVAR" : {
"KVKH_CHANNEL" : 0.41334854128905085, 
"KVKH_CREVASSE" : 0.4902963272742912, 
"KVKH_US" : 0.5256390059646459, 
"KVKH_LS" : 0.8254060342731482, 
"FWL_CENTRAL" : 1679.5731854261435, 
"FWL_NORTH_HORST" : 1657.9301987262477, 
"GOC_NORTH_HORST" : 1638.6278974433574, 
"FAULT_SEAL_SCALING" : 3.097681323976527, 
"RELPERM_INT_WO" : -0.15706046499559878, 
"RELPERM_INT_GO" : -0.1888913212163852, 
"PERMREF_CHANNEL" : 1050.0, 
"PERMREF_CREAVASSE" : 100.0, 
"PERMREF_USHOREFACE" : 1200.0, 
"PERMREF_LSHOREFACE" : 40.0, 
"PERMREF_OFFSHORE" : 2.0, 
"PERMREF_FLOODPLAIN" : 1.0, 
"POROREF_CHANNEL" : 0.24, 
"POROREF_CREAVASSE" : 0.22, 
"POROREF_USHOREFACE" : 0.31, 
"POROREF_LSHOREFACE" : 0.23, 
"POROREF_OFFSHORE" : 0.1, 
"POROREF_FLOODPLAIN" : 0.13, 
"SWLHEIGHT" : 350.0, 
"SIMGRID_MINPV" : 100.0, 
"ISOTREND_ALT1W_VALYSAR" : 0.9638162053538144, 
"ISOTREND_ALT1W_THERYS" : 0.8257428985172873, 
"ISOTREND_ALT1W_VOLON" : 0.5089928091654641, 
"VALYSAR_APS_PROB_CHANNEL" : 0.3829777672361391, 
"THERYS_APS_PROB_LOWSHOREFACE" : 0.2672862016828273, 
"THERYS_APS_PROB_UPSHOREFACE" : 0.17463588636132388, 
"VOLON_APS_PROB_CHANNEL" : 0.5407727593770114, 
"VALYSAR_CHANNEL_AZIMUTH" : 70.0, 
"VALYSAR_CHANNEL_WIDTH" : 700.0, 
"VALYSAR_CHANNEL_VOLFRAC" : 0.6, 
"VOLON_FLOODPLAIN_AZIMUTH" : 0.0, 
"VOLON_FLOODPLAIN_VARIOGRAM_RANGE_PARALLEL" : 800.0, 
"VOLON_FLOODPLAIN_VARIOGRAM_RANGE_NORMAL" : 200.0, 
"VOLON_FLOODPLAIN_VOLFRAC" : 0.3, 
"VALYSAR_PORO_CHANNEL" : 0.27, 
"VALYSAR_PORO_CREVASSE" : 0.22, 
"THERYS_PORO_US" : 0.31, 
"THERYS_PORO_LS" : 0.23, 
"VOLON_PORO_CHANNEL" : 0.2, 
"VALYSAR_PERMH_CHANNEL" : 1000.0, 
"VALYSAR_PERMH_CREVASSE" : 100.0, 
"THERYS_PERMH_US" : 1200.0, 
"THERYS_PERMH_LS" : 40.0, 
"VOLON_PERMH_CHANNEL" : 1100.0
}, 
"LOG10_GLOBVAR" : {
"FAULT_SEAL_SCALING" : 0.4910367373879315
}, 
"MULTREGT" : {
"MULT_R1_VALYSAR_THERYS" : 5.859344196427252e-06, 
"MULT_R1_VALYSAR_VOLON" : 0.000301596583550785, 
"MULT_R1_THERYS_VOLON" : 0.10965642183327187, 
"MULT_R2_VALYSAR_THERYS" : 0.004534320970791346, 
"MULT_R2_VALYSAR_VOLON" : 5.302117241360373e-06, 
"MULT_R2_THERYS_VOLON" : 0.0018886462704386323, 
"MULT_R3_VALYSAR_THERYS" : 0.013486410713939575, 
"MULT_R3_VALYSAR_VOLON" : 0.0009718142040040339, 
"MULT_R3_THERYS_VOLON" : 0.05946676071677379, 
"MULT_R4_VALYSAR_THERYS" : 0.030891111181507138, 
"MULT_R4_VALYSAR_VOLON" : 0.012892871479620193, 
"MULT_R4_THERYS_VOLON" : 0.04710032471574518, 
"MULT_R5_VALYSAR_THERYS" : 5.179097206074988e-05, 
"MULT_R5_VALYSAR_VOLON" : 0.00044901669126543834, 
"MULT_R5_THERYS_VOLON" : 1.5256415561383167e-05, 
"MULT_R6_VALYSAR_THERYS" : 0.02111579696968422, 
"MULT_R6_VALYSAR_VOLON" : 0.020492678017966805, 
"MULT_R6_THERYS_VOLON" : 5.769382803015374e-06, 
"MULT_R7_VALYSAR_THERYS" : 0.21442131387758706, 
"MULT_R7_VALYSAR_VOLON" : 0.0004232504425375816, 
"MULT_R7_THERYS_VOLON" : 5.930347790497651e-06, 
"MULT_R5_THERYS_R2_ALL" : 0.001091309911321916, 
"MULT_R5_THERYS_R6_ALL" : 0.00015488974117745
}, 
"LOG10_MULTREGT" : {
"MULT_R1_VALYSAR_THERYS" : -5.232150989410401, 
"MULT_R1_VALYSAR_VOLON" : -3.5205735824091784, 
"MULT_R1_THERYS_VOLON" : -0.9599659295579435, 
"MULT_R2_VALYSAR_THERYS" : -2.3434877407358106, 
"MULT_R2_VALYSAR_VOLON" : -5.275550673299849, 
"MULT_R2_THERYS_VOLON" : -2.723849374625493, 
"MULT_R3_VALYSAR_THERYS" : -1.8701036184928705, 
"MULT_R3_VALYSAR_VOLON" : -3.0124167575929426, 
"MULT_R3_THERYS_VOLON" : -1.2257257178172782, 
"MULT_R4_VALYSAR_THERYS" : -1.5101664694480663, 
"MULT_R4_VALYSAR_VOLON" : -1.8896503465045353, 
"MULT_R4_THERYS_VOLON" : -1.3269760987783181, 
"MULT_R5_VALYSAR_THERYS" : -4.285745937666061, 
"MULT_R5_VALYSAR_VOLON" : -3.3477375146988093, 
"MULT_R5_THERYS_VOLON" : -4.816547490284702, 
"MULT_R6_VALYSAR_THERYS" : -1.6753925224320994, 
"MULT_R6_VALYSAR_VOLON" : -1.6884012835496327, 
"MULT_R6_THERYS_VOLON" : -5.238870644310755, 
"MULT_R7_VALYSAR_THERYS" : -0.668732047153931, 
"MULT_R7_VALYSAR_VOLON" : -3.3734025791339017, 
"MULT_R7_THERYS_VOLON" : -5.226919836304394, 
"MULT_R5_THERYS_R2_ALL" : -2.9620519004984773, 
"MULT_R5_THERYS_R6_ALL" : -3.8099773459436133
}, 
"RATE" : {
"WWIR_MULT_20180101_A5" : 1.0, 
"WWIR_MULT_20190101_A5" : 1.0, 
"WOPR_MULT_20180101_A1" : 1.0, 
"WWPR_MULT_20180101_A1" : 1.0, 
"WGPR_MULT_20180101_A1" : 1.0
}
}