{
"SWITCHES" : {
"DCONV_ALTERNATIVE" : 2.0, 
"HUM_MODEL_MODE" : 0.0, 
"PETROMODEL_ALTERNATIVE" : 1.0, 
"FACIESMODEL_ALTERNATIVE" : 1.0, 
"FACIES_VALYSAR_SEISCOND" : 1.0, 
"FACIES_THERYS_ALT2" : 1.0
}, 
"GLOBVAR" : {
"KVKH_CHANNEL" : 0.5517770400657054, 
"KVKH_CREVASSE" : 0.20415489460707278, 
"KVKH_US" : 0.7578483252697701, 
"KVKH_LS" : 0.7872636524594328, 
"FWL_CENTRAL" : 1675.1714465470018, 
"FWL_NORTH_HORST" : 1656.4047177833886, 
"GOC_NORTH_HORST" : 1641.6775227402436, 
"FAULT_SEAL_SCALING" : 0.21392267303123955, 
"RELPERM_INT_WO" : 0.9899886998866603, 
"RELPERM_INT_GO" : -0.7508256905354851, 
"PERMREF_CHANNEL" : 1050.0, 
"PERMREF_CREAVASSE" : 100.0, 
"PERMREF_USHOREFACE" : 1200.0, 
"PERMREF_LSHOREFACE" : 40.0, 
"PERMREF_OFFSHORE" : 2.0, 
"PERMREF_FLOODPLAIN" : 1.0, 
"POROREF_CHANNEL" : 0.24, 
"POROREF_CREAVASSE" : 0.22, 
"POROREF_USHOREFACE" : 0.31, 
"POROREF_LSHOREFACE" : 0.23, 
"POROREF_OFFSHORE" : 0.1, 
"POROREF_FLOODPLAIN" : 0.13, 
"SWLHEIGHT" : 350.0, 
"SIMGRID_MINPV" : 100.0, 
"ISOTREND_ALT1W_VALYSAR" : 0.9617510814260718, 
"ISOTREND_ALT1W_THERYS" : 0.8870121374994553, 
"ISOTREND_ALT1W_VOLON" : 0.5432907990826426, 
"VALYSAR_APS_PROB_CHANNEL" : 0.32966014409585004, 
"THERYS_APS_PROB_LOWSHOREFACE" : 0.2300956594723827, 
"THERYS_APS_PROB_UPSHOREFACE" : 0.20645283972913872, 
"VOLON_APS_PROB_CHANNEL" : 0.6218329095496, 
"VALYSAR_CHANNEL_AZIMUTH" : 70.0, 
"VALYSAR_CHANNEL_WIDTH" : 700.0, 
"VALYSAR_CHANNEL_VOLFRAC" : 0.6, 
"VOLON_FLOODPLAIN_AZIMUTH" : 0.0, 
"VOLON_FLOODPLAIN_VARIOGRAM_RANGE_PARALLEL" : 800.0, 
"VOLON_FLOODPLAIN_VARIOGRAM_RANGE_NORMAL" : 200.0, 
"VOLON_FLOODPLAIN_VOLFRAC" : 0.3, 
"VALYSAR_PORO_CHANNEL" : 0.27, 
"VALYSAR_PORO_CREVASSE" : 0.22, 
"THERYS_PORO_US" : 0.31, 
"THERYS_PORO_LS" : 0.23, 
"VOLON_PORO_CHANNEL" : 0.2, 
"VALYSAR_PERMH_CHANNEL" : 1000.0, 
"VALYSAR_PERMH_CREVASSE" : 100.0, 
"THERYS_PERMH_US" : 1200.0, 
"THERYS_PERMH_LS" : 40.0, 
"VOLON_PERMH_CHANNEL" : 1100.0
}, 
"LOG10_GLOBVAR" : {
"FAULT_SEAL_SCALING" : -0.6697431834017221
}, 
"MULTREGT" : {
"MULT_R1_VALYSAR_THERYS" : 2.085469439834073e-06, 
"MULT_R1_VALYSAR_VOLON" : 3.1957637577113185e-06, 
"MULT_R1_THERYS_VOLON" : 0.0031187622990322306, 
"MULT_R2_VALYSAR_THERYS" : 1.9537126094987146e-05, 
"MULT_R2_VALYSAR_VOLON" : 0.0010481052090643341, 
"MULT_R2_THERYS_VOLON" : 5.505268831542366e-05, 
"MULT_R3_VALYSAR_THERYS" : 0.008409857756406371, 
"MULT_R3_VALYSAR_VOLON" : 0.00783578777723958, 
"MULT_R3_THERYS_VOLON" : 7.585716621522025e-05, 
"MULT_R4_VALYSAR_THERYS" : 2.257999699465006e-05, 
"MULT_R4_VALYSAR_VOLON" : 0.009770755192141142, 
"MULT_R4_THERYS_VOLON" : 0.002937229996685062, 
"MULT_R5_VALYSAR_THERYS" : 9.874782679870334e-06, 
"MULT_R5_VALYSAR_VOLON" : 0.048479262428738804, 
"MULT_R5_THERYS_VOLON" : 0.004511780545446429, 
"MULT_R6_VALYSAR_THERYS" : 0.006282304599057207, 
"MULT_R6_VALYSAR_VOLON" : 0.014491147863920134, 
"MULT_R6_THERYS_VOLON" : 3.6746249473056564e-06, 
"MULT_R7_VALYSAR_THERYS" : 0.0001581719608807373, 
"MULT_R7_VALYSAR_VOLON" : 0.33965252430805626, 
"MULT_R7_THERYS_VOLON" : 0.00019939370999716034, 
"MULT_R5_THERYS_R2_ALL" : 0.0005690586971487516, 
"MULT_R5_THERYS_R6_ALL" : 7.822139263607474e-06
}, 
"LOG10_MULTREGT" : {
"MULT_R1_VALYSAR_THERYS" : -5.6807961698597085, 
"MULT_R1_VALYSAR_VOLON" : -5.495425332773097, 
"MULT_R1_THERYS_VOLON" : -2.506017724361978, 
"MULT_R2_VALYSAR_THERYS" : -4.709139320498679, 
"MULT_R2_VALYSAR_VOLON" : -2.979595120574871, 
"MULT_R2_THERYS_VOLON" : -4.259221468843952, 
"MULT_R3_VALYSAR_THERYS" : -2.0752113497585953, 
"MULT_R3_VALYSAR_VOLON" : -2.1059173348546736, 
"MULT_R3_THERYS_VOLON" : -4.120003385204016, 
"MULT_R4_VALYSAR_THERYS" : -4.646276120214726, 
"MULT_R4_VALYSAR_VOLON" : -2.0100718678979566, 
"MULT_R4_THERYS_VOLON" : -2.532062045176099, 
"MULT_R5_VALYSAR_THERYS" : -5.005472453369518, 
"MULT_R5_VALYSAR_VOLON" : -1.3144439962172954, 
"MULT_R5_THERYS_VOLON" : -2.345652032743577, 
"MULT_R6_VALYSAR_THERYS" : -2.2018810105540796, 
"MULT_R6_VALYSAR_VOLON" : -1.8388972120980387, 
"MULT_R6_THERYS_VOLON" : -5.434786980832216, 
"MULT_R7_VALYSAR_THERYS" : -3.800870501331627, 
"MULT_R7_VALYSAR_VOLON" : -0.46896515337125033, 
"MULT_R7_THERYS_VOLON" : -3.700288545907065, 
"MULT_R5_THERYS_R2_ALL" : -3.2448429347770777, 
"MULT_R5_THERYS_R6_ALL" : -5.106674456233817
}, 
"RATE" : {
"WWIR_MULT_20180101_A5" : 1.0, 
"WWIR_MULT_20190101_A5" : 1.0, 
"WOPR_MULT_20180101_A1" : 1.0, 
"WWPR_MULT_20180101_A1" : 1.0, 
"WGPR_MULT_20180101_A1" : 1.0
}
}