{
"SWITCHES" : {
"DCONV_ALTERNATIVE" : 2.0, 
"HUM_MODEL_MODE" : 0.0, 
"PETROMODEL_ALTERNATIVE" : 1.0, 
"FACIESMODEL_ALTERNATIVE" : 1.0, 
"FACIES_VALYSAR_SEISCOND" : 1.0, 
"FACIES_THERYS_ALT2" : 1.0
}, 
"GLOBVAR" : {
"KVKH_CHANNEL" : 0.7922097026022924, 
"KVKH_CREVASSE" : 0.4018558507527983, 
"KVKH_US" : 0.6452645658926309, 
"KVKH_LS" : 0.6604946875019102, 
"FWL_CENTRAL" : 1681.775029951212, 
"FWL_NORTH_HORST" : 1664.0901014714127, 
"GOC_NORTH_HORST" : 1636.4079951883407, 
"FAULT_SEAL_SCALING" : 8.299790312283672, 
"RELPERM_INT_WO" : 0.7216687860886566, 
"RELPERM_INT_GO" : -0.6353544161427448, 
"PERMREF_CHANNEL" : 1050.0, 
"PERMREF_CREAVASSE" : 100.0, 
"PERMREF_USHOREFACE" : 1200.0, 
"PERMREF_LSHOREFACE" : 40.0, 
"PERMREF_OFFSHORE" : 2.0, 
"PERMREF_FLOODPLAIN" : 1.0, 
"POROREF_CHANNEL" : 0.24, 
"POROREF_CREAVASSE" : 0.22, 
"POROREF_USHOREFACE" : 0.31, 
"POROREF_LSHOREFACE" : 0.23, 
"POROREF_OFFSHORE" : 0.1, 
"POROREF_FLOODPLAIN" : 0.13, 
"SWLHEIGHT" : 350.0, 
"SIMGRID_MINPV" : 100.0, 
"ISOTREND_ALT1W_VALYSAR" : 0.9769338570842815, 
"ISOTREND_ALT1W_THERYS" : 0.8247471436148457, 
"ISOTREND_ALT1W_VOLON" : 0.5126655684044704, 
"VALYSAR_APS_PROB_CHANNEL" : 0.4225636725161438, 
"THERYS_APS_PROB_LOWSHOREFACE" : 0.22454352017726037, 
"THERYS_APS_PROB_UPSHOREFACE" : 0.23719006946127738, 
"VOLON_APS_PROB_CHANNEL" : 0.6219157518439515, 
"VALYSAR_CHANNEL_AZIMUTH" : 70.0, 
"VALYSAR_CHANNEL_WIDTH" : 700.0, 
"VALYSAR_CHANNEL_VOLFRAC" : 0.6, 
"VOLON_FLOODPLAIN_AZIMUTH" : 0.0, 
"VOLON_FLOODPLAIN_VARIOGRAM_RANGE_PARALLEL" : 800.0, 
"VOLON_FLOODPLAIN_VARIOGRAM_RANGE_NORMAL" : 200.0, 
"VOLON_FLOODPLAIN_VOLFRAC" : 0.3, 
"VALYSAR_PORO_CHANNEL" : 0.27, 
"VALYSAR_PORO_CREVASSE" : 0.22, 
"THERYS_PORO_US" : 0.31, 
"THERYS_PORO_LS" : 0.23, 
"VOLON_PORO_CHANNEL" : 0.2, 
"VALYSAR_PERMH_CHANNEL" : 1000.0, 
"VALYSAR_PERMH_CREVASSE" : 100.0, 
"THERYS_PERMH_US" : 1200.0, 
"THERYS_PERMH_LS" : 40.0, 
"VOLON_PERMH_CHANNEL" : 1100.0
}, 
"LOG10_GLOBVAR" : {
"FAULT_SEAL_SCALING" : 0.9190671204039687
}, 
"MULTREGT" : {
"MULT_R1_VALYSAR_THERYS" : 7.985201371816677e-05, 
"MULT_R1_VALYSAR_VOLON" : 1.2286811291526014e-05, 
"MULT_R1_THERYS_VOLON" : 0.004423175647022337, 
"MULT_R2_VALYSAR_THERYS" : 4.21152994522492e-06, 
"MULT_R2_VALYSAR_VOLON" : 0.0006246320267768618, 
"MULT_R2_THERYS_VOLON" : 0.0014938472226318788, 
"MULT_R3_VALYSAR_THERYS" : 0.022457159286405997, 
"MULT_R3_VALYSAR_VOLON" : 0.00011627682184545508, 
"MULT_R3_THERYS_VOLON" : 3.917720828015373e-05, 
"MULT_R4_VALYSAR_THERYS" : 0.0008443018588854174, 
"MULT_R4_VALYSAR_VOLON" : 0.001044920434491408, 
"MULT_R4_THERYS_VOLON" : 0.048179534489868545, 
"MULT_R5_VALYSAR_THERYS" : 2.8717291149221668e-05, 
"MULT_R5_VALYSAR_VOLON" : 0.003554977830812866, 
"MULT_R5_THERYS_VOLON" : 0.0012413969919758843, 
"MULT_R6_VALYSAR_THERYS" : 0.028350285390931363, 
"MULT_R6_VALYSAR_VOLON" : 2.4032423940184603e-05, 
"MULT_R6_THERYS_VOLON" : 1.0288229351224192e-05, 
"MULT_R7_VALYSAR_THERYS" : 0.00019979329014931072, 
"MULT_R7_VALYSAR_VOLON" : 0.004576728480479163, 
"MULT_R7_THERYS_VOLON" : 0.00398528276261103, 
"MULT_R5_THERYS_R2_ALL" : 9.031504712736274e-05, 
"MULT_R5_THERYS_R6_ALL" : 0.0001607685295217023
}, 
"LOG10_MULTREGT" : {
"MULT_R1_VALYSAR_THERYS" : -4.0977141272943065, 
"MULT_R1_VALYSAR_VOLON" : -4.910560811839154, 
"MULT_R1_THERYS_VOLON" : -2.3542658141872734, 
"MULT_R2_VALYSAR_THERYS" : -5.375560106999107, 
"MULT_R2_VALYSAR_VOLON" : -3.2043757519407885, 
"MULT_R2_THERYS_VOLON" : -2.8256938160150513, 
"MULT_R3_VALYSAR_THERYS" : -1.6486451805885394, 
"MULT_R3_VALYSAR_VOLON" : -3.9345068471617086, 
"MULT_R3_THERYS_VOLON" : -4.4069665145312085, 
"MULT_R4_VALYSAR_THERYS" : -3.0735022545467596, 
"MULT_R4_VALYSAR_VOLON" : -2.980916777664782, 
"MULT_R4_THERYS_VOLON" : -1.3171374004659036, 
"MULT_R5_VALYSAR_THERYS" : -4.54185652872045, 
"MULT_R5_VALYSAR_VOLON" : -2.449163103228353, 
"MULT_R5_THERYS_VOLON" : -2.906089311286579, 
"MULT_R6_VALYSAR_THERYS" : -1.5474425648810277, 
"MULT_R6_VALYSAR_VOLON" : -4.619202423505032, 
"MULT_R6_THERYS_VOLON" : -4.987659362765417, 
"MULT_R7_VALYSAR_THERYS" : -3.699419101195426, 
"MULT_R7_VALYSAR_VOLON" : -2.3394448518129036, 
"MULT_R7_THERYS_VOLON" : -2.399540859240255, 
"MULT_R5_THERYS_R2_ALL" : -4.04423988711758, 
"MULT_R5_THERYS_R6_ALL" : -3.7937989605171945
}, 
"RATE" : {
"WWIR_MULT_20180101_A5" : 1.0, 
"WWIR_MULT_20190101_A5" : 1.0, 
"WOPR_MULT_20180101_A1" : 1.0, 
"WWPR_MULT_20180101_A1" : 1.0, 
"WGPR_MULT_20180101_A1" : 1.0
}
}