{
"SWITCHES" : {
"DCONV_ALTERNATIVE" : 2.0, 
"HUM_MODEL_MODE" : 0.0, 
"PETROMODEL_ALTERNATIVE" : 1.0, 
"FACIESMODEL_ALTERNATIVE" : 1.0, 
"FACIES_VALYSAR_SEISCOND" : 1.0, 
"FACIES_THERYS_ALT2" : 1.0
}, 
"GLOBVAR" : {
"KVKH_CHANNEL" : 0.4786719946156502, 
"KVKH_CREVASSE" : 0.41822207640519937, 
"KVKH_US" : 0.6096176132511493, 
"KVKH_LS" : 0.6362050356768276, 
"FWL_CENTRAL" : 1676.7376567605777, 
"FWL_NORTH_HORST" : 1655.257576119066, 
"GOC_NORTH_HORST" : 1638.5204429196287, 
"FAULT_SEAL_SCALING" : 8.817667644188068, 
"RELPERM_INT_WO" : 0.9304557185129831, 
"RELPERM_INT_GO" : -0.36822222195948906, 
"PERMREF_CHANNEL" : 1050.0, 
"PERMREF_CREAVASSE" : 100.0, 
"PERMREF_USHOREFACE" : 1200.0, 
"PERMREF_LSHOREFACE" : 40.0, 
"PERMREF_OFFSHORE" : 2.0, 
"PERMREF_FLOODPLAIN" : 1.0, 
"POROREF_CHANNEL" : 0.24, 
"POROREF_CREAVASSE" : 0.22, 
"POROREF_USHOREFACE" : 0.31, 
"POROREF_LSHOREFACE" : 0.23, 
"POROREF_OFFSHORE" : 0.1, 
"POROREF_FLOODPLAIN" : 0.13, 
"SWLHEIGHT" : 350.0, 
"SIMGRID_MINPV" : 100.0, 
"ISOTREND_ALT1W_VALYSAR" : 0.8049492417376964, 
"ISOTREND_ALT1W_THERYS" : 0.9115326462607716, 
"ISOTREND_ALT1W_VOLON" : 0.45718462381752206, 
"VALYSAR_APS_PROB_CHANNEL" : 0.25226723753772895, 
"THERYS_APS_PROB_LOWSHOREFACE" : 0.26857508209446546, 
"THERYS_APS_PROB_UPSHOREFACE" : 0.11949363939784385, 
"VOLON_APS_PROB_CHANNEL" : 0.7110068715744255, 
"VALYSAR_CHANNEL_AZIMUTH" : 70.0, 
"VALYSAR_CHANNEL_WIDTH" : 700.0, 
"VALYSAR_CHANNEL_VOLFRAC" : 0.6, 
"VOLON_FLOODPLAIN_AZIMUTH" : 0.0, 
"VOLON_FLOODPLAIN_VARIOGRAM_RANGE_PARALLEL" : 800.0, 
"VOLON_FLOODPLAIN_VARIOGRAM_RANGE_NORMAL" : 200.0, 
"VOLON_FLOODPLAIN_VOLFRAC" : 0.3, 
"VALYSAR_PORO_CHANNEL" : 0.27, 
"VALYSAR_PORO_CREVASSE" : 0.22, 
"THERYS_PORO_US" : 0.31, 
"THERYS_PORO_LS" : 0.23, 
"VOLON_PORO_CHANNEL" : 0.2, 
"VALYSAR_PERMH_CHANNEL" : 1000.0, 
"VALYSAR_PERMH_CREVASSE" : 100.0, 
"THERYS_PERMH_US" : 1200.0, 
"THERYS_PERMH_LS" : 40.0, 
"VOLON_PERMH_CHANNEL" : 1100.0
}, 
"LOG10_GLOBVAR" : {
"FAULT_SEAL_SCALING" : 0.9453537253572399
}, 
"MULTREGT" : {
"MULT_R1_VALYSAR_THERYS" : 0.08494795345899388, 
"MULT_R1_VALYSAR_VOLON" : 0.007301120854395704, 
"MULT_R1_THERYS_VOLON" : 2.7774947706206272e-05, 
"MULT_R2_VALYSAR_THERYS" : 1.076434317225171e-05, 
"MULT_R2_VALYSAR_VOLON" : 0.08093314034707784, 
"MULT_R2_THERYS_VOLON" : 4.915475126699469e-06, 
"MULT_R3_VALYSAR_THERYS" : 7.750915532258257e-05, 
"MULT_R3_VALYSAR_VOLON" : 2.2707220483007114e-05, 
"MULT_R3_THERYS_VOLON" : 2.1033027197486933e-06, 
"MULT_R4_VALYSAR_THERYS" : 0.007300571776510183, 
"MULT_R4_VALYSAR_VOLON" : 0.5299336725821003, 
"MULT_R4_THERYS_VOLON" : 2.1720395456549465e-06, 
"MULT_R5_VALYSAR_THERYS" : 7.656555709344574e-05, 
"MULT_R5_VALYSAR_VOLON" : 0.000467203101247168, 
"MULT_R5_THERYS_VOLON" : 0.005148541681549983, 
"MULT_R6_VALYSAR_THERYS" : 9.453716431921825e-05, 
"MULT_R6_VALYSAR_VOLON" : 0.38995524414623167, 
"MULT_R6_THERYS_VOLON" : 0.007632660090415083, 
"MULT_R7_VALYSAR_THERYS" : 5.819496245128588e-05, 
"MULT_R7_VALYSAR_VOLON" : 0.0025482228535635885, 
"MULT_R7_THERYS_VOLON" : 0.005000366038412577, 
"MULT_R5_THERYS_R2_ALL" : 1.1117260044041795e-06, 
"MULT_R5_THERYS_R6_ALL" : 5.667927812565777e-05
}, 
"LOG10_MULTREGT" : {
"MULT_R1_VALYSAR_THERYS" : -1.070847079563296, 
"MULT_R1_VALYSAR_VOLON" : -2.1366104626860762, 
"MULT_R1_THERYS_VOLON" : -4.556346750062249, 
"MULT_R2_VALYSAR_THERYS" : -4.968012465178114, 
"MULT_R2_VALYSAR_VOLON" : -1.0918736078967444, 
"MULT_R2_THERYS_VOLON" : -5.308434497174495, 
"MULT_R3_VALYSAR_THERYS" : -4.110646995929288, 
"MULT_R3_VALYSAR_VOLON" : -4.643836023101696, 
"MULT_R3_THERYS_VOLON" : -5.677098216588509, 
"MULT_R4_VALYSAR_THERYS" : -2.1366431248577786, 
"MULT_R4_VALYSAR_VOLON" : -0.27577848404864286, 
"MULT_R4_THERYS_VOLON" : -5.663132271945353, 
"MULT_R5_VALYSAR_THERYS" : -4.115966553190532, 
"MULT_R5_VALYSAR_VOLON" : -3.330494283083024, 
"MULT_R5_THERYS_VOLON" : -2.288315766947856, 
"MULT_R6_VALYSAR_THERYS" : -4.02439742867776, 
"MULT_R6_VALYSAR_VOLON" : -0.408985234859921, 
"MULT_R6_THERYS_VOLON" : -2.117324077870475, 
"MULT_R7_VALYSAR_THERYS" : -4.2351146076919814, 
"MULT_R7_VALYSAR_VOLON" : -2.593762593667647, 
"MULT_R7_THERYS_VOLON" : -2.300998203135146, 
"MULT_R5_THERYS_R2_ALL" : -5.954002235629708, 
"MULT_R5_THERYS_R6_ALL" : -4.2465756896179405
}, 
"RATE" : {
"WWIR_MULT_20180101_A5" : 1.0, 
"WWIR_MULT_20190101_A5" : 1.0, 
"WOPR_MULT_20180101_A1" : 1.0, 
"WWPR_MULT_20180101_A1" : 1.0, 
"WGPR_MULT_20180101_A1" : 1.0
}
}