{
"SWITCHES" : {
"DCONV_ALTERNATIVE" : 2.0, 
"HUM_MODEL_MODE" : 0.0, 
"PETROMODEL_ALTERNATIVE" : 1.0, 
"FACIESMODEL_ALTERNATIVE" : 1.0, 
"FACIES_VALYSAR_SEISCOND" : 1.0, 
"FACIES_THERYS_ALT2" : 1.0
}, 
"GLOBVAR" : {
"KVKH_CHANNEL" : 0.6259197045103727, 
"KVKH_CREVASSE" : 0.3805222273701828, 
"KVKH_US" : 0.5034324500103724, 
"KVKH_LS" : 0.662202109370176, 
"FWL_CENTRAL" : 1674.1197266856539, 
"FWL_NORTH_HORST" : 1660.3723888473198, 
"GOC_NORTH_HORST" : 1639.7284311801016, 
"FAULT_SEAL_SCALING" : 0.1253877461345683, 
"RELPERM_INT_WO" : 0.45806034804880014, 
"RELPERM_INT_GO" : -0.4188089633163654, 
"PERMREF_CHANNEL" : 1050.0, 
"PERMREF_CREAVASSE" : 100.0, 
"PERMREF_USHOREFACE" : 1200.0, 
"PERMREF_LSHOREFACE" : 40.0, 
"PERMREF_OFFSHORE" : 2.0, 
"PERMREF_FLOODPLAIN" : 1.0, 
"POROREF_CHANNEL" : 0.24, 
"POROREF_CREAVASSE" : 0.22, 
"POROREF_USHOREFACE" : 0.31, 
"POROREF_LSHOREFACE" : 0.23, 
"POROREF_OFFSHORE" : 0.1, 
"POROREF_FLOODPLAIN" : 0.13, 
"SWLHEIGHT" : 350.0, 
"SIMGRID_MINPV" : 100.0, 
"ISOTREND_ALT1W_VALYSAR" : 0.9734607927980852, 
"ISOTREND_ALT1W_THERYS" : 0.9509624112089783, 
"ISOTREND_ALT1W_VOLON" : 0.5018078898095628, 
"VALYSAR_APS_PROB_CHANNEL" : 0.25767567212422465, 
"THERYS_APS_PROB_LOWSHOREFACE" : 0.27141538278360905, 
"THERYS_APS_PROB_UPSHOREFACE" : 0.1343413199522441, 
"VOLON_APS_PROB_CHANNEL" : 0.5887705957593077, 
"VALYSAR_CHANNEL_AZIMUTH" : 70.0, 
"VALYSAR_CHANNEL_WIDTH" : 700.0, 
"VALYSAR_CHANNEL_VOLFRAC" : 0.6, 
"VOLON_FLOODPLAIN_AZIMUTH" : 0.0, 
"VOLON_FLOODPLAIN_VARIOGRAM_RANGE_PARALLEL" : 800.0, 
"VOLON_FLOODPLAIN_VARIOGRAM_RANGE_NORMAL" : 200.0, 
"VOLON_FLOODPLAIN_VOLFRAC" : 0.3, 
"VALYSAR_PORO_CHANNEL" : 0.27, 
"VALYSAR_PORO_CREVASSE" : 0.22, 
"THERYS_PORO_US" : 0.31, 
"THERYS_PORO_LS" : 0.23, 
"VOLON_PORO_CHANNEL" : 0.2, 
"VALYSAR_PERMH_CHANNEL" : 1000.0, 
"VALYSAR_PERMH_CREVASSE" : 100.0, 
"THERYS_PERMH_US" : 1200.0, 
"THERYS_PERMH_LS" : 40.0, 
"VOLON_PERMH_CHANNEL" : 1100.0
}, 
"LOG10_GLOBVAR" : {
"FAULT_SEAL_SCALING" : -0.9017449040649009
}, 
"MULTREGT" : {
"MULT_R1_VALYSAR_THERYS" : 3.041623460517371e-06, 
"MULT_R1_VALYSAR_VOLON" : 0.9718954033594035, 
"MULT_R1_THERYS_VOLON" : 9.702499935987546e-05, 
"MULT_R2_VALYSAR_THERYS" : 0.04471835935606974, 
"MULT_R2_VALYSAR_VOLON" : 0.0012022854518098384, 
"MULT_R2_THERYS_VOLON" : 9.060874706521127e-05, 
"MULT_R3_VALYSAR_THERYS" : 0.07116700958957985, 
"MULT_R3_VALYSAR_VOLON" : 0.0009170324442311886, 
"MULT_R3_THERYS_VOLON" : 1.017932497334198e-06, 
"MULT_R4_VALYSAR_THERYS" : 0.11071343853385204, 
"MULT_R4_VALYSAR_VOLON" : 0.0001934758321799949, 
"MULT_R4_THERYS_VOLON" : 0.002021945028487075, 
"MULT_R5_VALYSAR_THERYS" : 2.0697164407881554e-05, 
"MULT_R5_VALYSAR_VOLON" : 0.00017648273311651945, 
"MULT_R5_THERYS_VOLON" : 0.0021590126777289477, 
"MULT_R6_VALYSAR_THERYS" : 0.006614463114293389, 
"MULT_R6_VALYSAR_VOLON" : 8.112757058600257e-06, 
"MULT_R6_THERYS_VOLON" : 0.2301370174479464, 
"MULT_R7_VALYSAR_THERYS" : 0.05489557809600533, 
"MULT_R7_VALYSAR_VOLON" : 4.5318851565724584e-06, 
"MULT_R7_THERYS_VOLON" : 0.022327851389797752, 
"MULT_R5_THERYS_R2_ALL" : 0.0006212173521678204, 
"MULT_R5_THERYS_R6_ALL" : 0.0009395382824065406
}, 
"LOG10_MULTREGT" : {
"MULT_R1_VALYSAR_THERYS" : -5.516894550684463, 
"MULT_R1_VALYSAR_VOLON" : -0.01238047189279708, 
"MULT_R1_THERYS_VOLON" : -4.013116351453214, 
"MULT_R2_VALYSAR_THERYS" : -1.3495141383880946, 
"MULT_R2_VALYSAR_VOLON" : -2.919992408017195, 
"MULT_R2_THERYS_VOLON" : -4.042829874963513, 
"MULT_R3_VALYSAR_THERYS" : -1.1477212826770726, 
"MULT_R3_VALYSAR_VOLON" : -3.0376152988977907, 
"MULT_R3_THERYS_VOLON" : -5.99228102063116, 
"MULT_R4_VALYSAR_THERYS" : -0.9557996607213225, 
"MULT_R4_VALYSAR_VOLON" : -3.713373276672902, 
"MULT_R4_THERYS_VOLON" : -2.6942306559404954, 
"MULT_R5_VALYSAR_THERYS" : -4.6840891505027455, 
"MULT_R5_VALYSAR_VOLON" : -3.753297779109281, 
"MULT_R5_THERYS_VOLON" : -2.6657448074797756, 
"MULT_R6_VALYSAR_THERYS" : -2.179505401055077, 
"MULT_R6_VALYSAR_VOLON" : -5.090831529037439, 
"MULT_R6_THERYS_VOLON" : -0.6380135196174898, 
"MULT_R7_VALYSAR_THERYS" : -1.2604626370771923, 
"MULT_R7_VALYSAR_VOLON" : -5.343721104214381, 
"MULT_R7_THERYS_VOLON" : -1.651153067096529, 
"MULT_R5_THERYS_R2_ALL" : -3.206756421833557, 
"MULT_R5_THERYS_R6_ALL" : -3.0270855194493604
}, 
"RATE" : {
"WWIR_MULT_20180101_A5" : 1.0, 
"WWIR_MULT_20190101_A5" : 1.0, 
"WOPR_MULT_20180101_A1" : 1.0, 
"WWPR_MULT_20180101_A1" : 1.0, 
"WGPR_MULT_20180101_A1" : 1.0
}
}