{
"SWITCHES" : {
"DCONV_ALTERNATIVE" : 2.0, 
"HUM_MODEL_MODE" : 0.0, 
"PETROMODEL_ALTERNATIVE" : 1.0, 
"FACIESMODEL_ALTERNATIVE" : 1.0, 
"FACIES_VALYSAR_SEISCOND" : 1.0, 
"FACIES_THERYS_ALT2" : 1.0
}, 
"GLOBVAR" : {
"KVKH_CHANNEL" : 0.41252279540607023, 
"KVKH_CREVASSE" : 0.49898759996061137, 
"KVKH_US" : 0.5474088933256598, 
"KVKH_LS" : 0.8801810464494664, 
"FWL_CENTRAL" : 1680.2864764176875, 
"FWL_NORTH_HORST" : 1663.2087047252794, 
"GOC_NORTH_HORST" : 1641.891365644639, 
"FAULT_SEAL_SCALING" : 6.730957800857486, 
"RELPERM_INT_WO" : 0.5950997055126392, 
"RELPERM_INT_GO" : -0.2494618447144783, 
"PERMREF_CHANNEL" : 1050.0, 
"PERMREF_CREAVASSE" : 100.0, 
"PERMREF_USHOREFACE" : 1200.0, 
"PERMREF_LSHOREFACE" : 40.0, 
"PERMREF_OFFSHORE" : 2.0, 
"PERMREF_FLOODPLAIN" : 1.0, 
"POROREF_CHANNEL" : 0.24, 
"POROREF_CREAVASSE" : 0.22, 
"POROREF_USHOREFACE" : 0.31, 
"POROREF_LSHOREFACE" : 0.23, 
"POROREF_OFFSHORE" : 0.1, 
"POROREF_FLOODPLAIN" : 0.13, 
"SWLHEIGHT" : 350.0, 
"SIMGRID_MINPV" : 100.0, 
"ISOTREND_ALT1W_VALYSAR" : 0.8014526723266732, 
"ISOTREND_ALT1W_THERYS" : 0.896088509472899, 
"ISOTREND_ALT1W_VOLON" : 0.5150271416204758, 
"VALYSAR_APS_PROB_CHANNEL" : 0.2882484988715414, 
"THERYS_APS_PROB_LOWSHOREFACE" : 0.2679390716388009, 
"THERYS_APS_PROB_UPSHOREFACE" : 0.2032924273694247, 
"VOLON_APS_PROB_CHANNEL" : 0.5598355992907919, 
"VALYSAR_CHANNEL_AZIMUTH" : 70.0, 
"VALYSAR_CHANNEL_WIDTH" : 700.0, 
"VALYSAR_CHANNEL_VOLFRAC" : 0.6, 
"VOLON_FLOODPLAIN_AZIMUTH" : 0.0, 
"VOLON_FLOODPLAIN_VARIOGRAM_RANGE_PARALLEL" : 800.0, 
"VOLON_FLOODPLAIN_VARIOGRAM_RANGE_NORMAL" : 200.0, 
"VOLON_FLOODPLAIN_VOLFRAC" : 0.3, 
"VALYSAR_PORO_CHANNEL" : 0.27, 
"VALYSAR_PORO_CREVASSE" : 0.22, 
"THERYS_PORO_US" : 0.31, 
"THERYS_PORO_LS" : 0.23, 
"VOLON_PORO_CHANNEL" : 0.2, 
"VALYSAR_PERMH_CHANNEL" : 1000.0, 
"VALYSAR_PERMH_CREVASSE" : 100.0, 
"THERYS_PERMH_US" : 1200.0, 
"THERYS_PERMH_LS" : 40.0, 
"VOLON_PERMH_CHANNEL" : 1100.0
}, 
"LOG10_GLOBVAR" : {
"FAULT_SEAL_SCALING" : 0.8280768677945732
}, 
"MULTREGT" : {
"MULT_R1_VALYSAR_THERYS" : 0.01265677359652274, 
"MULT_R1_VALYSAR_VOLON" : 0.0011079447935266546, 
"MULT_R1_THERYS_VOLON" : 0.8361099563317125, 
"MULT_R2_VALYSAR_THERYS" : 0.015534977938884873, 
"MULT_R2_VALYSAR_VOLON" : 1.6971354830498274e-05, 
"MULT_R2_THERYS_VOLON" : 1.4641363048791575e-05, 
"MULT_R3_VALYSAR_THERYS" : 0.00011259752390103065, 
"MULT_R3_VALYSAR_VOLON" : 0.00627081430200714, 
"MULT_R3_THERYS_VOLON" : 0.015765289756781858, 
"MULT_R4_VALYSAR_THERYS" : 0.04341047497853884, 
"MULT_R4_VALYSAR_VOLON" : 0.0029667546798426746, 
"MULT_R4_THERYS_VOLON" : 2.0213724727698092e-05, 
"MULT_R5_VALYSAR_THERYS" : 0.0008909669429234831, 
"MULT_R5_VALYSAR_VOLON" : 0.00013995348136242673, 
"MULT_R5_THERYS_VOLON" : 0.0001930451538028224, 
"MULT_R6_VALYSAR_THERYS" : 0.0023690925426138342, 
"MULT_R6_VALYSAR_VOLON" : 0.024518440188815997, 
"MULT_R6_THERYS_VOLON" : 2.164106786611143e-05, 
"MULT_R7_VALYSAR_THERYS" : 1.3484077283221105e-06, 
"MULT_R7_VALYSAR_VOLON" : 1.4783730038646562e-05, 
"MULT_R7_THERYS_VOLON" : 0.003378268555886809, 
"MULT_R5_THERYS_R2_ALL" : 4.236582919815202e-05, 
"MULT_R5_THERYS_R6_ALL" : 1.8474675924015617e-05
}, 
"LOG10_MULTREGT" : {
"MULT_R1_VALYSAR_THERYS" : -1.8976769884581683, 
"MULT_R1_VALYSAR_VOLON" : -2.955481879015587, 
"MULT_R1_THERYS_VOLON" : -0.07773660499165025, 
"MULT_R2_VALYSAR_THERYS" : -1.80868935914717, 
"MULT_R2_VALYSAR_VOLON" : -4.770283486384577, 
"MULT_R2_THERYS_VOLON" : -4.834418490421534, 
"MULT_R3_VALYSAR_THERYS" : -3.9484711598216427, 
"MULT_R3_VALYSAR_VOLON" : -2.2026760598222737, 
"MULT_R3_THERYS_VOLON" : -1.8022980427647908, 
"MULT_R4_VALYSAR_THERYS" : -1.3624054622739488, 
"MULT_R4_VALYSAR_VOLON" : -2.5277183638939555, 
"MULT_R4_THERYS_VOLON" : -4.694353652855862, 
"MULT_R5_VALYSAR_THERYS" : -3.0501384090632895, 
"MULT_R5_VALYSAR_VOLON" : -3.8540162939274616, 
"MULT_R5_THERYS_VOLON" : -3.7143410964129444, 
"MULT_R6_VALYSAR_THERYS" : -2.625417974329348, 
"MULT_R6_VALYSAR_VOLON" : -1.610507162169018, 
"MULT_R6_THERYS_VOLON" : -4.664721313024006, 
"MULT_R7_VALYSAR_THERYS" : -5.87017876700984, 
"MULT_R7_VALYSAR_VOLON" : -4.830215976575577, 
"MULT_R7_THERYS_VOLON" : -2.471305829097825, 
"MULT_R5_THERYS_R2_ALL" : -4.3729842890173325, 
"MULT_R5_THERYS_R6_ALL" : -4.733423171100723
}, 
"RATE" : {
"WWIR_MULT_20180101_A5" : 1.0, 
"WWIR_MULT_20190101_A5" : 1.0, 
"WOPR_MULT_20180101_A1" : 1.0, 
"WWPR_MULT_20180101_A1" : 1.0, 
"WGPR_MULT_20180101_A1" : 1.0
}
}