{
"SWITCHES" : {
"DCONV_ALTERNATIVE" : 2.0, 
"HUM_MODEL_MODE" : 0.0, 
"PETROMODEL_ALTERNATIVE" : 1.0, 
"FACIESMODEL_ALTERNATIVE" : 1.0, 
"FACIES_VALYSAR_SEISCOND" : 1.0, 
"FACIES_THERYS_ALT2" : 1.0
}, 
"GLOBVAR" : {
"KVKH_CHANNEL" : 0.4584025283657708, 
"KVKH_CREVASSE" : 0.11902807888015182, 
"KVKH_US" : 0.7974779358599018, 
"KVKH_LS" : 0.562428752454249, 
"FWL_CENTRAL" : 1674.0103102974972, 
"FWL_NORTH_HORST" : 1656.9414687229512, 
"GOC_NORTH_HORST" : 1636.199487151442, 
"FAULT_SEAL_SCALING" : 4.075851403057356, 
"RELPERM_INT_WO" : -0.3414761276287249, 
"RELPERM_INT_GO" : 0.017264139043556836, 
"PERMREF_CHANNEL" : 1050.0, 
"PERMREF_CREAVASSE" : 100.0, 
"PERMREF_USHOREFACE" : 1200.0, 
"PERMREF_LSHOREFACE" : 40.0, 
"PERMREF_OFFSHORE" : 2.0, 
"PERMREF_FLOODPLAIN" : 1.0, 
"POROREF_CHANNEL" : 0.24, 
"POROREF_CREAVASSE" : 0.22, 
"POROREF_USHOREFACE" : 0.31, 
"POROREF_LSHOREFACE" : 0.23, 
"POROREF_OFFSHORE" : 0.1, 
"POROREF_FLOODPLAIN" : 0.13, 
"SWLHEIGHT" : 350.0, 
"SIMGRID_MINPV" : 100.0, 
"ISOTREND_ALT1W_VALYSAR" : 0.9973064908494722, 
"ISOTREND_ALT1W_THERYS" : 0.9107287507831575, 
"ISOTREND_ALT1W_VOLON" : 0.5185898549737438, 
"VALYSAR_APS_PROB_CHANNEL" : 0.2568129998142272, 
"THERYS_APS_PROB_LOWSHOREFACE" : 0.23027050788087094, 
"THERYS_APS_PROB_UPSHOREFACE" : 0.25070080152620555, 
"VOLON_APS_PROB_CHANNEL" : 0.616762263438495, 
"VALYSAR_CHANNEL_AZIMUTH" : 70.0, 
"VALYSAR_CHANNEL_WIDTH" : 700.0, 
"VALYSAR_CHANNEL_VOLFRAC" : 0.6, 
"VOLON_FLOODPLAIN_AZIMUTH" : 0.0, 
"VOLON_FLOODPLAIN_VARIOGRAM_RANGE_PARALLEL" : 800.0, 
"VOLON_FLOODPLAIN_VARIOGRAM_RANGE_NORMAL" : 200.0, 
"VOLON_FLOODPLAIN_VOLFRAC" : 0.3, 
"VALYSAR_PORO_CHANNEL" : 0.27, 
"VALYSAR_PORO_CREVASSE" : 0.22, 
"THERYS_PORO_US" : 0.31, 
"THERYS_PORO_LS" : 0.23, 
"VOLON_PORO_CHANNEL" : 0.2, 
"VALYSAR_PERMH_CHANNEL" : 1000.0, 
"VALYSAR_PERMH_CREVASSE" : 100.0, 
"THERYS_PERMH_US" : 1200.0, 
"THERYS_PERMH_LS" : 40.0, 
"VOLON_PERMH_CHANNEL" : 1100.0
}, 
"LOG10_GLOBVAR" : {
"FAULT_SEAL_SCALING" : 0.610218342162503
}, 
"MULTREGT" : {
"MULT_R1_VALYSAR_THERYS" : 5.7063693491418715e-05, 
"MULT_R1_VALYSAR_VOLON" : 0.12183521179402247, 
"MULT_R1_THERYS_VOLON" : 0.000599771294474583, 
"MULT_R2_VALYSAR_THERYS" : 0.24909086168839345, 
"MULT_R2_VALYSAR_VOLON" : 0.13948637149597756, 
"MULT_R2_THERYS_VOLON" : 8.27260490238031e-05, 
"MULT_R3_VALYSAR_THERYS" : 3.150206817443235e-05, 
"MULT_R3_VALYSAR_VOLON" : 6.889739380089666e-05, 
"MULT_R3_THERYS_VOLON" : 0.01939126479186732, 
"MULT_R4_VALYSAR_THERYS" : 0.09511398860605383, 
"MULT_R4_VALYSAR_VOLON" : 0.019275240903024453, 
"MULT_R4_THERYS_VOLON" : 0.01150821565162288, 
"MULT_R5_VALYSAR_THERYS" : 8.827636644631565e-06, 
"MULT_R5_VALYSAR_VOLON" : 0.9882757023600917, 
"MULT_R5_THERYS_VOLON" : 0.0009906122621418905, 
"MULT_R6_VALYSAR_THERYS" : 6.585041254005901e-05, 
"MULT_R6_VALYSAR_VOLON" : 7.804040323988009e-05, 
"MULT_R6_THERYS_VOLON" : 1.1247267217695687e-06, 
"MULT_R7_VALYSAR_THERYS" : 7.031313831114412e-05, 
"MULT_R7_VALYSAR_VOLON" : 0.03389723648248546, 
"MULT_R7_THERYS_VOLON" : 0.08914939683294026, 
"MULT_R5_THERYS_R2_ALL" : 0.002790617073247733, 
"MULT_R5_THERYS_R6_ALL" : 7.85985178476421e-05
}, 
"LOG10_MULTREGT" : {
"MULT_R1_VALYSAR_THERYS" : -4.243640121725053, 
"MULT_R1_VALYSAR_VOLON" : -0.9142271774026148, 
"MULT_R1_THERYS_VOLON" : -3.2220143237542436, 
"MULT_R2_VALYSAR_THERYS" : -0.6036422049849838, 
"MULT_R2_VALYSAR_VOLON" : -0.8554682230228658, 
"MULT_R2_THERYS_VOLON" : -4.08235771697729, 
"MULT_R3_VALYSAR_THERYS" : -4.50166093296409, 
"MULT_R3_VALYSAR_VOLON" : -4.161797205948638, 
"MULT_R3_THERYS_VOLON" : -1.7123938632155389, 
"MULT_R4_VALYSAR_THERYS" : -1.021755605800202, 
"MULT_R4_VALYSAR_VOLON" : -1.715000185406686, 
"MULT_R4_THERYS_VOLON" : -1.9389920084924939, 
"MULT_R5_VALYSAR_THERYS" : -5.054155551187672, 
"MULT_R5_VALYSAR_VOLON" : -0.00512188202116003, 
"MULT_R5_THERYS_VOLON" : -3.004096300472683, 
"MULT_R6_VALYSAR_THERYS" : -4.181441499923002, 
"MULT_R6_VALYSAR_VOLON" : -4.10768049524366, 
"MULT_R6_THERYS_VOLON" : -5.948952986570168, 
"MULT_R7_VALYSAR_THERYS" : -4.1529635176129975, 
"MULT_R7_VALYSAR_VOLON" : -1.4698357067918744, 
"MULT_R7_THERYS_VOLON" : -1.0498815908286363, 
"MULT_R5_THERYS_R2_ALL" : -2.5542997530437788, 
"MULT_R5_THERYS_R6_ALL" : -4.104585643485521
}, 
"RATE" : {
"WWIR_MULT_20180101_A5" : 1.0, 
"WWIR_MULT_20190101_A5" : 1.0, 
"WOPR_MULT_20180101_A1" : 1.0, 
"WWPR_MULT_20180101_A1" : 1.0, 
"WGPR_MULT_20180101_A1" : 1.0
}
}