{
"SWITCHES" : {
"DCONV_ALTERNATIVE" : 2.0, 
"HUM_MODEL_MODE" : 0.0, 
"PETROMODEL_ALTERNATIVE" : 1.0, 
"FACIESMODEL_ALTERNATIVE" : 1.0, 
"FACIES_VALYSAR_SEISCOND" : 1.0, 
"FACIES_THERYS_ALT2" : 1.0
}, 
"GLOBVAR" : {
"KVKH_CHANNEL" : 0.5323178342852819, 
"KVKH_CREVASSE" : 0.4977972093711729, 
"KVKH_US" : 0.7929323545150647, 
"KVKH_LS" : 0.5574930912149217, 
"FWL_CENTRAL" : 1672.4036004269658, 
"FWL_NORTH_HORST" : 1663.7061824563332, 
"GOC_NORTH_HORST" : 1635.1714122554042, 
"FAULT_SEAL_SCALING" : 0.7673890850623212, 
"RELPERM_INT_WO" : -0.912969346540809, 
"RELPERM_INT_GO" : -0.12605665333984095, 
"PERMREF_CHANNEL" : 1050.0, 
"PERMREF_CREAVASSE" : 100.0, 
"PERMREF_USHOREFACE" : 1200.0, 
"PERMREF_LSHOREFACE" : 40.0, 
"PERMREF_OFFSHORE" : 2.0, 
"PERMREF_FLOODPLAIN" : 1.0, 
"POROREF_CHANNEL" : 0.24, 
"POROREF_CREAVASSE" : 0.22, 
"POROREF_USHOREFACE" : 0.31, 
"POROREF_LSHOREFACE" : 0.23, 
"POROREF_OFFSHORE" : 0.1, 
"POROREF_FLOODPLAIN" : 0.13, 
"SWLHEIGHT" : 350.0, 
"SIMGRID_MINPV" : 100.0, 
"ISOTREND_ALT1W_VALYSAR" : 0.9327040100936262, 
"ISOTREND_ALT1W_THERYS" : 0.8199509539441755, 
"ISOTREND_ALT1W_VOLON" : 0.48364376678262916, 
"VALYSAR_APS_PROB_CHANNEL" : 0.3718775115608828, 
"THERYS_APS_PROB_LOWSHOREFACE" : 0.3492773928902262, 
"THERYS_APS_PROB_UPSHOREFACE" : 0.23294308764239505, 
"VOLON_APS_PROB_CHANNEL" : 0.6142475009061532, 
"VALYSAR_CHANNEL_AZIMUTH" : 70.0, 
"VALYSAR_CHANNEL_WIDTH" : 700.0, 
"VALYSAR_CHANNEL_VOLFRAC" : 0.6, 
"VOLON_FLOODPLAIN_AZIMUTH" : 0.0, 
"VOLON_FLOODPLAIN_VARIOGRAM_RANGE_PARALLEL" : 800.0, 
"VOLON_FLOODPLAIN_VARIOGRAM_RANGE_NORMAL" : 200.0, 
"VOLON_FLOODPLAIN_VOLFRAC" : 0.3, 
"VALYSAR_PORO_CHANNEL" : 0.27, 
"VALYSAR_PORO_CREVASSE" : 0.22, 
"THERYS_PORO_US" : 0.31, 
"THERYS_PORO_LS" : 0.23, 
"VOLON_PORO_CHANNEL" : 0.2, 
"VALYSAR_PERMH_CHANNEL" : 1000.0, 
"VALYSAR_PERMH_CREVASSE" : 100.0, 
"THERYS_PERMH_US" : 1200.0, 
"THERYS_PERMH_LS" : 40.0, 
"VOLON_PERMH_CHANNEL" : 1100.0
}, 
"LOG10_GLOBVAR" : {
"FAULT_SEAL_SCALING" : -0.11498438226946658
}, 
"MULTREGT" : {
"MULT_R1_VALYSAR_THERYS" : 0.0006596416139641825, 
"MULT_R1_VALYSAR_VOLON" : 0.0003798046561685477, 
"MULT_R1_THERYS_VOLON" : 9.573063634565902e-06, 
"MULT_R2_VALYSAR_THERYS" : 4.0799532001599685e-06, 
"MULT_R2_VALYSAR_VOLON" : 0.20525463953170994, 
"MULT_R2_THERYS_VOLON" : 0.2451247910550981, 
"MULT_R3_VALYSAR_THERYS" : 0.4021265176946392, 
"MULT_R3_VALYSAR_VOLON" : 0.42423842749590457, 
"MULT_R3_THERYS_VOLON" : 0.005410464168318988, 
"MULT_R4_VALYSAR_THERYS" : 0.0001844390847155843, 
"MULT_R4_VALYSAR_VOLON" : 0.1539751748076192, 
"MULT_R4_THERYS_VOLON" : 0.0006050702034273428, 
"MULT_R5_VALYSAR_THERYS" : 8.291867777908912e-06, 
"MULT_R5_VALYSAR_VOLON" : 0.012736443668855754, 
"MULT_R5_THERYS_VOLON" : 0.00016076673067708325, 
"MULT_R6_VALYSAR_THERYS" : 0.06710616072239456, 
"MULT_R6_VALYSAR_VOLON" : 0.01371935901911114, 
"MULT_R6_THERYS_VOLON" : 0.0006554953187231038, 
"MULT_R7_VALYSAR_THERYS" : 0.20599067419371345, 
"MULT_R7_VALYSAR_VOLON" : 9.289186538676458e-05, 
"MULT_R7_THERYS_VOLON" : 1.9174694028481765e-06, 
"MULT_R5_THERYS_R2_ALL" : 1.4608053059033241e-06, 
"MULT_R5_THERYS_R6_ALL" : 9.102825728203453e-05
}, 
"LOG10_MULTREGT" : {
"MULT_R1_VALYSAR_THERYS" : -3.1806919543844963, 
"MULT_R1_VALYSAR_VOLON" : -3.420439715386489, 
"MULT_R1_THERYS_VOLON" : -5.01894905421239, 
"MULT_R2_VALYSAR_THERYS" : -5.389344818534838, 
"MULT_R2_VALYSAR_VOLON" : -0.6877070173985453, 
"MULT_R2_THERYS_VOLON" : -0.6106127635175571, 
"MULT_R3_VALYSAR_THERYS" : -0.395637286984812, 
"MULT_R3_VALYSAR_VOLON" : -0.372389995664897, 
"MULT_R3_THERYS_VOLON" : -2.26676547480244, 
"MULT_R4_VALYSAR_THERYS" : -3.7341470416465, 
"MULT_R4_VALYSAR_VOLON" : -0.812549294184022, 
"MULT_R4_THERYS_VOLON" : -3.2181942332941547, 
"MULT_R5_VALYSAR_THERYS" : -5.081347631781068, 
"MULT_R5_VALYSAR_VOLON" : -1.8949518208705556, 
"MULT_R5_THERYS_VOLON" : -3.79380381988031, 
"MULT_R6_VALYSAR_THERYS" : -1.1732376073284643, 
"MULT_R6_VALYSAR_VOLON" : -1.8626661787871306, 
"MULT_R6_THERYS_VOLON" : -3.1834304055146805, 
"MULT_R7_VALYSAR_THERYS" : -0.6861524409798233, 
"MULT_R7_VALYSAR_VOLON" : -4.032022315848359, 
"MULT_R7_THERYS_VOLON" : -5.717271557381703, 
"MULT_R5_THERYS_R2_ALL" : -5.835407662372515, 
"MULT_R5_THERYS_R6_ALL" : -4.040823771671102
}, 
"RATE" : {
"WWIR_MULT_20180101_A5" : 1.0, 
"WWIR_MULT_20190101_A5" : 1.0, 
"WOPR_MULT_20180101_A1" : 1.0, 
"WWPR_MULT_20180101_A1" : 1.0, 
"WGPR_MULT_20180101_A1" : 1.0
}
}