{
"SWITCHES" : {
"DCONV_ALTERNATIVE" : 2.0, 
"HUM_MODEL_MODE" : 0.0, 
"PETROMODEL_ALTERNATIVE" : 1.0, 
"FACIESMODEL_ALTERNATIVE" : 1.0, 
"FACIES_VALYSAR_SEISCOND" : 1.0, 
"FACIES_THERYS_ALT2" : 1.0
}, 
"GLOBVAR" : {
"KVKH_CHANNEL" : 0.7196578822400241, 
"KVKH_CREVASSE" : 0.1374825642051991, 
"KVKH_US" : 0.483440791242815, 
"KVKH_LS" : 0.5055489272845849, 
"FWL_CENTRAL" : 1674.56536991406, 
"FWL_NORTH_HORST" : 1656.230897230537, 
"GOC_NORTH_HORST" : 1639.031129868512, 
"FAULT_SEAL_SCALING" : 6.376171828395696, 
"RELPERM_INT_WO" : -0.4354857940800103, 
"RELPERM_INT_GO" : -0.4024647405288474, 
"PERMREF_CHANNEL" : 1050.0, 
"PERMREF_CREAVASSE" : 100.0, 
"PERMREF_USHOREFACE" : 1200.0, 
"PERMREF_LSHOREFACE" : 40.0, 
"PERMREF_OFFSHORE" : 2.0, 
"PERMREF_FLOODPLAIN" : 1.0, 
"POROREF_CHANNEL" : 0.24, 
"POROREF_CREAVASSE" : 0.22, 
"POROREF_USHOREFACE" : 0.31, 
"POROREF_LSHOREFACE" : 0.23, 
"POROREF_OFFSHORE" : 0.1, 
"POROREF_FLOODPLAIN" : 0.13, 
"SWLHEIGHT" : 350.0, 
"SIMGRID_MINPV" : 100.0, 
"ISOTREND_ALT1W_VALYSAR" : 0.9591570812488681, 
"ISOTREND_ALT1W_THERYS" : 0.9856984875264092, 
"ISOTREND_ALT1W_VOLON" : 0.5359807811046221, 
"VALYSAR_APS_PROB_CHANNEL" : 0.2741644782548533, 
"THERYS_APS_PROB_LOWSHOREFACE" : 0.30432544679239, 
"THERYS_APS_PROB_UPSHOREFACE" : 0.18653732824222674, 
"VOLON_APS_PROB_CHANNEL" : 0.5317696420313501, 
"VALYSAR_CHANNEL_AZIMUTH" : 70.0, 
"VALYSAR_CHANNEL_WIDTH" : 700.0, 
"VALYSAR_CHANNEL_VOLFRAC" : 0.6, 
"VOLON_FLOODPLAIN_AZIMUTH" : 0.0, 
"VOLON_FLOODPLAIN_VARIOGRAM_RANGE_PARALLEL" : 800.0, 
"VOLON_FLOODPLAIN_VARIOGRAM_RANGE_NORMAL" : 200.0, 
"VOLON_FLOODPLAIN_VOLFRAC" : 0.3, 
"VALYSAR_PORO_CHANNEL" : 0.27, 
"VALYSAR_PORO_CREVASSE" : 0.22, 
"THERYS_PORO_US" : 0.31, 
"THERYS_PORO_LS" : 0.23, 
"VOLON_PORO_CHANNEL" : 0.2, 
"VALYSAR_PERMH_CHANNEL" : 1000.0, 
"VALYSAR_PERMH_CREVASSE" : 100.0, 
"THERYS_PERMH_US" : 1200.0, 
"THERYS_PERMH_LS" : 40.0, 
"VOLON_PERMH_CHANNEL" : 1100.0
}, 
"LOG10_GLOBVAR" : {
"FAULT_SEAL_SCALING" : 0.8045600121394002
}, 
"MULTREGT" : {
"MULT_R1_VALYSAR_THERYS" : 0.00011374077622736515, 
"MULT_R1_VALYSAR_VOLON" : 0.40146248928947365, 
"MULT_R1_THERYS_VOLON" : 2.1136423584072784e-05, 
"MULT_R2_VALYSAR_THERYS" : 0.00014107467112470666, 
"MULT_R2_VALYSAR_VOLON" : 0.004530499254947514, 
"MULT_R2_THERYS_VOLON" : 9.76720377901091e-05, 
"MULT_R3_VALYSAR_THERYS" : 0.18699509108076015, 
"MULT_R3_VALYSAR_VOLON" : 0.04324443159640494, 
"MULT_R3_THERYS_VOLON" : 0.553709934898318, 
"MULT_R4_VALYSAR_THERYS" : 0.0014357855620669155, 
"MULT_R4_VALYSAR_VOLON" : 7.586754308179805e-06, 
"MULT_R4_THERYS_VOLON" : 0.8047309434524083, 
"MULT_R5_VALYSAR_THERYS" : 1.626258767665509e-05, 
"MULT_R5_VALYSAR_VOLON" : 5.9576341729037707e-05, 
"MULT_R5_THERYS_VOLON" : 0.00192627749199519, 
"MULT_R6_VALYSAR_THERYS" : 2.142493301326898e-05, 
"MULT_R6_VALYSAR_VOLON" : 0.007003095841705478, 
"MULT_R6_THERYS_VOLON" : 0.1730380832301472, 
"MULT_R7_VALYSAR_THERYS" : 0.06939365671432157, 
"MULT_R7_VALYSAR_VOLON" : 0.00018168004559185295, 
"MULT_R7_THERYS_VOLON" : 0.00018114269998392328, 
"MULT_R5_THERYS_R2_ALL" : 0.0017952315345085396, 
"MULT_R5_THERYS_R6_ALL" : 0.0002343895649259785
}, 
"LOG10_MULTREGT" : {
"MULT_R1_VALYSAR_THERYS" : -3.944083812217919, 
"MULT_R1_VALYSAR_VOLON" : -0.3963550268625903, 
"MULT_R1_THERYS_VOLON" : -4.674968496172484, 
"MULT_R2_VALYSAR_THERYS" : -3.8505509534902553, 
"MULT_R2_VALYSAR_VOLON" : -2.3438539366799955, 
"MULT_R2_THERYS_VOLON" : -4.010229751241317, 
"MULT_R3_VALYSAR_THERYS" : -0.7281697942363397, 
"MULT_R3_VALYSAR_VOLON" : -1.3640698068730757, 
"MULT_R3_THERYS_VOLON" : -0.2567176841225081, 
"MULT_R4_VALYSAR_THERYS" : -2.8429104181475036, 
"MULT_R4_VALYSAR_VOLON" : -5.119943980036299, 
"MULT_R4_THERYS_VOLON" : -0.0943492988939236, 
"MULT_R5_VALYSAR_THERYS" : -4.788810349007768, 
"MULT_R5_VALYSAR_VOLON" : -4.224926168050652, 
"MULT_R5_THERYS_VOLON" : -2.715281149941737, 
"MULT_R6_VALYSAR_THERYS" : -4.669080527258352, 
"MULT_R6_VALYSAR_VOLON" : -2.154709930022278, 
"MULT_R6_THERYS_VOLON" : -0.7618583042900738, 
"MULT_R7_VALYSAR_THERYS" : -1.1586802266614888, 
"MULT_R7_VALYSAR_VOLON" : -3.7406927698039105, 
"MULT_R7_THERYS_VOLON" : -3.7419791632611386, 
"MULT_R5_THERYS_R2_ALL" : -2.7458795316679363, 
"MULT_R5_THERYS_R6_ALL" : -3.630061727107636
}, 
"RATE" : {
"WWIR_MULT_20180101_A5" : 1.0, 
"WWIR_MULT_20190101_A5" : 1.0, 
"WOPR_MULT_20180101_A1" : 1.0, 
"WWPR_MULT_20180101_A1" : 1.0, 
"WGPR_MULT_20180101_A1" : 1.0
}
}