{
"SWITCHES" : {
"DCONV_ALTERNATIVE" : 2.0, 
"HUM_MODEL_MODE" : 0.0, 
"PETROMODEL_ALTERNATIVE" : 1.0, 
"FACIESMODEL_ALTERNATIVE" : 1.0, 
"FACIES_VALYSAR_SEISCOND" : 1.0, 
"FACIES_THERYS_ALT2" : 1.0
}, 
"GLOBVAR" : {
"KVKH_CHANNEL" : 0.4834151556079091, 
"KVKH_CREVASSE" : 0.42912556674214575, 
"KVKH_US" : 0.7875771347952915, 
"KVKH_LS" : 0.8203438102380542, 
"FWL_CENTRAL" : 1680.257622903232, 
"FWL_NORTH_HORST" : 1663.356130157525, 
"GOC_NORTH_HORST" : 1637.9332110500757, 
"FAULT_SEAL_SCALING" : 0.29579591498573815, 
"RELPERM_INT_WO" : -0.7815814622837057, 
"RELPERM_INT_GO" : 0.8919042624575206, 
"PERMREF_CHANNEL" : 1050.0, 
"PERMREF_CREAVASSE" : 100.0, 
"PERMREF_USHOREFACE" : 1200.0, 
"PERMREF_LSHOREFACE" : 40.0, 
"PERMREF_OFFSHORE" : 2.0, 
"PERMREF_FLOODPLAIN" : 1.0, 
"POROREF_CHANNEL" : 0.24, 
"POROREF_CREAVASSE" : 0.22, 
"POROREF_USHOREFACE" : 0.31, 
"POROREF_LSHOREFACE" : 0.23, 
"POROREF_OFFSHORE" : 0.1, 
"POROREF_FLOODPLAIN" : 0.13, 
"SWLHEIGHT" : 350.0, 
"SIMGRID_MINPV" : 100.0, 
"ISOTREND_ALT1W_VALYSAR" : 0.9448647214464053, 
"ISOTREND_ALT1W_THERYS" : 0.9987680156117764, 
"ISOTREND_ALT1W_VOLON" : 0.5386186760075522, 
"VALYSAR_APS_PROB_CHANNEL" : 0.405608097517726, 
"THERYS_APS_PROB_LOWSHOREFACE" : 0.21290689196865556, 
"THERYS_APS_PROB_UPSHOREFACE" : 0.17430463606943217, 
"VOLON_APS_PROB_CHANNEL" : 0.5310935549080019, 
"VALYSAR_CHANNEL_AZIMUTH" : 70.0, 
"VALYSAR_CHANNEL_WIDTH" : 700.0, 
"VALYSAR_CHANNEL_VOLFRAC" : 0.6, 
"VOLON_FLOODPLAIN_AZIMUTH" : 0.0, 
"VOLON_FLOODPLAIN_VARIOGRAM_RANGE_PARALLEL" : 800.0, 
"VOLON_FLOODPLAIN_VARIOGRAM_RANGE_NORMAL" : 200.0, 
"VOLON_FLOODPLAIN_VOLFRAC" : 0.3, 
"VALYSAR_PORO_CHANNEL" : 0.27, 
"VALYSAR_PORO_CREVASSE" : 0.22, 
"THERYS_PORO_US" : 0.31, 
"THERYS_PORO_LS" : 0.23, 
"VOLON_PORO_CHANNEL" : 0.2, 
"VALYSAR_PERMH_CHANNEL" : 1000.0, 
"VALYSAR_PERMH_CREVASSE" : 100.0, 
"THERYS_PERMH_US" : 1200.0, 
"THERYS_PERMH_LS" : 40.0, 
"VOLON_PERMH_CHANNEL" : 1100.0
}, 
"LOG10_GLOBVAR" : {
"FAULT_SEAL_SCALING" : -0.5290078280112113
}, 
"MULTREGT" : {
"MULT_R1_VALYSAR_THERYS" : 0.00034816583360214537, 
"MULT_R1_VALYSAR_VOLON" : 0.000367999022325304, 
"MULT_R1_THERYS_VOLON" : 3.2512483142883355e-06, 
"MULT_R2_VALYSAR_THERYS" : 4.419484025812256e-06, 
"MULT_R2_VALYSAR_VOLON" : 0.0488472194414919, 
"MULT_R2_THERYS_VOLON" : 0.012128884051605284, 
"MULT_R3_VALYSAR_THERYS" : 0.2611696740497271, 
"MULT_R3_VALYSAR_VOLON" : 8.561320230545948e-05, 
"MULT_R3_THERYS_VOLON" : 0.0036464952974284864, 
"MULT_R4_VALYSAR_THERYS" : 2.413656459117566e-05, 
"MULT_R4_VALYSAR_VOLON" : 0.0010075029822007447, 
"MULT_R4_THERYS_VOLON" : 0.004137326073016921, 
"MULT_R5_VALYSAR_THERYS" : 5.456828699239614e-05, 
"MULT_R5_VALYSAR_VOLON" : 0.00540259547289207, 
"MULT_R5_THERYS_VOLON" : 0.00362222720524436, 
"MULT_R6_VALYSAR_THERYS" : 2.8966573908947513e-05, 
"MULT_R6_VALYSAR_VOLON" : 0.0001701847313088743, 
"MULT_R6_THERYS_VOLON" : 0.0002575772358785629, 
"MULT_R7_VALYSAR_THERYS" : 0.00026470083019261434, 
"MULT_R7_VALYSAR_VOLON" : 0.0012097760559988888, 
"MULT_R7_THERYS_VOLON" : 0.004156176875581223, 
"MULT_R5_THERYS_R2_ALL" : 3.669980652579131e-05, 
"MULT_R5_THERYS_R6_ALL" : 0.0003501246657375572
}, 
"LOG10_MULTREGT" : {
"MULT_R1_VALYSAR_THERYS" : -3.458213849548641, 
"MULT_R1_VALYSAR_VOLON" : -3.4341533351288995, 
"MULT_R1_THERYS_VOLON" : -5.487949859969608, 
"MULT_R2_VALYSAR_THERYS" : -5.354628431515832, 
"MULT_R2_VALYSAR_VOLON" : -1.3111601528374484, 
"MULT_R2_THERYS_VOLON" : -1.9161791556482628, 
"MULT_R3_VALYSAR_THERYS" : -0.5830772529615822, 
"MULT_R3_VALYSAR_VOLON" : -4.067459258146512, 
"MULT_R3_THERYS_VOLON" : -2.438124342172881, 
"MULT_R4_VALYSAR_THERYS" : -4.617324543901832, 
"MULT_R4_VALYSAR_VOLON" : -2.996753659676768, 
"MULT_R4_THERYS_VOLON" : -2.383280249921163, 
"MULT_R5_VALYSAR_THERYS" : -4.263059679374756, 
"MULT_R5_VALYSAR_VOLON" : -2.2673975496675194, 
"MULT_R5_THERYS_VOLON" : -2.4410243119211477, 
"MULT_R6_VALYSAR_THERYS" : -4.538102868980895, 
"MULT_R6_VALYSAR_VOLON" : -3.7690794066824465, 
"MULT_R6_THERYS_VOLON" : -3.5890925216273613, 
"MULT_R7_VALYSAR_THERYS" : -3.577244696600027, 
"MULT_R7_VALYSAR_VOLON" : -2.9172950153407053, 
"MULT_R7_THERYS_VOLON" : -2.381305978329888, 
"MULT_R5_THERYS_R2_ALL" : -4.435336225257521, 
"MULT_R5_THERYS_R6_ALL" : -3.4557772927871646
}, 
"RATE" : {
"WWIR_MULT_20180101_A5" : 1.0, 
"WWIR_MULT_20190101_A5" : 1.0, 
"WOPR_MULT_20180101_A1" : 1.0, 
"WWPR_MULT_20180101_A1" : 1.0, 
"WGPR_MULT_20180101_A1" : 1.0
}
}