{
"SWITCHES" : {
"DCONV_ALTERNATIVE" : 2.0, 
"HUM_MODEL_MODE" : 0.0, 
"PETROMODEL_ALTERNATIVE" : 1.0, 
"FACIESMODEL_ALTERNATIVE" : 1.0, 
"FACIES_VALYSAR_SEISCOND" : 1.0, 
"FACIES_THERYS_ALT2" : 1.0
}, 
"GLOBVAR" : {
"KVKH_CHANNEL" : 0.5184789456708362, 
"KVKH_CREVASSE" : 0.3449446305348922, 
"KVKH_US" : 0.7554619819475572, 
"KVKH_LS" : 0.7859417971990275, 
"FWL_CENTRAL" : 1677.7820266275673, 
"FWL_NORTH_HORST" : 1659.4241473490233, 
"GOC_NORTH_HORST" : 1640.1126466242742, 
"FAULT_SEAL_SCALING" : 5.330896820621876, 
"RELPERM_INT_WO" : 0.7848385434519398, 
"RELPERM_INT_GO" : 0.8323610042003167, 
"PERMREF_CHANNEL" : 1050.0, 
"PERMREF_CREAVASSE" : 100.0, 
"PERMREF_USHOREFACE" : 1200.0, 
"PERMREF_LSHOREFACE" : 40.0, 
"PERMREF_OFFSHORE" : 2.0, 
"PERMREF_FLOODPLAIN" : 1.0, 
"POROREF_CHANNEL" : 0.24, 
"POROREF_CREAVASSE" : 0.22, 
"POROREF_USHOREFACE" : 0.31, 
"POROREF_LSHOREFACE" : 0.23, 
"POROREF_OFFSHORE" : 0.1, 
"POROREF_FLOODPLAIN" : 0.13, 
"SWLHEIGHT" : 350.0, 
"SIMGRID_MINPV" : 100.0, 
"ISOTREND_ALT1W_VALYSAR" : 0.8592060495495532, 
"ISOTREND_ALT1W_THERYS" : 0.8644113570157949, 
"ISOTREND_ALT1W_VOLON" : 0.42306434454973685, 
"VALYSAR_APS_PROB_CHANNEL" : 0.2781104631461272, 
"THERYS_APS_PROB_LOWSHOREFACE" : 0.27866439382105274, 
"THERYS_APS_PROB_UPSHOREFACE" : 0.19570471650099663, 
"VOLON_APS_PROB_CHANNEL" : 0.6797105508597735, 
"VALYSAR_CHANNEL_AZIMUTH" : 70.0, 
"VALYSAR_CHANNEL_WIDTH" : 700.0, 
"VALYSAR_CHANNEL_VOLFRAC" : 0.6, 
"VOLON_FLOODPLAIN_AZIMUTH" : 0.0, 
"VOLON_FLOODPLAIN_VARIOGRAM_RANGE_PARALLEL" : 800.0, 
"VOLON_FLOODPLAIN_VARIOGRAM_RANGE_NORMAL" : 200.0, 
"VOLON_FLOODPLAIN_VOLFRAC" : 0.3, 
"VALYSAR_PORO_CHANNEL" : 0.27, 
"VALYSAR_PORO_CREVASSE" : 0.22, 
"THERYS_PORO_US" : 0.31, 
"THERYS_PORO_LS" : 0.23, 
"VOLON_PORO_CHANNEL" : 0.2, 
"VALYSAR_PERMH_CHANNEL" : 1000.0, 
"VALYSAR_PERMH_CREVASSE" : 100.0, 
"THERYS_PERMH_US" : 1200.0, 
"THERYS_PERMH_LS" : 40.0, 
"VOLON_PERMH_CHANNEL" : 1100.0
}, 
"LOG10_GLOBVAR" : {
"FAULT_SEAL_SCALING" : 0.7268002768471898
}, 
"MULTREGT" : {
"MULT_R1_VALYSAR_THERYS" : 0.09199191756847092, 
"MULT_R1_VALYSAR_VOLON" : 2.362756493768183e-06, 
"MULT_R1_THERYS_VOLON" : 0.0001958516166404828, 
"MULT_R2_VALYSAR_THERYS" : 0.17652070906572748, 
"MULT_R2_VALYSAR_VOLON" : 1.6084666989543092e-05, 
"MULT_R2_THERYS_VOLON" : 0.007364627184535842, 
"MULT_R3_VALYSAR_THERYS" : 2.422181348203768e-06, 
"MULT_R3_VALYSAR_VOLON" : 0.004694969127942723, 
"MULT_R3_THERYS_VOLON" : 6.906860468541678e-05, 
"MULT_R4_VALYSAR_THERYS" : 0.00013093021756611616, 
"MULT_R4_VALYSAR_VOLON" : 0.10978808639783656, 
"MULT_R4_THERYS_VOLON" : 0.0978382027318746, 
"MULT_R5_VALYSAR_THERYS" : 0.0009507727272660301, 
"MULT_R5_VALYSAR_VOLON" : 0.5288955253241463, 
"MULT_R5_THERYS_VOLON" : 3.676308173101998e-06, 
"MULT_R6_VALYSAR_THERYS" : 0.004921022762964934, 
"MULT_R6_VALYSAR_VOLON" : 0.003049001891171529, 
"MULT_R6_THERYS_VOLON" : 0.00874651164317596, 
"MULT_R7_VALYSAR_THERYS" : 0.0040403015843974545, 
"MULT_R7_VALYSAR_VOLON" : 3.282185302319305e-05, 
"MULT_R7_THERYS_VOLON" : 0.3586605074370702, 
"MULT_R5_THERYS_R2_ALL" : 0.0042317987944865436, 
"MULT_R5_THERYS_R6_ALL" : 1.8981947035221082e-06
}, 
"LOG10_MULTREGT" : {
"MULT_R1_VALYSAR_THERYS" : -1.0362503281936888, 
"MULT_R1_VALYSAR_VOLON" : -5.626581034551331, 
"MULT_R1_THERYS_VOLON" : -3.708072839254521, 
"MULT_R2_VALYSAR_THERYS" : -0.7532043367045965, 
"MULT_R2_VALYSAR_VOLON" : -4.793587926126697, 
"MULT_R2_THERYS_VOLON" : -2.132849233315168, 
"MULT_R3_VALYSAR_THERYS" : -5.615793344439949, 
"MULT_R3_VALYSAR_VOLON" : -2.3283672591184668, 
"MULT_R3_THERYS_VOLON" : -4.160719317463448, 
"MULT_R4_VALYSAR_THERYS" : -3.8829601104566587, 
"MULT_R4_VALYSAR_VOLON" : -0.9594447845889936, 
"MULT_R4_THERYS_VOLON" : -1.0094915338008645, 
"MULT_R5_VALYSAR_THERYS" : -3.021923284419399, 
"MULT_R5_VALYSAR_VOLON" : -0.2766301072772005, 
"MULT_R5_THERYS_VOLON" : -5.434588090248953, 
"MULT_R6_VALYSAR_THERYS" : -2.307944626063826, 
"MULT_R6_VALYSAR_VOLON" : -2.5158423062593798, 
"MULT_R6_THERYS_VOLON" : -2.0581651213990293, 
"MULT_R7_VALYSAR_THERYS" : -2.3935862161885986, 
"MULT_R7_VALYSAR_VOLON" : -4.483836903629359, 
"MULT_R7_THERYS_VOLON" : -0.44531644140712034, 
"MULT_R5_THERYS_R2_ALL" : -2.3734749894893015, 
"MULT_R5_THERYS_R6_ALL" : -5.721659242736759
}, 
"RATE" : {
"WWIR_MULT_20180101_A5" : 1.0, 
"WWIR_MULT_20190101_A5" : 1.0, 
"WOPR_MULT_20180101_A1" : 1.0, 
"WWPR_MULT_20180101_A1" : 1.0, 
"WGPR_MULT_20180101_A1" : 1.0
}
}