{
"SWITCHES" : {
"DCONV_ALTERNATIVE" : 2.0, 
"HUM_MODEL_MODE" : 0.0, 
"PETROMODEL_ALTERNATIVE" : 1.0, 
"FACIESMODEL_ALTERNATIVE" : 1.0, 
"FACIES_VALYSAR_SEISCOND" : 1.0, 
"FACIES_THERYS_ALT2" : 1.0
}, 
"GLOBVAR" : {
"KVKH_CHANNEL" : 0.5608937809310705, 
"KVKH_CREVASSE" : 0.27624927932190224, 
"KVKH_US" : 0.5279852528577286, 
"KVKH_LS" : 0.6506465089831737, 
"FWL_CENTRAL" : 1675.4700773644004, 
"FWL_NORTH_HORST" : 1660.9698380940429, 
"GOC_NORTH_HORST" : 1643.2001287260682, 
"FAULT_SEAL_SCALING" : 0.2537886861551726, 
"RELPERM_INT_WO" : 0.1596861606984532, 
"RELPERM_INT_GO" : 0.9638043449483638, 
"PERMREF_CHANNEL" : 1050.0, 
"PERMREF_CREAVASSE" : 100.0, 
"PERMREF_USHOREFACE" : 1200.0, 
"PERMREF_LSHOREFACE" : 40.0, 
"PERMREF_OFFSHORE" : 2.0, 
"PERMREF_FLOODPLAIN" : 1.0, 
"POROREF_CHANNEL" : 0.24, 
"POROREF_CREAVASSE" : 0.22, 
"POROREF_USHOREFACE" : 0.31, 
"POROREF_LSHOREFACE" : 0.23, 
"POROREF_OFFSHORE" : 0.1, 
"POROREF_FLOODPLAIN" : 0.13, 
"SWLHEIGHT" : 350.0, 
"SIMGRID_MINPV" : 100.0, 
"ISOTREND_ALT1W_VALYSAR" : 0.9749056561147322, 
"ISOTREND_ALT1W_THERYS" : 0.9521746029976744, 
"ISOTREND_ALT1W_VOLON" : 0.5888520105129864, 
"VALYSAR_APS_PROB_CHANNEL" : 0.4371936266006814, 
"THERYS_APS_PROB_LOWSHOREFACE" : 0.22768820119723326, 
"THERYS_APS_PROB_UPSHOREFACE" : 0.236284924648958, 
"VOLON_APS_PROB_CHANNEL" : 0.6485915984121485, 
"VALYSAR_CHANNEL_AZIMUTH" : 70.0, 
"VALYSAR_CHANNEL_WIDTH" : 700.0, 
"VALYSAR_CHANNEL_VOLFRAC" : 0.6, 
"VOLON_FLOODPLAIN_AZIMUTH" : 0.0, 
"VOLON_FLOODPLAIN_VARIOGRAM_RANGE_PARALLEL" : 800.0, 
"VOLON_FLOODPLAIN_VARIOGRAM_RANGE_NORMAL" : 200.0, 
"VOLON_FLOODPLAIN_VOLFRAC" : 0.3, 
"VALYSAR_PORO_CHANNEL" : 0.27, 
"VALYSAR_PORO_CREVASSE" : 0.22, 
"THERYS_PORO_US" : 0.31, 
"THERYS_PORO_LS" : 0.23, 
"VOLON_PORO_CHANNEL" : 0.2, 
"VALYSAR_PERMH_CHANNEL" : 1000.0, 
"VALYSAR_PERMH_CREVASSE" : 100.0, 
"THERYS_PERMH_US" : 1200.0, 
"THERYS_PERMH_LS" : 40.0, 
"VOLON_PERMH_CHANNEL" : 1100.0
}, 
"LOG10_GLOBVAR" : {
"FAULT_SEAL_SCALING" : -0.5955277425640023
}, 
"MULTREGT" : {
"MULT_R1_VALYSAR_THERYS" : 1.5215731380165459e-06, 
"MULT_R1_VALYSAR_VOLON" : 0.18569691195926455, 
"MULT_R1_THERYS_VOLON" : 0.0018488686569974424, 
"MULT_R2_VALYSAR_THERYS" : 0.14554996400893566, 
"MULT_R2_VALYSAR_VOLON" : 0.6488185512097912, 
"MULT_R2_THERYS_VOLON" : 3.147511617313265e-05, 
"MULT_R3_VALYSAR_THERYS" : 4.099266535757233e-05, 
"MULT_R3_VALYSAR_VOLON" : 0.11423413732106662, 
"MULT_R3_THERYS_VOLON" : 0.00022546844934307115, 
"MULT_R4_VALYSAR_THERYS" : 0.33963958125444554, 
"MULT_R4_VALYSAR_VOLON" : 0.10965130367949508, 
"MULT_R4_THERYS_VOLON" : 1.2041472235454085e-06, 
"MULT_R5_VALYSAR_THERYS" : 9.988020060857741e-05, 
"MULT_R5_VALYSAR_VOLON" : 3.611801796200742e-05, 
"MULT_R5_THERYS_VOLON" : 1.286999576337123e-06, 
"MULT_R6_VALYSAR_THERYS" : 7.50899686124741e-06, 
"MULT_R6_VALYSAR_VOLON" : 0.13770897617557443, 
"MULT_R6_THERYS_VOLON" : 0.7566195372777786, 
"MULT_R7_VALYSAR_THERYS" : 1.9429269767267933e-06, 
"MULT_R7_VALYSAR_VOLON" : 3.3661918114339635e-06, 
"MULT_R7_THERYS_VOLON" : 0.05684928145318439, 
"MULT_R5_THERYS_R2_ALL" : 0.002420647704198431, 
"MULT_R5_THERYS_R6_ALL" : 8.312134560811642e-05
}, 
"LOG10_MULTREGT" : {
"MULT_R1_VALYSAR_THERYS" : -5.817707167411236, 
"MULT_R1_VALYSAR_VOLON" : -0.73119531828608, 
"MULT_R1_THERYS_VOLON" : -2.7330939398777683, 
"MULT_R2_VALYSAR_THERYS" : -0.8369878976159129, 
"MULT_R2_VALYSAR_VOLON" : -0.18787674114452022, 
"MULT_R2_THERYS_VOLON" : -4.502032658257197, 
"MULT_R3_VALYSAR_THERYS" : -4.3872938427849135, 
"MULT_R3_VALYSAR_VOLON" : -0.9422040936845371, 
"MULT_R3_THERYS_VOLON" : -3.646914222011589, 
"MULT_R4_VALYSAR_THERYS" : -0.4689817032375502, 
"MULT_R4_VALYSAR_VOLON" : -0.9599862004894667, 
"MULT_R4_THERYS_VOLON" : -5.919320411363455, 
"MULT_R5_VALYSAR_THERYS" : -4.000520594042849, 
"MULT_R5_VALYSAR_VOLON" : -4.442276090356906, 
"MULT_R5_THERYS_VOLON" : -5.890421596059467, 
"MULT_R6_VALYSAR_THERYS" : -5.124418077206701, 
"MULT_R6_VALYSAR_VOLON" : -0.8610377505457794, 
"MULT_R6_THERYS_VOLON" : -0.12112244863357127, 
"MULT_R7_VALYSAR_THERYS" : -5.711543521685632, 
"MULT_R7_VALYSAR_VOLON" : -5.472861140804066, 
"MULT_R7_THERYS_VOLON" : -1.245275020209125, 
"MULT_R5_THERYS_R2_ALL" : -2.616068412233497, 
"MULT_R5_THERYS_R6_ALL" : -4.0802874348270874
}, 
"RATE" : {
"WWIR_MULT_20180101_A5" : 1.0, 
"WWIR_MULT_20190101_A5" : 1.0, 
"WOPR_MULT_20180101_A1" : 1.0, 
"WWPR_MULT_20180101_A1" : 1.0, 
"WGPR_MULT_20180101_A1" : 1.0
}
}