{
"SWITCHES" : {
"DCONV_ALTERNATIVE" : 2.0, 
"HUM_MODEL_MODE" : 0.0, 
"PETROMODEL_ALTERNATIVE" : 1.0, 
"FACIESMODEL_ALTERNATIVE" : 1.0, 
"FACIES_VALYSAR_SEISCOND" : 1.0, 
"FACIES_THERYS_ALT2" : 1.0
}, 
"GLOBVAR" : {
"KVKH_CHANNEL" : 0.7885447232818092, 
"KVKH_CREVASSE" : 0.23638980913401253, 
"KVKH_US" : 0.747088785708271, 
"KVKH_LS" : 0.7981566462790778, 
"FWL_CENTRAL" : 1676.2734285848549, 
"FWL_NORTH_HORST" : 1664.0466949505226, 
"GOC_NORTH_HORST" : 1636.105723589124, 
"FAULT_SEAL_SCALING" : 0.6207517625732085, 
"RELPERM_INT_WO" : 0.21922906713374912, 
"RELPERM_INT_GO" : 0.9948213209499268, 
"PERMREF_CHANNEL" : 1050.0, 
"PERMREF_CREAVASSE" : 100.0, 
"PERMREF_USHOREFACE" : 1200.0, 
"PERMREF_LSHOREFACE" : 40.0, 
"PERMREF_OFFSHORE" : 2.0, 
"PERMREF_FLOODPLAIN" : 1.0, 
"POROREF_CHANNEL" : 0.24, 
"POROREF_CREAVASSE" : 0.22, 
"POROREF_USHOREFACE" : 0.31, 
"POROREF_LSHOREFACE" : 0.23, 
"POROREF_OFFSHORE" : 0.1, 
"POROREF_FLOODPLAIN" : 0.13, 
"SWLHEIGHT" : 350.0, 
"SIMGRID_MINPV" : 100.0, 
"ISOTREND_ALT1W_VALYSAR" : 0.8779139939838979, 
"ISOTREND_ALT1W_THERYS" : 0.9587722516626725, 
"ISOTREND_ALT1W_VOLON" : 0.5339935772074864, 
"VALYSAR_APS_PROB_CHANNEL" : 0.31678308164211116, 
"THERYS_APS_PROB_LOWSHOREFACE" : 0.281805254215891, 
"THERYS_APS_PROB_UPSHOREFACE" : 0.29635303562821863, 
"VOLON_APS_PROB_CHANNEL" : 0.5492625733924431, 
"VALYSAR_CHANNEL_AZIMUTH" : 70.0, 
"VALYSAR_CHANNEL_WIDTH" : 700.0, 
"VALYSAR_CHANNEL_VOLFRAC" : 0.6, 
"VOLON_FLOODPLAIN_AZIMUTH" : 0.0, 
"VOLON_FLOODPLAIN_VARIOGRAM_RANGE_PARALLEL" : 800.0, 
"VOLON_FLOODPLAIN_VARIOGRAM_RANGE_NORMAL" : 200.0, 
"VOLON_FLOODPLAIN_VOLFRAC" : 0.3, 
"VALYSAR_PORO_CHANNEL" : 0.27, 
"VALYSAR_PORO_CREVASSE" : 0.22, 
"THERYS_PORO_US" : 0.31, 
"THERYS_PORO_LS" : 0.23, 
"VOLON_PORO_CHANNEL" : 0.2, 
"VALYSAR_PERMH_CHANNEL" : 1000.0, 
"VALYSAR_PERMH_CREVASSE" : 100.0, 
"THERYS_PERMH_US" : 1200.0, 
"THERYS_PERMH_LS" : 40.0, 
"VOLON_PERMH_CHANNEL" : 1100.0
}, 
"LOG10_GLOBVAR" : {
"FAULT_SEAL_SCALING" : -0.2070820386284417
}, 
"MULTREGT" : {
"MULT_R1_VALYSAR_THERYS" : 0.045822992546985124, 
"MULT_R1_VALYSAR_VOLON" : 0.030018126873878535, 
"MULT_R1_THERYS_VOLON" : 2.5789477178496204e-06, 
"MULT_R2_VALYSAR_THERYS" : 4.7500758699577114e-06, 
"MULT_R2_VALYSAR_VOLON" : 0.00019121546518355574, 
"MULT_R2_THERYS_VOLON" : 0.023660736519786594, 
"MULT_R3_VALYSAR_THERYS" : 0.19333437986689608, 
"MULT_R3_VALYSAR_VOLON" : 0.38567401477745755, 
"MULT_R3_THERYS_VOLON" : 0.021542770106180213, 
"MULT_R4_VALYSAR_THERYS" : 0.15156803981458122, 
"MULT_R4_VALYSAR_VOLON" : 0.00957830066256028, 
"MULT_R4_THERYS_VOLON" : 0.04335104306921709, 
"MULT_R5_VALYSAR_THERYS" : 0.00010929098628928036, 
"MULT_R5_VALYSAR_VOLON" : 0.05757960634026007, 
"MULT_R5_THERYS_VOLON" : 0.00014728653555693596, 
"MULT_R6_VALYSAR_THERYS" : 0.12724308774324009, 
"MULT_R6_VALYSAR_VOLON" : 1.4147492560315714e-06, 
"MULT_R6_THERYS_VOLON" : 6.352181198366267e-05, 
"MULT_R7_VALYSAR_THERYS" : 1.8821550325500876e-06, 
"MULT_R7_VALYSAR_VOLON" : 4.882570706171141e-05, 
"MULT_R7_THERYS_VOLON" : 3.621570256292754e-06, 
"MULT_R5_THERYS_R2_ALL" : 0.00023777283264541762, 
"MULT_R5_THERYS_R6_ALL" : 9.467645183622445e-06
}, 
"LOG10_MULTREGT" : {
"MULT_R1_VALYSAR_THERYS" : -1.3389165518946842, 
"MULT_R1_VALYSAR_VOLON" : -1.5226164111506664, 
"MULT_R1_THERYS_VOLON" : -5.5885574620805825, 
"MULT_R2_VALYSAR_THERYS" : -5.323299453608643, 
"MULT_R2_VALYSAR_VOLON" : -3.7184769856359368, 
"MULT_R2_THERYS_VOLON" : -1.6259717406252219, 
"MULT_R3_VALYSAR_THERYS" : -0.7136909102816149, 
"MULT_R3_VALYSAR_VOLON" : -0.41377962122970746, 
"MULT_R3_THERYS_VOLON" : -1.6666984531049982, 
"MULT_R4_VALYSAR_THERYS" : -0.8193923659564228, 
"MULT_R4_VALYSAR_VOLON" : -2.0187115345891478, 
"MULT_R4_THERYS_VOLON" : -1.3630004485048326, 
"MULT_R5_VALYSAR_THERYS" : -3.9614156547588966, 
"MULT_R5_VALYSAR_VOLON" : -1.2397313086284338, 
"MULT_R5_THERYS_VOLON" : -3.831836953093536, 
"MULT_R6_VALYSAR_THERYS" : -0.8953658006336775, 
"MULT_R6_VALYSAR_VOLON" : -5.849320525773244, 
"MULT_R6_THERYS_VOLON" : -4.1970771219902465, 
"MULT_R7_VALYSAR_THERYS" : -5.7253446067281155, 
"MULT_R7_VALYSAR_VOLON" : -4.311351458828101, 
"MULT_R7_THERYS_VOLON" : -5.4411030853288445, 
"MULT_R5_THERYS_R2_ALL" : -3.6238377683304432, 
"MULT_R5_THERYS_R6_ALL" : -5.023758026374799
}, 
"RATE" : {
"WWIR_MULT_20180101_A5" : 1.0, 
"WWIR_MULT_20190101_A5" : 1.0, 
"WOPR_MULT_20180101_A1" : 1.0, 
"WWPR_MULT_20180101_A1" : 1.0, 
"WGPR_MULT_20180101_A1" : 1.0
}
}