{
"SWITCHES" : {
"DCONV_ALTERNATIVE" : 2.0, 
"HUM_MODEL_MODE" : 0.0, 
"PETROMODEL_ALTERNATIVE" : 1.0, 
"FACIESMODEL_ALTERNATIVE" : 1.0, 
"FACIES_VALYSAR_SEISCOND" : 1.0, 
"FACIES_THERYS_ALT2" : 1.0
}, 
"GLOBVAR" : {
"KVKH_CHANNEL" : 0.6538586635232155, 
"KVKH_CREVASSE" : 0.16974662953135827, 
"KVKH_US" : 0.5328988675370332, 
"KVKH_LS" : 0.5796119598180834, 
"FWL_CENTRAL" : 1673.0193191771962, 
"FWL_NORTH_HORST" : 1658.2517025332093, 
"GOC_NORTH_HORST" : 1643.3104195964925, 
"FAULT_SEAL_SCALING" : 4.055855583322296, 
"RELPERM_INT_WO" : 0.7749754665099584, 
"RELPERM_INT_GO" : -0.4603245415356835, 
"PERMREF_CHANNEL" : 1050.0, 
"PERMREF_CREAVASSE" : 100.0, 
"PERMREF_USHOREFACE" : 1200.0, 
"PERMREF_LSHOREFACE" : 40.0, 
"PERMREF_OFFSHORE" : 2.0, 
"PERMREF_FLOODPLAIN" : 1.0, 
"POROREF_CHANNEL" : 0.24, 
"POROREF_CREAVASSE" : 0.22, 
"POROREF_USHOREFACE" : 0.31, 
"POROREF_LSHOREFACE" : 0.23, 
"POROREF_OFFSHORE" : 0.1, 
"POROREF_FLOODPLAIN" : 0.13, 
"SWLHEIGHT" : 350.0, 
"SIMGRID_MINPV" : 100.0, 
"ISOTREND_ALT1W_VALYSAR" : 0.8978151574471838, 
"ISOTREND_ALT1W_THERYS" : 0.9031558811230533, 
"ISOTREND_ALT1W_VOLON" : 0.41027059805513666, 
"VALYSAR_APS_PROB_CHANNEL" : 0.35007172337607406, 
"THERYS_APS_PROB_LOWSHOREFACE" : 0.2795456802337537, 
"THERYS_APS_PROB_UPSHOREFACE" : 0.2902026220420063, 
"VOLON_APS_PROB_CHANNEL" : 0.6586927322218494, 
"VALYSAR_CHANNEL_AZIMUTH" : 70.0, 
"VALYSAR_CHANNEL_WIDTH" : 700.0, 
"VALYSAR_CHANNEL_VOLFRAC" : 0.6, 
"VOLON_FLOODPLAIN_AZIMUTH" : 0.0, 
"VOLON_FLOODPLAIN_VARIOGRAM_RANGE_PARALLEL" : 800.0, 
"VOLON_FLOODPLAIN_VARIOGRAM_RANGE_NORMAL" : 200.0, 
"VOLON_FLOODPLAIN_VOLFRAC" : 0.3, 
"VALYSAR_PORO_CHANNEL" : 0.27, 
"VALYSAR_PORO_CREVASSE" : 0.22, 
"THERYS_PORO_US" : 0.31, 
"THERYS_PORO_LS" : 0.23, 
"VOLON_PORO_CHANNEL" : 0.2, 
"VALYSAR_PERMH_CHANNEL" : 1000.0, 
"VALYSAR_PERMH_CREVASSE" : 100.0, 
"THERYS_PERMH_US" : 1200.0, 
"THERYS_PERMH_LS" : 40.0, 
"VOLON_PERMH_CHANNEL" : 1100.0
}, 
"LOG10_GLOBVAR" : {
"FAULT_SEAL_SCALING" : 0.6080824826953901
}, 
"MULTREGT" : {
"MULT_R1_VALYSAR_THERYS" : 0.20644161375165068, 
"MULT_R1_VALYSAR_VOLON" : 1.0932372225334729e-05, 
"MULT_R1_THERYS_VOLON" : 0.13173439907995424, 
"MULT_R2_VALYSAR_THERYS" : 5.950634109597628e-05, 
"MULT_R2_VALYSAR_VOLON" : 9.849772462877176e-05, 
"MULT_R2_THERYS_VOLON" : 0.007042604254901492, 
"MULT_R3_VALYSAR_THERYS" : 0.0015616677767556731, 
"MULT_R3_VALYSAR_VOLON" : 0.6132049235416553, 
"MULT_R3_THERYS_VOLON" : 0.39254884480409785, 
"MULT_R4_VALYSAR_THERYS" : 0.16506910113863438, 
"MULT_R4_VALYSAR_VOLON" : 0.0012321862223192614, 
"MULT_R4_THERYS_VOLON" : 0.18599666692544398, 
"MULT_R5_VALYSAR_THERYS" : 0.0006037373184620718, 
"MULT_R5_VALYSAR_VOLON" : 0.027058632158049416, 
"MULT_R5_THERYS_VOLON" : 1.3944375449133478e-06, 
"MULT_R6_VALYSAR_THERYS" : 1.5636894074335864e-06, 
"MULT_R6_VALYSAR_VOLON" : 0.9305065229283457, 
"MULT_R6_THERYS_VOLON" : 0.012156924576389082, 
"MULT_R7_VALYSAR_THERYS" : 0.10176990744877683, 
"MULT_R7_VALYSAR_VOLON" : 0.0020881098329552017, 
"MULT_R7_THERYS_VOLON" : 0.0017933600429697228, 
"MULT_R5_THERYS_R2_ALL" : 0.001202805817501176, 
"MULT_R5_THERYS_R6_ALL" : 1.2726250223563574e-05
}, 
"LOG10_MULTREGT" : {
"MULT_R1_VALYSAR_THERYS" : -0.6852027547139933, 
"MULT_R1_VALYSAR_VOLON" : -4.961285589872091, 
"MULT_R1_THERYS_VOLON" : -0.880300805296954, 
"MULT_R2_VALYSAR_THERYS" : -4.225436752653698, 
"MULT_R2_VALYSAR_VOLON" : -4.006573801914393, 
"MULT_R2_THERYS_VOLON" : -2.1522667152341595, 
"MULT_R3_VALYSAR_THERYS" : -2.8064113507837893, 
"MULT_R3_VALYSAR_VOLON" : -0.21239436676875825, 
"MULT_R3_THERYS_VOLON" : -0.4061062963478565, 
"MULT_R4_VALYSAR_THERYS" : -0.7823342135988847, 
"MULT_R4_VALYSAR_VOLON" : -2.9093236515758587, 
"MULT_R4_THERYS_VOLON" : -0.730494838302822, 
"MULT_R5_VALYSAR_THERYS" : -3.219151978525792, 
"MULT_R5_VALYSAR_VOLON" : -1.567694161220503, 
"MULT_R5_THERYS_VOLON" : -5.855600932460615, 
"MULT_R6_VALYSAR_THERYS" : -5.805849505773075, 
"MULT_R6_VALYSAR_VOLON" : -0.031280578081997606, 
"MULT_R6_THERYS_VOLON" : -1.9151762777304384, 
"MULT_R7_VALYSAR_THERYS" : -0.9923806204369426, 
"MULT_R7_VALYSAR_VOLON" : -2.6802466615165828, 
"MULT_R7_THERYS_VOLON" : -2.7463325107848817, 
"MULT_R5_THERYS_R2_ALL" : -2.9198044800539362, 
"MULT_R5_THERYS_R6_ALL" : -4.8952995419166605
}, 
"RATE" : {
"WWIR_MULT_20180101_A5" : 1.0, 
"WWIR_MULT_20190101_A5" : 1.0, 
"WOPR_MULT_20180101_A1" : 1.0, 
"WWPR_MULT_20180101_A1" : 1.0, 
"WGPR_MULT_20180101_A1" : 1.0
}
}